0 verbose cli C:\Program Files\nodejs\node.exe C:\Program Files\nodejs\node_modules\npm\bin\npm-cli.js
1 info using npm@11.16.0
2 info using node@v24.18.1
3 silly config load:file:C:\Program Files\nodejs\node_modules\npm\npmrc
4 silly config load:file:C:\Users\hp\Documents\consignment-tracking-system\.npmrc
5 silly config load:file:C:\Users\hp\.npmrc
6 silly config load:file:C:\Users\hp\AppData\Roaming\npm\etc\npmrc
7 verbose title npm install prisma
8 verbose argv "install" "--save-dev" "prisma" "--cache" ".npm-cache"
9 verbose logfile logs-max:10 dir:C:\Users\hp\Documents\consignment-tracking-system\.npm-cache\_logs\2026-08-27T14_01_40_865Z-
10 verbose logfile C:\Users\hp\Documents\consignment-tracking-system\.npm-cache\_logs\2026-08-27T14_01_40_865Z-debug-0.log
11 silly logfile done cleaning log files
12 silly packumentCache heap:2348810240 maxSize:587202560 maxEntrySize:293601280
13 silly idealTree buildDeps
14 silly fetch manifest prisma@*
15 silly packumentCache full:https://registry.npmjs.org/prisma cache-miss
16 http cache https://registry.npmjs.org/prisma 1141ms (cache hit)
17 silly packumentCache full:https://registry.npmjs.org/prisma set size:43783434 disposed:false
18 silly placeDep ROOT prisma@8.0.0-rc.12 OK for: consignment-tracking-system@0.1.0 want: *
19 silly fetch manifest open@^11.0.0
20 silly packumentCache full:https://registry.npmjs.org/open cache-miss
21 silly fetch manifest execa@^9.6.1
22 silly packumentCache full:https://registry.npmjs.org/execa cache-miss
23 silly fetch manifest dotenv@^17.4.2
24 silly packumentCache full:https://registry.npmjs.org/dotenv cache-miss
25 http fetch GET 200 https://registry.npmjs.org/open 1366ms (cache miss)
26 silly packumentCache full:https://registry.npmjs.org/open set size:undefined disposed:false
27 silly fetch manifest better-result@^2.9.2
28 silly packumentCache full:https://registry.npmjs.org/better-result cache-miss
29 http fetch GET 200 https://registry.npmjs.org/execa 1367ms (cache miss)
30 silly packumentCache full:https://registry.npmjs.org/execa set size:undefined disposed:false
31 silly fetch manifest @manypkg/tools@^2.1.2
32 silly packumentCache full:https://registry.npmjs.org/@manypkg%2ftools cache-miss
33 http fetch GET 200 https://registry.npmjs.org/dotenv 1476ms (cache miss)
34 silly packumentCache full:https://registry.npmjs.org/dotenv set size:undefined disposed:false
35 silly fetch manifest @prisma/cli-engine@0.3.0
36 silly packumentCache full:https://registry.npmjs.org/@prisma%2fcli-engine cache-miss
37 http fetch GET 200 https://registry.npmjs.org/better-result 350ms (cache miss)
38 silly packumentCache full:https://registry.npmjs.org/better-result set size:undefined disposed:false
39 silly fetch manifest @prisma/compute-sdk@0.42.0
40 silly packumentCache full:https://registry.npmjs.org/@prisma%2fcompute-sdk cache-miss
41 http fetch GET 200 https://registry.npmjs.org/@prisma%2fcli-engine 273ms (cache miss)
42 silly packumentCache full:https://registry.npmjs.org/@prisma%2fcli-engine set size:undefined disposed:false
43 silly fetch manifest @prisma/composer-cli@0.16.0
44 silly packumentCache full:https://registry.npmjs.org/@prisma%2fcomposer-cli cache-miss
45 http fetch GET 200 https://registry.npmjs.org/@manypkg%2ftools 332ms (cache miss)
46 silly packumentCache full:https://registry.npmjs.org/@manypkg%2ftools set size:undefined disposed:false
47 silly fetch manifest @vercel/detect-agent@^1.2.3
48 silly packumentCache full:https://registry.npmjs.org/@vercel%2fdetect-agent cache-miss
49 http fetch GET 200 https://registry.npmjs.org/@prisma%2fcompute-sdk 266ms (cache miss)
50 silly packumentCache full:https://registry.npmjs.org/@prisma%2fcompute-sdk set size:undefined disposed:false
51 silly fetch manifest @prisma/orm-toolchain@8.0.0-rc.8
52 silly packumentCache full:https://registry.npmjs.org/@prisma%2form-toolchain cache-miss
53 http fetch GET 200 https://registry.npmjs.org/@vercel%2fdetect-agent 376ms (cache miss)
54 silly packumentCache full:https://registry.npmjs.org/@vercel%2fdetect-agent set size:undefined disposed:false
55 silly fetch manifest @prisma/management-api-sdk@1.69.0
56 silly packumentCache full:https://registry.npmjs.org/@prisma%2fmanagement-api-sdk cache-miss
57 http fetch GET 200 https://registry.npmjs.org/@prisma%2fcomposer-cli 414ms (cache miss)
58 silly packumentCache full:https://registry.npmjs.org/@prisma%2fcomposer-cli set size:undefined disposed:false
59 http fetch GET 200 https://registry.npmjs.org/@prisma%2form-toolchain 365ms (cache miss)
60 silly packumentCache full:https://registry.npmjs.org/@prisma%2form-toolchain set size:undefined disposed:false
61 http fetch GET 200 https://registry.npmjs.org/@prisma%2fmanagement-api-sdk 275ms (cache miss)
62 silly packumentCache full:https://registry.npmjs.org/@prisma%2fmanagement-api-sdk set size:undefined disposed:false
63 silly fetch manifest typescript@>=5.9
64 silly packumentCache full:https://registry.npmjs.org/typescript cache-miss
65 http cache https://registry.npmjs.org/typescript 758ms (cache hit)
66 silly packumentCache full:https://registry.npmjs.org/typescript set size:15597675 disposed:false
67 silly fetch manifest vite@^7.0.0 || ^8.0.0
68 silly packumentCache full:https://registry.npmjs.org/vite cache-miss
69 http fetch GET 200 https://registry.npmjs.org/vite 3724ms (cache miss)
70 silly packumentCache full:https://registry.npmjs.org/vite set size:undefined disposed:false
71 silly fetch manifest @types/node@^20.19.0 || >=22.12.0
72 silly packumentCache full:https://registry.npmjs.org/@types%2fnode cache-miss
73 http fetch GET 200 https://registry.npmjs.org/@types%2fnode 2259ms (cache miss)
74 silly packumentCache full:https://registry.npmjs.org/@types%2fnode set size:undefined disposed:false
75 silly fetch manifest @vitejs/devtools@^0.4.0 || ^0.5.0
76 silly packumentCache full:https://registry.npmjs.org/@vitejs%2fdevtools cache-miss
77 http fetch GET 200 https://registry.npmjs.org/@vitejs%2fdevtools 397ms (cache miss)
78 silly packumentCache full:https://registry.npmjs.org/@vitejs%2fdevtools set size:undefined disposed:false
79 silly fetch manifest @vitejs/devtools-oxc@^0.5.2
80 silly packumentCache full:https://registry.npmjs.org/@vitejs%2fdevtools-oxc cache-miss
81 http fetch GET 200 https://registry.npmjs.org/@vitejs%2fdevtools-oxc 234ms (cache miss)
82 silly packumentCache full:https://registry.npmjs.org/@vitejs%2fdevtools-oxc set size:undefined disposed:false
83 silly fetch manifest @vitejs/devtools-rolldown@^0.5.2
84 silly packumentCache full:https://registry.npmjs.org/@vitejs%2fdevtools-rolldown cache-miss
85 http fetch GET 200 https://registry.npmjs.org/@vitejs%2fdevtools-rolldown 243ms (cache miss)
86 silly packumentCache full:https://registry.npmjs.org/@vitejs%2fdevtools-rolldown set size:undefined disposed:false
87 silly fetch manifest @vitejs/devtools-vite@^0.5.2
88 silly packumentCache full:https://registry.npmjs.org/@vitejs%2fdevtools-vite cache-miss
89 http fetch GET 200 https://registry.npmjs.org/@vitejs%2fdevtools-vite 281ms (cache miss)
90 silly packumentCache full:https://registry.npmjs.org/@vitejs%2fdevtools-vite set size:undefined disposed:false
91 silly fetch manifest @vitejs/devtools-vitest@^0.5.2
92 silly packumentCache full:https://registry.npmjs.org/@vitejs%2fdevtools-vitest cache-miss
93 http fetch GET 200 https://registry.npmjs.org/@vitejs%2fdevtools-vitest 366ms (cache miss)
94 silly packumentCache full:https://registry.npmjs.org/@vitejs%2fdevtools-vitest set size:undefined disposed:false
95 silly fetch manifest vitest@*
96 silly packumentCache full:https://registry.npmjs.org/vitest cache-miss
97 http fetch GET 200 https://registry.npmjs.org/vitest 425ms (cache miss)
98 silly packumentCache full:https://registry.npmjs.org/vitest set size:undefined disposed:false
99 silly fetch manifest @edge-runtime/vm@*
100 silly packumentCache full:https://registry.npmjs.org/@edge-runtime%2fvm cache-miss
101 http fetch GET 200 https://registry.npmjs.org/@edge-runtime%2fvm 452ms (cache miss)
102 silly packumentCache full:https://registry.npmjs.org/@edge-runtime%2fvm set size:undefined disposed:false
103 silly fetch manifest @opentelemetry/api@^1.9.0
104 silly packumentCache full:https://registry.npmjs.org/@opentelemetry%2fapi cache-miss
105 http fetch GET 200 https://registry.npmjs.org/@opentelemetry%2fapi 336ms (cache miss)
106 silly packumentCache full:https://registry.npmjs.org/@opentelemetry%2fapi set size:undefined disposed:false
107 silly fetch manifest @vitest/browser-playwright@4.1.11
108 silly packumentCache full:https://registry.npmjs.org/@vitest%2fbrowser-playwright cache-miss
109 http fetch GET 200 https://registry.npmjs.org/@vitest%2fbrowser-playwright 367ms (cache miss)
110 silly packumentCache full:https://registry.npmjs.org/@vitest%2fbrowser-playwright set size:undefined disposed:false
111 silly fetch manifest playwright@*
112 silly packumentCache full:https://registry.npmjs.org/playwright cache-miss
113 http fetch GET 200 https://registry.npmjs.org/playwright 2497ms (cache miss)
114 silly packumentCache full:https://registry.npmjs.org/playwright set size:undefined disposed:false
115 silly fetch manifest @vitest/browser-preview@4.1.11
116 silly packumentCache full:https://registry.npmjs.org/@vitest%2fbrowser-preview cache-miss
117 http fetch GET 200 https://registry.npmjs.org/@vitest%2fbrowser-preview 332ms (cache miss)
118 silly packumentCache full:https://registry.npmjs.org/@vitest%2fbrowser-preview set size:undefined disposed:false
119 silly fetch manifest @vitest/browser-webdriverio@4.1.11
120 silly packumentCache full:https://registry.npmjs.org/@vitest%2fbrowser-webdriverio cache-miss
121 http fetch GET 200 https://registry.npmjs.org/@vitest%2fbrowser-webdriverio 230ms (cache miss)
122 silly packumentCache full:https://registry.npmjs.org/@vitest%2fbrowser-webdriverio set size:undefined disposed:false
123 silly fetch manifest webdriverio@*
124 silly packumentCache full:https://registry.npmjs.org/webdriverio cache-miss
125 http fetch GET 200 https://registry.npmjs.org/webdriverio 548ms (cache miss)
126 silly packumentCache full:https://registry.npmjs.org/webdriverio set size:undefined disposed:false
127 silly fetch manifest puppeteer-core@>=22.x <=24.x
128 silly packumentCache full:https://registry.npmjs.org/puppeteer-core cache-miss
129 http fetch GET 200 https://registry.npmjs.org/puppeteer-core 441ms (cache miss)
130 silly packumentCache full:https://registry.npmjs.org/puppeteer-core set size:undefined disposed:false
131 silly fetch manifest @vitest/coverage-istanbul@4.1.11
132 silly packumentCache full:https://registry.npmjs.org/@vitest%2fcoverage-istanbul cache-miss
133 http fetch GET 200 https://registry.npmjs.org/@vitest%2fcoverage-istanbul 284ms (cache miss)
134 silly packumentCache full:https://registry.npmjs.org/@vitest%2fcoverage-istanbul set size:undefined disposed:false
135 silly fetch manifest @vitest/coverage-v8@4.1.11
136 silly packumentCache full:https://registry.npmjs.org/@vitest%2fcoverage-v8 cache-miss
137 http fetch GET 200 https://registry.npmjs.org/@vitest%2fcoverage-v8 317ms (cache miss)
138 silly packumentCache full:https://registry.npmjs.org/@vitest%2fcoverage-v8 set size:undefined disposed:false
139 silly fetch manifest @vitest/browser@4.1.11
140 silly packumentCache full:https://registry.npmjs.org/@vitest%2fbrowser cache-miss
141 http fetch GET 200 https://registry.npmjs.org/@vitest%2fbrowser 344ms (cache miss)
142 silly packumentCache full:https://registry.npmjs.org/@vitest%2fbrowser set size:undefined disposed:false
143 silly fetch manifest @vitest/ui@4.1.11
144 silly packumentCache full:https://registry.npmjs.org/@vitest%2fui cache-miss
145 http fetch GET 200 https://registry.npmjs.org/@vitest%2fui 323ms (cache miss)
146 silly packumentCache full:https://registry.npmjs.org/@vitest%2fui set size:undefined disposed:false
147 silly fetch manifest happy-dom@*
148 silly packumentCache full:https://registry.npmjs.org/happy-dom cache-miss
149 http fetch GET 200 https://registry.npmjs.org/happy-dom 425ms (cache miss)
150 silly packumentCache full:https://registry.npmjs.org/happy-dom set size:undefined disposed:false
151 silly fetch manifest jsdom@*
152 silly packumentCache full:https://registry.npmjs.org/jsdom cache-miss
153 http fetch GET 200 https://registry.npmjs.org/jsdom 381ms (cache miss)
154 silly packumentCache full:https://registry.npmjs.org/jsdom set size:undefined disposed:false
155 silly fetch manifest canvas@^3.2.3
156 silly packumentCache full:https://registry.npmjs.org/canvas cache-miss
157 http fetch GET 200 https://registry.npmjs.org/canvas 274ms (cache miss)
158 silly packumentCache full:https://registry.npmjs.org/canvas set size:undefined disposed:false
159 silly fetch manifest esbuild@^0.27.0 || ^0.28.0
160 silly packumentCache full:https://registry.npmjs.org/esbuild cache-miss
161 http fetch GET 200 https://registry.npmjs.org/esbuild 401ms (cache miss)
162 silly packumentCache full:https://registry.npmjs.org/esbuild set size:undefined disposed:false
163 silly fetch manifest jiti@>=1.21.0
164 silly packumentCache full:https://registry.npmjs.org/jiti cache-miss
165 http fetch GET 200 https://registry.npmjs.org/jiti 326ms (cache miss)
166 silly packumentCache full:https://registry.npmjs.org/jiti set size:undefined disposed:false
167 silly fetch manifest less@^4.0.0
168 silly packumentCache full:https://registry.npmjs.org/less cache-miss
169 http fetch GET 200 https://registry.npmjs.org/less 326ms (cache miss)
170 silly packumentCache full:https://registry.npmjs.org/less set size:undefined disposed:false
171 silly fetch manifest sass@^1.70.0
172 silly packumentCache full:https://registry.npmjs.org/sass cache-miss
173 http fetch GET 200 https://registry.npmjs.org/sass 328ms (cache miss)
174 silly packumentCache full:https://registry.npmjs.org/sass set size:undefined disposed:false
175 silly fetch manifest sass-embedded@^1.70.0
176 silly packumentCache full:https://registry.npmjs.org/sass-embedded cache-miss
177 http fetch GET 200 https://registry.npmjs.org/sass-embedded 244ms (cache miss)
178 silly packumentCache full:https://registry.npmjs.org/sass-embedded set size:undefined disposed:false
179 silly fetch manifest stylus@>=0.54.8
180 silly packumentCache full:https://registry.npmjs.org/stylus cache-miss
181 http fetch GET 200 https://registry.npmjs.org/stylus 364ms (cache miss)
182 silly packumentCache full:https://registry.npmjs.org/stylus set size:undefined disposed:false
183 silly fetch manifest sugarss@^5.0.0
184 silly packumentCache full:https://registry.npmjs.org/sugarss cache-miss
185 http fetch GET 200 https://registry.npmjs.org/sugarss 241ms (cache miss)
186 silly packumentCache full:https://registry.npmjs.org/sugarss set size:undefined disposed:false
187 silly fetch manifest postcss@^8.3.3
188 silly packumentCache full:https://registry.npmjs.org/postcss cache-miss
189 http fetch GET 200 https://registry.npmjs.org/postcss 293ms (cache miss)
190 silly packumentCache full:https://registry.npmjs.org/postcss set size:undefined disposed:false
191 silly fetch manifest terser@^5.16.0
192 silly packumentCache full:https://registry.npmjs.org/terser cache-miss
193 http fetch GET 200 https://registry.npmjs.org/terser 328ms (cache miss)
194 silly packumentCache full:https://registry.npmjs.org/terser set size:undefined disposed:false
195 silly fetch manifest tsx@^4.8.1
196 silly packumentCache full:https://registry.npmjs.org/tsx cache-miss
197 http fetch GET 200 https://registry.npmjs.org/tsx 391ms (cache miss)
198 silly packumentCache full:https://registry.npmjs.org/tsx set size:undefined disposed:false
199 silly fetch manifest yaml@^2.4.2
200 silly packumentCache full:https://registry.npmjs.org/yaml cache-miss
201 http fetch GET 200 https://registry.npmjs.org/yaml 288ms (cache miss)
202 silly packumentCache full:https://registry.npmjs.org/yaml set size:undefined disposed:false
203 silly placeDep ROOT @manypkg/tools@2.1.2 OK for: prisma@8.0.0-rc.12 want: ^2.1.2
204 silly placeDep ROOT @prisma/cli-engine@0.3.0 OK for: prisma@8.0.0-rc.12 want: 0.3.0
205 silly placeDep ROOT @prisma/management-api-sdk@1.69.0 OK for: @prisma/cli-engine@0.3.0 want: ^1.55.0
206 silly placeDep ROOT @prisma/composer-cli@0.16.0 OK for: prisma@8.0.0-rc.12 want: 0.16.0
207 silly placeDep ROOT @prisma/compute-sdk@0.42.0 OK for: prisma@8.0.0-rc.12 want: 0.42.0
208 silly placeDep ROOT @prisma/orm-toolchain@8.0.0-rc.8 OK for: prisma@8.0.0-rc.12 want: 8.0.0-rc.8
209 silly placeDep ROOT @vercel/detect-agent@1.2.5 OK for: prisma@8.0.0-rc.12 want: ^1.2.3
210 silly placeDep ROOT better-result@2.10.0 OK for: prisma@8.0.0-rc.12 want: ^2.9.2
211 silly placeDep ROOT dotenv@17.4.2 OK for: prisma@8.0.0-rc.12 want: ^17.4.2
212 silly placeDep ROOT execa@9.6.1 OK for: prisma@8.0.0-rc.12 want: ^9.6.1
213 silly placeDep ROOT open@11.0.1 OK for: prisma@8.0.0-rc.12 want: ^11.0.0
214 silly fetch manifest jju@^1.4.0
215 silly packumentCache full:https://registry.npmjs.org/jju cache-miss
216 silly fetch manifest yaml@^2.9.0
217 silly packumentCache full:https://registry.npmjs.org/yaml cache-miss
218 silly fetch manifest c12@3.3.4
219 silly packumentCache full:https://registry.npmjs.org/c12 cache-miss
220 http cache https://registry.npmjs.org/yaml 324ms (cache hit)
221 silly packumentCache full:https://registry.npmjs.org/yaml set size:385754 disposed:false
222 silly fetch manifest colorette@^2.0.20
223 silly packumentCache full:https://registry.npmjs.org/colorette cache-miss
224 http fetch GET 200 https://registry.npmjs.org/jju 896ms (cache miss)
225 silly packumentCache full:https://registry.npmjs.org/jju set size:undefined disposed:false
226 silly fetch manifest string-width@^8.2.1
227 silly packumentCache full:https://registry.npmjs.org/string-width cache-miss
228 http fetch GET 200 https://registry.npmjs.org/c12 967ms (cache miss)
229 silly packumentCache full:https://registry.npmjs.org/c12 set size:undefined disposed:false
230 silly fetch manifest @stricli/core@1.3.0
231 silly packumentCache full:https://registry.npmjs.org/@stricli%2fcore cache-miss
232 http fetch GET 200 https://registry.npmjs.org/colorette 727ms (cache miss)
233 silly packumentCache full:https://registry.npmjs.org/colorette set size:undefined disposed:false
234 silly fetch manifest @clack/prompts@1.5.0
235 silly packumentCache full:https://registry.npmjs.org/@clack%2fprompts cache-miss
236 http fetch GET 200 https://registry.npmjs.org/string-width 251ms (cache miss)
237 silly packumentCache full:https://registry.npmjs.org/string-width set size:undefined disposed:false
238 silly fetch manifest package-manager-detector@1.8.0
239 silly packumentCache full:https://registry.npmjs.org/package-manager-detector cache-miss
240 http fetch GET 200 https://registry.npmjs.org/@stricli%2fcore 248ms (cache miss)
241 silly packumentCache full:https://registry.npmjs.org/@stricli%2fcore set size:undefined disposed:false
242 silly fetch manifest openapi-fetch@0.14.0
243 silly packumentCache full:https://registry.npmjs.org/openapi-fetch cache-miss
244 http fetch GET 200 https://registry.npmjs.org/package-manager-detector 227ms (cache miss)
245 silly packumentCache full:https://registry.npmjs.org/package-manager-detector set size:undefined disposed:false
246 silly fetch manifest c12@^3.3.4
247 silly packumentCache full:https://registry.npmjs.org/c12 cache-miss
248 http fetch GET 200 https://registry.npmjs.org/@clack%2fprompts 316ms (cache miss)
249 silly packumentCache full:https://registry.npmjs.org/@clack%2fprompts set size:undefined disposed:false
250 silly fetch manifest effect@4.0.0-rc.112
251 silly packumentCache full:https://registry.npmjs.org/effect cache-miss
252 http cache https://registry.npmjs.org/c12 35ms (cache hit)
253 silly packumentCache full:https://registry.npmjs.org/c12 set size:188644 disposed:false
254 silly fetch manifest alchemy@2.0.0-beta.74
255 silly packumentCache full:https://registry.npmjs.org/alchemy cache-miss
256 http fetch GET 200 https://registry.npmjs.org/openapi-fetch 243ms (cache miss)
257 silly packumentCache full:https://registry.npmjs.org/openapi-fetch set size:undefined disposed:false
258 silly fetch manifest esbuild@^0.28.1
259 silly packumentCache full:https://registry.npmjs.org/esbuild cache-miss
260 http cache https://registry.npmjs.org/esbuild 25ms (cache hit)
261 silly packumentCache full:https://registry.npmjs.org/esbuild set size:1264676 disposed:false
262 silly fetch manifest @prisma/composer@0.16.0
263 silly packumentCache full:https://registry.npmjs.org/@prisma%2fcomposer cache-miss
264 http fetch GET 200 https://registry.npmjs.org/alchemy 380ms (cache miss)
265 silly packumentCache full:https://registry.npmjs.org/alchemy set size:undefined disposed:false
266 silly fetch manifest ws@^8.20.0
267 silly packumentCache full:https://registry.npmjs.org/ws cache-miss
268 http fetch GET 200 https://registry.npmjs.org/@prisma%2fcomposer 711ms (cache miss)
269 silly packumentCache full:https://registry.npmjs.org/@prisma%2fcomposer set size:undefined disposed:false
270 silly fetch manifest yaml@^2.8.2
271 silly packumentCache full:https://registry.npmjs.org/yaml cache-hit
272 silly fetch manifest magicast@^0.5.3
273 silly packumentCache full:https://registry.npmjs.org/magicast cache-miss
274 http fetch GET 200 https://registry.npmjs.org/ws 542ms (cache miss)
275 silly packumentCache full:https://registry.npmjs.org/ws set size:undefined disposed:false
276 silly fetch manifest picomatch@^4.0.4
277 silly packumentCache full:https://registry.npmjs.org/picomatch cache-miss
278 http fetch GET 200 https://registry.npmjs.org/magicast 368ms (cache miss)
279 silly packumentCache full:https://registry.npmjs.org/magicast set size:undefined disposed:false
280 silly fetch manifest tar-stream@^3.1.8
281 silly packumentCache full:https://registry.npmjs.org/tar-stream cache-miss
282 http fetch GET 200 https://registry.npmjs.org/picomatch 317ms (cache miss)
283 silly packumentCache full:https://registry.npmjs.org/picomatch set size:undefined disposed:false
284 silly fetch manifest @vercel/nft@^1.10.2
285 silly packumentCache full:https://registry.npmjs.org/@vercel%2fnft cache-miss
286 http fetch GET 200 https://registry.npmjs.org/tar-stream 557ms (cache miss)
287 silly packumentCache full:https://registry.npmjs.org/tar-stream set size:undefined disposed:false
288 silly fetch manifest better-result@^2.7.0
289 silly packumentCache full:https://registry.npmjs.org/better-result cache-miss
290 http cache https://registry.npmjs.org/better-result 76ms (cache hit)
291 silly packumentCache full:https://registry.npmjs.org/better-result set size:86996 disposed:false
292 silly fetch manifest tiny-invariant@1.3.3
293 silly packumentCache full:https://registry.npmjs.org/tiny-invariant cache-miss
294 http fetch GET 200 https://registry.npmjs.org/@vercel%2fnft 442ms (cache miss)
295 silly packumentCache full:https://registry.npmjs.org/@vercel%2fnft set size:undefined disposed:false
296 silly fetch manifest pathe@^2.0.3
297 silly packumentCache full:https://registry.npmjs.org/pathe cache-miss
298 http fetch GET 200 https://registry.npmjs.org/tiny-invariant 314ms (cache miss)
299 silly packumentCache full:https://registry.npmjs.org/tiny-invariant set size:undefined disposed:false
300 silly fetch manifest arktype@^2.2.2
301 silly packumentCache full:https://registry.npmjs.org/arktype cache-miss
302 http fetch GET 200 https://registry.npmjs.org/pathe 264ms (cache miss)
303 silly packumentCache full:https://registry.npmjs.org/pathe set size:undefined disposed:false
304 silly fetch manifest ci-info@^4.3.1
305 silly packumentCache full:https://registry.npmjs.org/ci-info cache-miss
306 http fetch GET 200 https://registry.npmjs.org/ci-info 283ms (cache miss)
307 silly packumentCache full:https://registry.npmjs.org/ci-info set size:undefined disposed:false
308 silly fetch manifest esbuild@^0.28.2
309 silly packumentCache full:https://registry.npmjs.org/esbuild cache-miss
310 http fetch GET 200 https://registry.npmjs.org/arktype 345ms (cache miss)
311 silly packumentCache full:https://registry.npmjs.org/arktype set size:undefined disposed:false
312 silly fetch manifest prettier@^3.9.6
313 silly packumentCache full:https://registry.npmjs.org/prettier cache-miss
314 http cache https://registry.npmjs.org/esbuild 73ms (cache hit)
315 silly packumentCache full:https://registry.npmjs.org/esbuild set size:1264676 disposed:false
316 silly fetch manifest clipanion@4.0.0-rc.4
317 silly packumentCache full:https://registry.npmjs.org/clipanion cache-miss
318 http fetch GET 200 https://registry.npmjs.org/effect 2997ms (cache miss)
319 silly packumentCache full:https://registry.npmjs.org/effect set size:undefined disposed:false
320 silly fetch manifest wrap-ansi@^10.0.0
321 silly packumentCache full:https://registry.npmjs.org/wrap-ansi cache-miss
322 http fetch GET 200 https://registry.npmjs.org/clipanion 1073ms (cache miss)
323 silly packumentCache full:https://registry.npmjs.org/clipanion set size:undefined disposed:false
324 silly fetch manifest strip-ansi@^7.2.0
325 silly packumentCache full:https://registry.npmjs.org/strip-ansi cache-miss
326 http fetch GET 200 https://registry.npmjs.org/prettier 1167ms (cache miss)
327 silly packumentCache full:https://registry.npmjs.org/prettier set size:undefined disposed:false
328 silly fetch manifest jsonc-parser@^3.3.1
329 silly packumentCache full:https://registry.npmjs.org/jsonc-parser cache-miss
330 http fetch GET 200 https://registry.npmjs.org/wrap-ansi 292ms (cache miss)
331 silly packumentCache full:https://registry.npmjs.org/wrap-ansi set size:undefined disposed:false
332 silly fetch manifest string-width@^8.2.2
333 silly packumentCache full:https://registry.npmjs.org/string-width cache-miss
334 http cache https://registry.npmjs.org/string-width 114ms (cache hit)
335 silly packumentCache full:https://registry.npmjs.org/string-width set size:72458 disposed:false
336 silly fetch manifest closest-match@^1.3.3
337 silly packumentCache full:https://registry.npmjs.org/closest-match cache-miss
338 http fetch GET 200 https://registry.npmjs.org/strip-ansi 344ms (cache miss)
339 silly packumentCache full:https://registry.npmjs.org/strip-ansi set size:undefined disposed:false
340 silly fetch manifest @vercel/detect-agent@^1.2.4
341 silly packumentCache full:https://registry.npmjs.org/@vercel%2fdetect-agent cache-miss
342 http fetch GET 200 https://registry.npmjs.org/jsonc-parser 335ms (cache miss)
343 silly packumentCache full:https://registry.npmjs.org/jsonc-parser set size:undefined disposed:false
344 silly fetch manifest @prisma/orm-framework@8.0.0-rc.8
345 silly packumentCache full:https://registry.npmjs.org/@prisma%2form-framework cache-miss
346 http cache https://registry.npmjs.org/@vercel%2fdetect-agent 99ms (cache hit)
347 silly packumentCache full:https://registry.npmjs.org/@vercel%2fdetect-agent set size:52999 disposed:false
348 silly fetch manifest vscode-languageserver@10.1.0
349 silly packumentCache full:https://registry.npmjs.org/vscode-languageserver cache-miss
350 http fetch GET 200 https://registry.npmjs.org/closest-match 493ms (cache miss)
351 silly packumentCache full:https://registry.npmjs.org/closest-match set size:undefined disposed:false
352 silly fetch manifest package-manager-detector@^1.8.0
353 silly packumentCache full:https://registry.npmjs.org/package-manager-detector cache-miss
354 http cache https://registry.npmjs.org/package-manager-detector 39ms (cache hit)
355 silly packumentCache full:https://registry.npmjs.org/package-manager-detector set size:71217 disposed:false
356 silly fetch manifest vscode-languageserver-textdocument@1.0.12
357 silly packumentCache full:https://registry.npmjs.org/vscode-languageserver-textdocument cache-miss
358 http fetch GET 200 https://registry.npmjs.org/vscode-languageserver 468ms (cache miss)
359 silly packumentCache full:https://registry.npmjs.org/vscode-languageserver set size:undefined disposed:false
360 silly fetch manifest figures@^6.1.0
361 silly packumentCache full:https://registry.npmjs.org/figures cache-miss
362 http fetch GET 200 https://registry.npmjs.org/@prisma%2form-framework 573ms (cache miss)
363 silly packumentCache full:https://registry.npmjs.org/@prisma%2form-framework set size:undefined disposed:false
364 silly fetch manifest is-stream@^4.0.1
365 silly packumentCache full:https://registry.npmjs.org/is-stream cache-miss
366 http fetch GET 200 https://registry.npmjs.org/vscode-languageserver-textdocument 551ms (cache miss)
367 silly packumentCache full:https://registry.npmjs.org/vscode-languageserver-textdocument set size:undefined disposed:false
368 silly fetch manifest pretty-ms@^9.2.0
369 silly packumentCache full:https://registry.npmjs.org/pretty-ms cache-miss
370 http fetch GET 200 https://registry.npmjs.org/figures 631ms (cache miss)
371 silly packumentCache full:https://registry.npmjs.org/figures set size:undefined disposed:false
372 silly fetch manifest get-stream@^9.0.0
373 silly packumentCache full:https://registry.npmjs.org/get-stream cache-miss
374 http fetch GET 200 https://registry.npmjs.org/is-stream 542ms (cache miss)
375 silly packumentCache full:https://registry.npmjs.org/is-stream set size:undefined disposed:false
376 silly fetch manifest signal-exit@^4.1.0
377 silly packumentCache full:https://registry.npmjs.org/signal-exit cache-miss
378 http fetch GET 200 https://registry.npmjs.org/pretty-ms 267ms (cache miss)
379 silly packumentCache full:https://registry.npmjs.org/pretty-ms set size:undefined disposed:false
380 silly fetch manifest yoctocolors@^2.1.1
381 silly packumentCache full:https://registry.npmjs.org/yoctocolors cache-miss
382 http fetch GET 200 https://registry.npmjs.org/get-stream 290ms (cache miss)
383 silly packumentCache full:https://registry.npmjs.org/get-stream set size:undefined disposed:false
384 silly fetch manifest is-plain-obj@^4.1.0
385 silly packumentCache full:https://registry.npmjs.org/is-plain-obj cache-miss
386 http fetch GET 200 https://registry.npmjs.org/signal-exit 297ms (cache miss)
387 silly packumentCache full:https://registry.npmjs.org/signal-exit set size:undefined disposed:false
388 silly fetch manifest npm-run-path@^6.0.0
389 silly packumentCache full:https://registry.npmjs.org/npm-run-path cache-miss
390 http fetch GET 200 https://registry.npmjs.org/yoctocolors 318ms (cache miss)
391 silly packumentCache full:https://registry.npmjs.org/yoctocolors set size:undefined disposed:false
392 silly fetch manifest human-signals@^8.0.1
393 silly packumentCache full:https://registry.npmjs.org/human-signals cache-miss
394 http fetch GET 200 https://registry.npmjs.org/npm-run-path 295ms (cache miss)
395 silly packumentCache full:https://registry.npmjs.org/npm-run-path set size:undefined disposed:false
396 silly fetch manifest strip-final-newline@^4.0.0
397 silly packumentCache full:https://registry.npmjs.org/strip-final-newline cache-miss
398 http fetch GET 200 https://registry.npmjs.org/is-plain-obj 320ms (cache miss)
399 silly packumentCache full:https://registry.npmjs.org/is-plain-obj set size:undefined disposed:false
400 silly fetch manifest @sindresorhus/merge-streams@^4.0.0
401 silly packumentCache full:https://registry.npmjs.org/@sindresorhus%2fmerge-streams cache-miss
402 http fetch GET 200 https://registry.npmjs.org/human-signals 248ms (cache miss)
403 silly packumentCache full:https://registry.npmjs.org/human-signals set size:undefined disposed:false
404 silly fetch manifest is-in-ssh@^1.0.0
405 silly packumentCache full:https://registry.npmjs.org/is-in-ssh cache-miss
406 http fetch GET 200 https://registry.npmjs.org/is-in-ssh 282ms (cache miss)
407 silly packumentCache full:https://registry.npmjs.org/is-in-ssh set size:undefined disposed:false
408 silly fetch manifest wsl-utils@^1.0.0
409 silly packumentCache full:https://registry.npmjs.org/wsl-utils cache-miss
410 http fetch GET 200 https://registry.npmjs.org/@sindresorhus%2fmerge-streams 322ms (cache miss)
411 silly packumentCache full:https://registry.npmjs.org/@sindresorhus%2fmerge-streams set size:undefined disposed:false
412 silly fetch manifest default-browser@^5.4.0
413 silly packumentCache full:https://registry.npmjs.org/default-browser cache-miss
414 http fetch GET 200 https://registry.npmjs.org/strip-final-newline 359ms (cache miss)
415 silly packumentCache full:https://registry.npmjs.org/strip-final-newline set size:undefined disposed:false
416 silly fetch manifest define-lazy-prop@^3.0.0
417 silly packumentCache full:https://registry.npmjs.org/define-lazy-prop cache-miss
418 http fetch GET 200 https://registry.npmjs.org/wsl-utils 222ms (cache miss)
419 silly packumentCache full:https://registry.npmjs.org/wsl-utils set size:undefined disposed:false
420 silly fetch manifest powershell-utils@^0.2.0
421 silly packumentCache full:https://registry.npmjs.org/powershell-utils cache-miss
422 http fetch GET 200 https://registry.npmjs.org/default-browser 244ms (cache miss)
423 silly packumentCache full:https://registry.npmjs.org/default-browser set size:undefined disposed:false
424 silly fetch manifest is-inside-container@^1.0.0
425 silly packumentCache full:https://registry.npmjs.org/is-inside-container cache-miss
426 http fetch GET 200 https://registry.npmjs.org/define-lazy-prop 226ms (cache miss)
427 silly packumentCache full:https://registry.npmjs.org/define-lazy-prop set size:undefined disposed:false
428 http fetch GET 200 https://registry.npmjs.org/is-inside-container 230ms (cache miss)
429 silly packumentCache full:https://registry.npmjs.org/is-inside-container set size:undefined disposed:false
430 http fetch GET 200 https://registry.npmjs.org/powershell-utils 316ms (cache miss)
431 silly packumentCache full:https://registry.npmjs.org/powershell-utils set size:undefined disposed:false
432 silly placeDep ROOT jju@1.4.0 OK for: @manypkg/tools@2.1.2 want: ^1.4.0
433 silly placeDep ROOT yaml@2.9.0 OK for: @manypkg/tools@2.1.2 want: ^2.9.0
434 silly fetch manifest magicast@*
435 silly packumentCache full:https://registry.npmjs.org/magicast cache-miss
436 http cache https://registry.npmjs.org/magicast 36ms (cache hit)
437 silly packumentCache full:https://registry.npmjs.org/magicast set size:87467 disposed:false
438 silly placeDep ROOT @clack/prompts@1.5.0 OK for: @prisma/cli-engine@0.3.0 want: 1.5.0
439 silly placeDep ROOT @stricli/core@1.3.0 OK for: @prisma/cli-engine@0.3.0 want: 1.3.0
440 silly placeDep ROOT c12@3.3.4 OK for: @prisma/cli-engine@0.3.0 want: 3.3.4
441 silly placeDep ROOT colorette@2.0.20 OK for: @prisma/cli-engine@0.3.0 want: ^2.0.20
442 silly placeDep ROOT package-manager-detector@1.8.0 OK for: @prisma/cli-engine@0.3.0 want: 1.8.0
443 silly placeDep ROOT string-width@8.2.2 OK for: @prisma/cli-engine@0.3.0 want: ^8.2.1
444 silly fetch manifest sisteransi@^1.0.5
445 silly packumentCache full:https://registry.npmjs.org/sisteransi cache-miss
446 silly fetch manifest @clack/core@1.4.0
447 silly packumentCache full:https://registry.npmjs.org/@clack%2fcore cache-miss
448 silly fetch manifest fast-wrap-ansi@^0.2.0
449 silly packumentCache full:https://registry.npmjs.org/fast-wrap-ansi cache-miss
450 http fetch GET 200 https://registry.npmjs.org/fast-wrap-ansi 317ms (cache miss)
451 silly packumentCache full:https://registry.npmjs.org/fast-wrap-ansi set size:undefined disposed:false
452 silly fetch manifest fast-string-width@^3.0.2
453 silly packumentCache full:https://registry.npmjs.org/fast-string-width cache-miss
454 http fetch GET 200 https://registry.npmjs.org/sisteransi 328ms (cache miss)
455 silly packumentCache full:https://registry.npmjs.org/sisteransi set size:undefined disposed:false
456 silly fetch manifest rc9@^3.0.1
457 silly packumentCache full:https://registry.npmjs.org/rc9 cache-miss
458 http fetch GET 200 https://registry.npmjs.org/@clack%2fcore 338ms (cache miss)
459 silly packumentCache full:https://registry.npmjs.org/@clack%2fcore set size:undefined disposed:false
460 silly fetch manifest defu@^6.1.6
461 silly packumentCache full:https://registry.npmjs.org/defu cache-miss
462 http fetch GET 200 https://registry.npmjs.org/fast-string-width 302ms (cache miss)
463 silly packumentCache full:https://registry.npmjs.org/fast-string-width set size:undefined disposed:false
464 silly fetch manifest giget@^3.2.0
465 silly packumentCache full:https://registry.npmjs.org/giget cache-miss
466 http fetch GET 200 https://registry.npmjs.org/rc9 311ms (cache miss)
467 silly packumentCache full:https://registry.npmjs.org/rc9 set size:undefined disposed:false
468 silly fetch manifest ohash@^2.0.11
469 silly packumentCache full:https://registry.npmjs.org/ohash cache-miss
470 http fetch GET 200 https://registry.npmjs.org/defu 314ms (cache miss)
471 silly packumentCache full:https://registry.npmjs.org/defu set size:undefined disposed:false
472 silly fetch manifest confbox@^0.2.4
473 silly packumentCache full:https://registry.npmjs.org/confbox cache-miss
474 http fetch GET 200 https://registry.npmjs.org/confbox 332ms (cache miss)
475 silly packumentCache full:https://registry.npmjs.org/confbox set size:undefined disposed:false
476 silly fetch manifest exsolve@^1.0.8
477 silly packumentCache full:https://registry.npmjs.org/exsolve cache-miss
478 http fetch GET 200 https://registry.npmjs.org/ohash 443ms (cache miss)
479 silly packumentCache full:https://registry.npmjs.org/ohash set size:undefined disposed:false
480 silly fetch manifest chokidar@^5.0.0
481 silly packumentCache full:https://registry.npmjs.org/chokidar cache-miss
482 http fetch GET 200 https://registry.npmjs.org/giget 632ms (cache miss)
483 silly packumentCache full:https://registry.npmjs.org/giget set size:undefined disposed:false
484 silly fetch manifest pkg-types@^2.3.0
485 silly packumentCache full:https://registry.npmjs.org/pkg-types cache-miss
486 http fetch GET 200 https://registry.npmjs.org/exsolve 419ms (cache miss)
487 silly packumentCache full:https://registry.npmjs.org/exsolve set size:undefined disposed:false
488 silly fetch manifest perfect-debounce@^2.1.0
489 silly packumentCache full:https://registry.npmjs.org/perfect-debounce cache-miss
490 http fetch GET 200 https://registry.npmjs.org/chokidar 561ms (cache miss)
491 silly packumentCache full:https://registry.npmjs.org/chokidar set size:undefined disposed:false
492 silly fetch manifest get-east-asian-width@^1.5.0
493 silly packumentCache full:https://registry.npmjs.org/get-east-asian-width cache-miss
494 http fetch GET 200 https://registry.npmjs.org/perfect-debounce 342ms (cache miss)
495 silly packumentCache full:https://registry.npmjs.org/perfect-debounce set size:undefined disposed:false
496 silly fetch manifest strip-ansi@^7.1.2
497 silly packumentCache full:https://registry.npmjs.org/strip-ansi cache-miss
498 http fetch GET 200 https://registry.npmjs.org/pkg-types 508ms (cache miss)
499 silly packumentCache full:https://registry.npmjs.org/pkg-types set size:undefined disposed:false
500 http cache https://registry.npmjs.org/strip-ansi 175ms (cache hit)
501 silly packumentCache full:https://registry.npmjs.org/strip-ansi set size:44998 disposed:false
502 http fetch GET 200 https://registry.npmjs.org/get-east-asian-width 368ms (cache miss)
503 silly packumentCache full:https://registry.npmjs.org/get-east-asian-width set size:undefined disposed:false
504 silly placeDep ROOT @clack/core@1.4.0 OK for: @clack/prompts@1.5.0 want: 1.4.0
505 silly placeDep ROOT fast-string-width@3.0.2 OK for: @clack/prompts@1.5.0 want: ^3.0.2
506 silly placeDep ROOT fast-wrap-ansi@0.2.2 OK for: @clack/prompts@1.5.0 want: ^0.2.0
507 silly placeDep ROOT sisteransi@1.0.5 OK for: @clack/prompts@1.5.0 want: ^1.0.5
508 silly fetch manifest fast-string-truncated-width@^3.0.2
509 silly packumentCache full:https://registry.npmjs.org/fast-string-truncated-width cache-miss
510 http fetch GET 200 https://registry.npmjs.org/fast-string-truncated-width 242ms (cache miss)
511 silly packumentCache full:https://registry.npmjs.org/fast-string-truncated-width set size:undefined disposed:false
512 silly fetch manifest @alchemy.run/frontend-frameworks@2.0.0-beta.74
513 silly packumentCache full:https://registry.npmjs.org/@alchemy.run%2ffrontend-frameworks cache-miss
514 http fetch GET 200 https://registry.npmjs.org/@alchemy.run%2ffrontend-frameworks 314ms (cache miss)
515 silly packumentCache full:https://registry.npmjs.org/@alchemy.run%2ffrontend-frameworks set size:undefined disposed:false
516 silly fetch manifest @effect/platform-bun@>=4.0.0-rc.110 || >=4.0.0
517 silly packumentCache full:https://registry.npmjs.org/@effect%2fplatform-bun cache-miss
518 http fetch GET 200 https://registry.npmjs.org/@effect%2fplatform-bun 365ms (cache miss)
519 silly packumentCache full:https://registry.npmjs.org/@effect%2fplatform-bun set size:undefined disposed:false
520 silly fetch manifest @octanejs/vite-plugin@>=0.1.22
521 silly packumentCache full:https://registry.npmjs.org/@octanejs%2fvite-plugin cache-miss
522 http fetch GET 200 https://registry.npmjs.org/@octanejs%2fvite-plugin 373ms (cache miss)
523 silly packumentCache full:https://registry.npmjs.org/@octanejs%2fvite-plugin set size:undefined disposed:false
524 silly fetch manifest octane@0.1.47
525 silly packumentCache full:https://registry.npmjs.org/octane cache-miss
526 http fetch GET 200 https://registry.npmjs.org/octane 245ms (cache miss)
527 silly packumentCache full:https://registry.npmjs.org/octane set size:undefined disposed:false
528 silly fetch manifest react@^19.0.0
529 silly packumentCache full:https://registry.npmjs.org/react cache-miss
530 http fetch GET 200 https://registry.npmjs.org/react 768ms (cache miss)
531 silly packumentCache full:https://registry.npmjs.org/react set size:undefined disposed:false
532 silly fetch manifest react-dom@^19.0.0
533 silly packumentCache full:https://registry.npmjs.org/react-dom cache-miss
534 http fetch GET 200 https://registry.npmjs.org/react-dom 756ms (cache miss)
535 silly packumentCache full:https://registry.npmjs.org/react-dom set size:undefined disposed:false
536 silly fetch manifest typescript@^5.9.3
537 silly packumentCache full:https://registry.npmjs.org/typescript cache-miss
538 http cache https://registry.npmjs.org/typescript 346ms (cache hit)
539 silly packumentCache full:https://registry.npmjs.org/typescript set size:15597675 disposed:false
540 silly fetch manifest vite@^8.0.16
541 silly packumentCache full:https://registry.npmjs.org/vite cache-miss
542 http cache https://registry.npmjs.org/vite 528ms (cache hit)
543 silly packumentCache full:https://registry.npmjs.org/vite set size:38929639 disposed:false
544 silly fetch manifest @opennextjs/cloudflare@1.20.1
545 silly packumentCache full:https://registry.npmjs.org/@opennextjs%2fcloudflare cache-miss
546 http fetch GET 200 https://registry.npmjs.org/@opennextjs%2fcloudflare 552ms (cache miss)
547 silly packumentCache full:https://registry.npmjs.org/@opennextjs%2fcloudflare set size:undefined disposed:false
548 silly fetch manifest next@>=15.5.18 <16 || >=16.2.6
549 silly packumentCache full:https://registry.npmjs.org/next cache-miss
550 http fetch GET 200 https://registry.npmjs.org/next 1604ms (cache miss)
551 silly packumentCache full:https://registry.npmjs.org/next set size:undefined disposed:false
552 silly fetch manifest @playwright/test@^1.51.1
553 silly packumentCache full:https://registry.npmjs.org/@playwright%2ftest cache-miss
554 http fetch GET 200 https://registry.npmjs.org/@playwright%2ftest 1524ms (cache miss)
555 silly packumentCache full:https://registry.npmjs.org/@playwright%2ftest set size:undefined disposed:false
556 silly fetch manifest babel-plugin-react-compiler@*
557 silly packumentCache full:https://registry.npmjs.org/babel-plugin-react-compiler cache-miss
558 http fetch GET 200 https://registry.npmjs.org/babel-plugin-react-compiler 309ms (cache miss)
559 silly packumentCache full:https://registry.npmjs.org/babel-plugin-react-compiler set size:undefined disposed:false
560 silly fetch manifest rclone.js@^0.6.6
561 silly packumentCache full:https://registry.npmjs.org/rclone.js cache-miss
562 http fetch GET 200 https://registry.npmjs.org/rclone.js 333ms (cache miss)
563 silly packumentCache full:https://registry.npmjs.org/rclone.js set size:undefined disposed:false
564 silly fetch manifest wrangler@^4.86.0
565 silly packumentCache full:https://registry.npmjs.org/wrangler cache-miss
566 http fetch GET 200 https://registry.npmjs.org/wrangler 1313ms (cache miss)
567 silly packumentCache full:https://registry.npmjs.org/wrangler set size:undefined disposed:false
568 silly fetch manifest @cloudflare/workers-types@^5.20260825.1
569 silly packumentCache full:https://registry.npmjs.org/@cloudflare%2fworkers-types cache-miss
570 http fetch GET 200 https://registry.npmjs.org/@cloudflare%2fworkers-types 371ms (cache miss)
571 silly packumentCache full:https://registry.npmjs.org/@cloudflare%2fworkers-types set size:undefined disposed:false
572 silly fetch manifest @sveltejs/kit@>=3.0.0-next.9
573 silly packumentCache full:https://registry.npmjs.org/@sveltejs%2fkit cache-miss
574 http fetch GET 200 https://registry.npmjs.org/@sveltejs%2fkit 596ms (cache miss)
575 silly packumentCache full:https://registry.npmjs.org/@sveltejs%2fkit set size:undefined disposed:false
576 silly fetch manifest @sveltejs/vite-plugin-svelte@^7.0.0
577 silly packumentCache full:https://registry.npmjs.org/@sveltejs%2fvite-plugin-svelte cache-miss
578 http fetch GET 200 https://registry.npmjs.org/@sveltejs%2fvite-plugin-svelte 525ms (cache miss)
579 silly packumentCache full:https://registry.npmjs.org/@sveltejs%2fvite-plugin-svelte set size:undefined disposed:false
580 silly fetch manifest svelte@^5.46.4
581 silly packumentCache full:https://registry.npmjs.org/svelte cache-miss
582 http fetch GET 200 https://registry.npmjs.org/svelte 706ms (cache miss)
583 silly packumentCache full:https://registry.npmjs.org/svelte set size:undefined disposed:false
584 silly fetch manifest typescript@^6.0.0
585 silly packumentCache full:https://registry.npmjs.org/typescript cache-miss
586 http cache https://registry.npmjs.org/typescript 171ms (cache hit)
587 silly packumentCache full:https://registry.npmjs.org/typescript set size:15597675 disposed:false
588 silly fetch manifest astro@^7.0.0
589 silly packumentCache full:https://registry.npmjs.org/astro cache-miss
590 http fetch GET 200 https://registry.npmjs.org/astro 518ms (cache miss)
591 silly packumentCache full:https://registry.npmjs.org/astro set size:undefined disposed:false
592 silly fetch manifest @astrojs/markdown-remark@7.2.4
593 silly packumentCache full:https://registry.npmjs.org/@astrojs%2fmarkdown-remark cache-miss
594 http fetch GET 200 https://registry.npmjs.org/@astrojs%2fmarkdown-remark 320ms (cache miss)
595 silly packumentCache full:https://registry.npmjs.org/@astrojs%2fmarkdown-remark set size:undefined disposed:false
596 silly fetch manifest hono@^4.12.14
597 silly packumentCache full:https://registry.npmjs.org/hono cache-miss
598 http fetch GET 200 https://registry.npmjs.org/hono 465ms (cache miss)
599 silly packumentCache full:https://registry.npmjs.org/hono set size:undefined disposed:false
600 silly fetch manifest nuxt@>=4.5.0
601 silly packumentCache full:https://registry.npmjs.org/nuxt cache-miss
602 http fetch GET 200 https://registry.npmjs.org/nuxt 350ms (cache miss)
603 silly packumentCache full:https://registry.npmjs.org/nuxt set size:undefined disposed:false
604 silly fetch manifest @parcel/watcher@^2.1.0
605 silly packumentCache full:https://registry.npmjs.org/@parcel%2fwatcher cache-miss
606 http fetch GET 200 https://registry.npmjs.org/@parcel%2fwatcher 267ms (cache miss)
607 silly packumentCache full:https://registry.npmjs.org/@parcel%2fwatcher set size:undefined disposed:false
608 silly fetch manifest rolldown@~1.2.1
609 silly packumentCache full:https://registry.npmjs.org/rolldown cache-miss
610 http fetch GET 200 https://registry.npmjs.org/rolldown 327ms (cache miss)
611 silly packumentCache full:https://registry.npmjs.org/rolldown set size:undefined disposed:false
612 silly fetch manifest waku@1.0.0-beta.7
613 silly packumentCache full:https://registry.npmjs.org/waku cache-miss
614 http fetch GET 200 https://registry.npmjs.org/waku 358ms (cache miss)
615 silly packumentCache full:https://registry.npmjs.org/waku set size:undefined disposed:false
616 silly fetch manifest react-server-dom-webpack@~19.2.4
617 silly packumentCache full:https://registry.npmjs.org/react-server-dom-webpack cache-miss
618 http fetch GET 200 https://registry.npmjs.org/react-server-dom-webpack 633ms (cache miss)
619 silly packumentCache full:https://registry.npmjs.org/react-server-dom-webpack set size:undefined disposed:false
620 silly fetch manifest webpack@^5.59.0
621 silly packumentCache full:https://registry.npmjs.org/webpack cache-miss
622 http fetch GET 200 https://registry.npmjs.org/webpack 578ms (cache miss)
623 silly packumentCache full:https://registry.npmjs.org/webpack set size:undefined disposed:false
624 silly fetch manifest @aws/durable-execution-sdk-js@^2.1.0
625 silly packumentCache full:https://registry.npmjs.org/@aws%2fdurable-execution-sdk-js cache-miss
626 http fetch GET 200 https://registry.npmjs.org/@aws%2fdurable-execution-sdk-js 352ms (cache miss)
627 silly packumentCache full:https://registry.npmjs.org/@aws%2fdurable-execution-sdk-js set size:undefined disposed:false
628 silly fetch manifest @effect/platform-node@>=4.0.0-rc.110 || >=4.0.0
629 silly packumentCache full:https://registry.npmjs.org/@effect%2fplatform-node cache-miss
630 http fetch GET 200 https://registry.npmjs.org/@effect%2fplatform-node 400ms (cache miss)
631 silly packumentCache full:https://registry.npmjs.org/@effect%2fplatform-node set size:undefined disposed:false
632 silly fetch manifest redis@>=5.0.0 <7.0.0
633 silly packumentCache full:https://registry.npmjs.org/redis cache-miss
634 http fetch GET 200 https://registry.npmjs.org/redis 367ms (cache miss)
635 silly packumentCache full:https://registry.npmjs.org/redis set size:undefined disposed:false
636 silly fetch manifest @effect/sql-mysql2@>=4.0.0-rc.110 || >=4.0.0
637 silly packumentCache full:https://registry.npmjs.org/@effect%2fsql-mysql2 cache-miss
638 http fetch GET 200 https://registry.npmjs.org/@effect%2fsql-mysql2 278ms (cache miss)
639 silly packumentCache full:https://registry.npmjs.org/@effect%2fsql-mysql2 set size:undefined disposed:false
640 silly fetch manifest @effect/sql-pg@>=4.0.0-rc.110 || >=4.0.0
641 silly packumentCache full:https://registry.npmjs.org/@effect%2fsql-pg cache-miss
642 http fetch GET 200 https://registry.npmjs.org/@effect%2fsql-pg 427ms (cache miss)
643 silly packumentCache full:https://registry.npmjs.org/@effect%2fsql-pg set size:undefined disposed:false
644 silly fetch manifest drizzle-kit@1.0.0-rc.5-ab785fc
645 silly packumentCache full:https://registry.npmjs.org/drizzle-kit cache-miss
646 http fetch GET 200 https://registry.npmjs.org/drizzle-kit 387ms (cache miss)
647 silly packumentCache full:https://registry.npmjs.org/drizzle-kit set size:undefined disposed:false
648 silly fetch manifest drizzle-orm@1.0.0-rc.5-ab785fc
649 silly packumentCache full:https://registry.npmjs.org/drizzle-orm cache-miss
650 http fetch GET 200 https://registry.npmjs.org/drizzle-orm 4480ms (cache miss)
651 silly packumentCache full:https://registry.npmjs.org/drizzle-orm set size:undefined disposed:false
652 silly fetch manifest @aws-sdk/client-rds-data@>=3
653 silly packumentCache full:https://registry.npmjs.org/@aws-sdk%2fclient-rds-data cache-miss
654 http fetch GET 200 https://registry.npmjs.org/@aws-sdk%2fclient-rds-data 392ms (cache miss)
655 silly packumentCache full:https://registry.npmjs.org/@aws-sdk%2fclient-rds-data set size:undefined disposed:false
656 silly fetch manifest @effect/sql-d1@>=4.0.0-beta.105 || >=4.0.0
657 silly packumentCache full:https://registry.npmjs.org/@effect%2fsql-d1 cache-miss
658 http fetch GET 200 https://registry.npmjs.org/@effect%2fsql-d1 261ms (cache miss)
659 silly packumentCache full:https://registry.npmjs.org/@effect%2fsql-d1 set size:undefined disposed:false
660 silly fetch manifest @effect/sql-libsql@>=4.0.0-beta.105 || >=4.0.0
661 silly packumentCache full:https://registry.npmjs.org/@effect%2fsql-libsql cache-miss
662 http fetch GET 200 https://registry.npmjs.org/@effect%2fsql-libsql 300ms (cache miss)
663 silly packumentCache full:https://registry.npmjs.org/@effect%2fsql-libsql set size:undefined disposed:false
664 silly fetch manifest @effect/sql-pglite@>=4.0.0-beta.105 || >=4.0.0
665 silly packumentCache full:https://registry.npmjs.org/@effect%2fsql-pglite cache-miss
666 http fetch GET 200 https://registry.npmjs.org/@effect%2fsql-pglite 451ms (cache miss)
667 silly packumentCache full:https://registry.npmjs.org/@effect%2fsql-pglite set size:undefined disposed:false
668 silly fetch manifest @effect/sql-sqlite-bun@>=4.0.0-beta.105 || >=4.0.0
669 silly packumentCache full:https://registry.npmjs.org/@effect%2fsql-sqlite-bun cache-miss
670 http fetch GET 200 https://registry.npmjs.org/@effect%2fsql-sqlite-bun 290ms (cache miss)
671 silly packumentCache full:https://registry.npmjs.org/@effect%2fsql-sqlite-bun set size:undefined disposed:false
672 silly fetch manifest @effect/sql-sqlite-do@>=4.0.0-beta.105 || >=4.0.0
673 silly packumentCache full:https://registry.npmjs.org/@effect%2fsql-sqlite-do cache-miss
674 http fetch GET 200 https://registry.npmjs.org/@effect%2fsql-sqlite-do 295ms (cache miss)
675 silly packumentCache full:https://registry.npmjs.org/@effect%2fsql-sqlite-do set size:undefined disposed:false
676 silly fetch manifest @effect/sql-sqlite-node@>=4.0.0-beta.105 || >=4.0.0
677 silly packumentCache full:https://registry.npmjs.org/@effect%2fsql-sqlite-node cache-miss
678 http fetch GET 200 https://registry.npmjs.org/@effect%2fsql-sqlite-node 312ms (cache miss)
679 silly packumentCache full:https://registry.npmjs.org/@effect%2fsql-sqlite-node set size:undefined disposed:false
680 silly fetch manifest @effect/sql-sqlite-wasm@>=4.0.0-beta.105 || >=4.0.0
681 silly packumentCache full:https://registry.npmjs.org/@effect%2fsql-sqlite-wasm cache-miss
682 http fetch GET 200 https://registry.npmjs.org/@effect%2fsql-sqlite-wasm 668ms (cache miss)
683 silly packumentCache full:https://registry.npmjs.org/@effect%2fsql-sqlite-wasm set size:undefined disposed:false
684 silly fetch manifest @effect/wa-sqlite@>=0.1.2 <0.2.0
685 silly packumentCache full:https://registry.npmjs.org/@effect%2fwa-sqlite cache-miss
686 http fetch GET 200 https://registry.npmjs.org/@effect%2fwa-sqlite 449ms (cache miss)
687 silly packumentCache full:https://registry.npmjs.org/@effect%2fwa-sqlite set size:undefined disposed:false
688 silly fetch manifest @electric-sql/pglite@>=0.2.0
689 silly packumentCache full:https://registry.npmjs.org/@electric-sql%2fpglite cache-miss
690 http fetch GET 200 https://registry.npmjs.org/@electric-sql%2fpglite 307ms (cache miss)
691 silly packumentCache full:https://registry.npmjs.org/@electric-sql%2fpglite set size:undefined disposed:false
692 silly fetch manifest @libsql/client@>=0.10.0
693 silly packumentCache full:https://registry.npmjs.org/@libsql%2fclient cache-miss
694 http fetch GET 200 https://registry.npmjs.org/@libsql%2fclient 303ms (cache miss)
695 silly packumentCache full:https://registry.npmjs.org/@libsql%2fclient set size:undefined disposed:false
696 silly fetch manifest @libsql/client-wasm@>=0.10.0
697 silly packumentCache full:https://registry.npmjs.org/@libsql%2fclient-wasm cache-miss
698 http fetch GET 200 https://registry.npmjs.org/@libsql%2fclient-wasm 269ms (cache miss)
699 silly packumentCache full:https://registry.npmjs.org/@libsql%2fclient-wasm set size:undefined disposed:false
700 silly fetch manifest @neondatabase/serverless@>=0.10.0
701 silly packumentCache full:https://registry.npmjs.org/@neondatabase%2fserverless cache-miss
702 http fetch GET 200 https://registry.npmjs.org/@neondatabase%2fserverless 264ms (cache miss)
703 silly packumentCache full:https://registry.npmjs.org/@neondatabase%2fserverless set size:undefined disposed:false
704 silly fetch manifest @op-engineering/op-sqlite@>=17
705 silly packumentCache full:https://registry.npmjs.org/@op-engineering%2fop-sqlite cache-miss
706 http fetch GET 200 https://registry.npmjs.org/@op-engineering%2fop-sqlite 254ms (cache miss)
707 silly packumentCache full:https://registry.npmjs.org/@op-engineering%2fop-sqlite set size:undefined disposed:false
708 silly fetch manifest @sqlite.org/sqlite-wasm@*
709 silly packumentCache full:https://registry.npmjs.org/@sqlite.org%2fsqlite-wasm cache-miss
710 http fetch GET 200 https://registry.npmjs.org/@sqlite.org%2fsqlite-wasm 286ms (cache miss)
711 silly packumentCache full:https://registry.npmjs.org/@sqlite.org%2fsqlite-wasm set size:undefined disposed:false
712 silly fetch manifest react-native@*
713 silly packumentCache full:https://registry.npmjs.org/react-native cache-miss
714 http fetch GET 200 https://registry.npmjs.org/react-native 1207ms (cache miss)
715 silly packumentCache full:https://registry.npmjs.org/react-native set size:undefined disposed:false
716 silly fetch manifest @types/react@^19.1.1
717 silly packumentCache full:https://registry.npmjs.org/@types%2freact cache-miss
718 http fetch GET 200 https://registry.npmjs.org/@types%2freact 1980ms (cache miss)
719 silly packumentCache full:https://registry.npmjs.org/@types%2freact set size:undefined disposed:false
720 silly fetch manifest @planetscale/database@>=1.13
721 silly packumentCache full:https://registry.npmjs.org/@planetscale%2fdatabase cache-miss
722 http fetch GET 200 https://registry.npmjs.org/@planetscale%2fdatabase 321ms (cache miss)
723 silly packumentCache full:https://registry.npmjs.org/@planetscale%2fdatabase set size:undefined disposed:false
724 silly fetch manifest @sinclair/typebox@>=0.34.8
725 silly packumentCache full:https://registry.npmjs.org/@sinclair%2ftypebox cache-miss
726 http fetch GET 200 https://registry.npmjs.org/@sinclair%2ftypebox 542ms (cache miss)
727 silly packumentCache full:https://registry.npmjs.org/@sinclair%2ftypebox set size:undefined disposed:false
728 silly fetch manifest @sqlitecloud/drivers@>=1.0.653
729 silly packumentCache full:https://registry.npmjs.org/@sqlitecloud%2fdrivers cache-miss
730 http fetch GET 200 https://registry.npmjs.org/@sqlitecloud%2fdrivers 308ms (cache miss)
731 silly packumentCache full:https://registry.npmjs.org/@sqlitecloud%2fdrivers set size:undefined disposed:false
732 silly fetch manifest @craftzdog/react-native-buffer@*
733 silly packumentCache full:https://registry.npmjs.org/@craftzdog%2freact-native-buffer cache-miss
734 http fetch GET 200 https://registry.npmjs.org/@craftzdog%2freact-native-buffer 300ms (cache miss)
735 silly packumentCache full:https://registry.npmjs.org/@craftzdog%2freact-native-buffer set size:undefined disposed:false
736 silly fetch manifest react-native-quick-base64@*
737 silly packumentCache full:https://registry.npmjs.org/react-native-quick-base64 cache-miss
738 http fetch GET 200 https://registry.npmjs.org/react-native-quick-base64 318ms (cache miss)
739 silly packumentCache full:https://registry.npmjs.org/react-native-quick-base64 set size:undefined disposed:false
740 silly fetch manifest react-native-tcp-socket@*
741 silly packumentCache full:https://registry.npmjs.org/react-native-tcp-socket cache-miss
742 http fetch GET 200 https://registry.npmjs.org/react-native-tcp-socket 469ms (cache miss)
743 silly packumentCache full:https://registry.npmjs.org/react-native-tcp-socket set size:undefined disposed:false
744 silly fetch manifest react-native-url-polyfill@*
745 silly packumentCache full:https://registry.npmjs.org/react-native-url-polyfill cache-miss
746 http fetch GET 200 https://registry.npmjs.org/react-native-url-polyfill 213ms (cache miss)
747 silly packumentCache full:https://registry.npmjs.org/react-native-url-polyfill set size:undefined disposed:false
748 silly fetch manifest @tidbcloud/serverless@*
749 silly packumentCache full:https://registry.npmjs.org/@tidbcloud%2fserverless cache-miss
750 http fetch GET 200 https://registry.npmjs.org/@tidbcloud%2fserverless 297ms (cache miss)
751 silly packumentCache full:https://registry.npmjs.org/@tidbcloud%2fserverless set size:undefined disposed:false
752 silly fetch manifest @tursodatabase/database@>=0.7.1
753 silly packumentCache full:https://registry.npmjs.org/@tursodatabase%2fdatabase cache-miss
754 http fetch GET 200 https://registry.npmjs.org/@tursodatabase%2fdatabase 396ms (cache miss)
755 silly packumentCache full:https://registry.npmjs.org/@tursodatabase%2fdatabase set size:undefined disposed:false
756 silly fetch manifest @tursodatabase/database-common@>=0.7.1
757 silly packumentCache full:https://registry.npmjs.org/@tursodatabase%2fdatabase-common cache-miss
758 http fetch GET 200 https://registry.npmjs.org/@tursodatabase%2fdatabase-common 231ms (cache miss)
759 silly packumentCache full:https://registry.npmjs.org/@tursodatabase%2fdatabase-common set size:undefined disposed:false
760 silly fetch manifest @tursodatabase/database-wasm@>=0.7.1
761 silly packumentCache full:https://registry.npmjs.org/@tursodatabase%2fdatabase-wasm cache-miss
762 http fetch GET 200 https://registry.npmjs.org/@tursodatabase%2fdatabase-wasm 586ms (cache miss)
763 silly packumentCache full:https://registry.npmjs.org/@tursodatabase%2fdatabase-wasm set size:undefined disposed:false
764 silly fetch manifest @tursodatabase/serverless@>=1.4.0
765 silly packumentCache full:https://registry.npmjs.org/@tursodatabase%2fserverless cache-miss
766 http fetch GET 200 https://registry.npmjs.org/@tursodatabase%2fserverless 253ms (cache miss)
767 silly packumentCache full:https://registry.npmjs.org/@tursodatabase%2fserverless set size:undefined disposed:false
768 silly fetch manifest @tursodatabase/sync@>=0.7.1
769 silly packumentCache full:https://registry.npmjs.org/@tursodatabase%2fsync cache-miss
770 http fetch GET 200 https://registry.npmjs.org/@tursodatabase%2fsync 296ms (cache miss)
771 silly packumentCache full:https://registry.npmjs.org/@tursodatabase%2fsync set size:undefined disposed:false
772 silly fetch manifest @types/better-sqlite3@*
773 silly packumentCache full:https://registry.npmjs.org/@types%2fbetter-sqlite3 cache-miss
774 http fetch GET 200 https://registry.npmjs.org/@types%2fbetter-sqlite3 250ms (cache miss)
775 silly packumentCache full:https://registry.npmjs.org/@types%2fbetter-sqlite3 set size:undefined disposed:false
776 silly fetch manifest @types/mssql@^9.1.4
777 silly packumentCache full:https://registry.npmjs.org/@types%2fmssql cache-miss
778 http fetch GET 200 https://registry.npmjs.org/@types%2fmssql 255ms (cache miss)
779 silly packumentCache full:https://registry.npmjs.org/@types%2fmssql set size:undefined disposed:false
780 silly fetch manifest @types/pg@*
781 silly packumentCache full:https://registry.npmjs.org/@types%2fpg cache-miss
782 http fetch GET 200 https://registry.npmjs.org/@types%2fpg 278ms (cache miss)
783 silly packumentCache full:https://registry.npmjs.org/@types%2fpg set size:undefined disposed:false
784 silly fetch manifest @types/sql.js@*
785 silly packumentCache full:https://registry.npmjs.org/@types%2fsql.js cache-miss
786 http fetch GET 200 https://registry.npmjs.org/@types%2fsql.js 240ms (cache miss)
787 silly packumentCache full:https://registry.npmjs.org/@types%2fsql.js set size:undefined disposed:false
788 silly fetch manifest @upstash/redis@>=1.34.7
789 silly packumentCache full:https://registry.npmjs.org/@upstash%2fredis cache-miss
790 http fetch GET 200 https://registry.npmjs.org/@upstash%2fredis 568ms (cache miss)
791 silly packumentCache full:https://registry.npmjs.org/@upstash%2fredis set size:undefined disposed:false
792 silly fetch manifest @vercel/postgres@>=0.8.0
793 silly packumentCache full:https://registry.npmjs.org/@vercel%2fpostgres cache-miss
794 http fetch GET 200 https://registry.npmjs.org/@vercel%2fpostgres 287ms (cache miss)
795 silly packumentCache full:https://registry.npmjs.org/@vercel%2fpostgres set size:undefined disposed:false
796 silly fetch manifest @xata.io/client@*
797 silly packumentCache full:https://registry.npmjs.org/@xata.io%2fclient cache-miss
798 http fetch GET 200 https://registry.npmjs.org/@xata.io%2fclient 1300ms (cache miss)
799 silly packumentCache full:https://registry.npmjs.org/@xata.io%2fclient set size:undefined disposed:false
800 silly fetch manifest arktype@>=2.0.0
801 silly packumentCache full:https://registry.npmjs.org/arktype cache-miss
802 http cache https://registry.npmjs.org/arktype 129ms (cache hit)
803 silly packumentCache full:https://registry.npmjs.org/arktype set size:423205 disposed:false
804 silly fetch manifest better-sqlite3@>=9.3.0
805 silly packumentCache full:https://registry.npmjs.org/better-sqlite3 cache-miss
806 http fetch GET 200 https://registry.npmjs.org/better-sqlite3 279ms (cache miss)
807 silly packumentCache full:https://registry.npmjs.org/better-sqlite3 set size:undefined disposed:false
808 silly fetch manifest bun-types@*
809 silly packumentCache full:https://registry.npmjs.org/bun-types cache-miss
810 http fetch GET 200 https://registry.npmjs.org/bun-types 334ms (cache miss)
811 silly packumentCache full:https://registry.npmjs.org/bun-types set size:undefined disposed:false
812 silly fetch manifest expo-sqlite@>=14.0.0
813 silly packumentCache full:https://registry.npmjs.org/expo-sqlite cache-miss
814 http fetch GET 200 https://registry.npmjs.org/expo-sqlite 281ms (cache miss)
815 silly packumentCache full:https://registry.npmjs.org/expo-sqlite set size:undefined disposed:false
816 silly fetch manifest expo@*
817 silly packumentCache full:https://registry.npmjs.org/expo cache-miss
818 http fetch GET 200 https://registry.npmjs.org/expo 551ms (cache miss)
819 silly packumentCache full:https://registry.npmjs.org/expo set size:undefined disposed:false
820 silly fetch manifest @expo/metro-runtime@*
821 silly packumentCache full:https://registry.npmjs.org/@expo%2fmetro-runtime cache-miss
822 http fetch GET 200 https://registry.npmjs.org/@expo%2fmetro-runtime 382ms (cache miss)
823 silly packumentCache full:https://registry.npmjs.org/@expo%2fmetro-runtime set size:undefined disposed:false
824 silly fetch manifest react-native-web@*
825 silly packumentCache full:https://registry.npmjs.org/react-native-web cache-miss
826 http fetch GET 200 https://registry.npmjs.org/react-native-web 288ms (cache miss)
827 silly packumentCache full:https://registry.npmjs.org/react-native-web set size:undefined disposed:false
828 silly fetch manifest react-native-webview@*
829 silly packumentCache full:https://registry.npmjs.org/react-native-webview cache-miss
830 http fetch GET 200 https://registry.npmjs.org/react-native-webview 454ms (cache miss)
831 silly packumentCache full:https://registry.npmjs.org/react-native-webview set size:undefined disposed:false
832 silly fetch manifest minipg@>=0.2.0
833 silly packumentCache full:https://registry.npmjs.org/minipg cache-miss
834 http fetch GET 200 https://registry.npmjs.org/minipg 250ms (cache miss)
835 silly packumentCache full:https://registry.npmjs.org/minipg set size:undefined disposed:false
836 silly fetch manifest mssql@^11.0.1
837 silly packumentCache full:https://registry.npmjs.org/mssql cache-miss
838 http fetch GET 200 https://registry.npmjs.org/mssql 285ms (cache miss)
839 silly packumentCache full:https://registry.npmjs.org/mssql set size:undefined disposed:false
840 silly fetch manifest mysql2@>=2
841 silly packumentCache full:https://registry.npmjs.org/mysql2 cache-miss
842 http fetch GET 200 https://registry.npmjs.org/mysql2 261ms (cache miss)
843 silly packumentCache full:https://registry.npmjs.org/mysql2 set size:undefined disposed:false
844 silly fetch manifest pg@>=8
845 silly packumentCache full:https://registry.npmjs.org/pg cache-miss
846 http fetch GET 200 https://registry.npmjs.org/pg 290ms (cache miss)
847 silly packumentCache full:https://registry.npmjs.org/pg set size:undefined disposed:false
848 silly fetch manifest pg-native@>=3.0.1
849 silly packumentCache full:https://registry.npmjs.org/pg-native cache-miss
850 http fetch GET 200 https://registry.npmjs.org/pg-native 236ms (cache miss)
851 silly packumentCache full:https://registry.npmjs.org/pg-native set size:undefined disposed:false
852 silly fetch manifest postgres@>=3
853 silly packumentCache full:https://registry.npmjs.org/postgres cache-miss
854 http fetch GET 200 https://registry.npmjs.org/postgres 237ms (cache miss)
855 silly packumentCache full:https://registry.npmjs.org/postgres set size:undefined disposed:false
856 silly fetch manifest sql.js@>=1
857 silly packumentCache full:https://registry.npmjs.org/sql.js cache-miss
858 http fetch GET 200 https://registry.npmjs.org/sql.js 328ms (cache miss)
859 silly packumentCache full:https://registry.npmjs.org/sql.js set size:undefined disposed:false
860 silly fetch manifest sqlite3@>=5
861 silly packumentCache full:https://registry.npmjs.org/sqlite3 cache-miss
862 http fetch GET 200 https://registry.npmjs.org/sqlite3 263ms (cache miss)
863 silly packumentCache full:https://registry.npmjs.org/sqlite3 set size:undefined disposed:false
864 silly fetch manifest typebox@>=1.2.0
865 silly packumentCache full:https://registry.npmjs.org/typebox cache-miss
866 http fetch GET 200 https://registry.npmjs.org/typebox 301ms (cache miss)
867 silly packumentCache full:https://registry.npmjs.org/typebox set size:undefined disposed:false
868 silly fetch manifest valibot@>=1.0.0-beta.7
869 silly packumentCache full:https://registry.npmjs.org/valibot cache-miss
870 http fetch GET 200 https://registry.npmjs.org/valibot 248ms (cache miss)
871 silly packumentCache full:https://registry.npmjs.org/valibot set size:undefined disposed:false
872 silly fetch manifest zod@^3.25.0 || ^4.0.0
873 silly packumentCache full:https://registry.npmjs.org/zod cache-miss
874 http fetch GET 200 https://registry.npmjs.org/zod 419ms (cache miss)
875 silly packumentCache full:https://registry.npmjs.org/zod set size:undefined disposed:false
876 silly fetch manifest mongodb@^6.10.0
877 silly packumentCache full:https://registry.npmjs.org/mongodb cache-miss
878 http fetch GET 200 https://registry.npmjs.org/mongodb 536ms (cache miss)
879 silly packumentCache full:https://registry.npmjs.org/mongodb set size:undefined disposed:false
880 silly fetch manifest @aws-sdk/credential-providers@^3.188.0
881 silly packumentCache full:https://registry.npmjs.org/@aws-sdk%2fcredential-providers cache-miss
882 http fetch GET 200 https://registry.npmjs.org/@aws-sdk%2fcredential-providers 567ms (cache miss)
883 silly packumentCache full:https://registry.npmjs.org/@aws-sdk%2fcredential-providers set size:undefined disposed:false
884 silly fetch manifest @mongodb-js/zstd@^1.1.0 || ^2.0.0
885 silly packumentCache full:https://registry.npmjs.org/@mongodb-js%2fzstd cache-miss
886 http fetch GET 200 https://registry.npmjs.org/@mongodb-js%2fzstd 414ms (cache miss)
887 silly packumentCache full:https://registry.npmjs.org/@mongodb-js%2fzstd set size:undefined disposed:false
888 silly fetch manifest gcp-metadata@^5.2.0
889 silly packumentCache full:https://registry.npmjs.org/gcp-metadata cache-miss
890 http fetch GET 200 https://registry.npmjs.org/gcp-metadata 234ms (cache miss)
891 silly packumentCache full:https://registry.npmjs.org/gcp-metadata set size:undefined disposed:false
892 silly fetch manifest kerberos@^2.0.1
893 silly packumentCache full:https://registry.npmjs.org/kerberos cache-miss
894 http fetch GET 200 https://registry.npmjs.org/kerberos 268ms (cache miss)
895 silly packumentCache full:https://registry.npmjs.org/kerberos set size:undefined disposed:false
896 silly fetch manifest mongodb-client-encryption@>=6.0.0 <7
897 silly packumentCache full:https://registry.npmjs.org/mongodb-client-encryption cache-miss
898 http fetch GET 200 https://registry.npmjs.org/mongodb-client-encryption 306ms (cache miss)
899 silly packumentCache full:https://registry.npmjs.org/mongodb-client-encryption set size:undefined disposed:false
900 silly fetch manifest snappy@^7.3.2
901 silly packumentCache full:https://registry.npmjs.org/snappy cache-miss
902 http fetch GET 200 https://registry.npmjs.org/snappy 255ms (cache miss)
903 silly packumentCache full:https://registry.npmjs.org/snappy set size:undefined disposed:false
904 silly fetch manifest socks@^2.7.1
905 silly packumentCache full:https://registry.npmjs.org/socks cache-miss
906 http fetch GET 200 https://registry.npmjs.org/socks 293ms (cache miss)
907 silly packumentCache full:https://registry.npmjs.org/socks set size:undefined disposed:false
908 silly fetch manifest bufferutil@^4.0.1
909 silly packumentCache full:https://registry.npmjs.org/bufferutil cache-miss
910 http fetch GET 200 https://registry.npmjs.org/bufferutil 232ms (cache miss)
911 silly packumentCache full:https://registry.npmjs.org/bufferutil set size:undefined disposed:false
912 silly fetch manifest utf-8-validate@>=5.0.2
913 silly packumentCache full:https://registry.npmjs.org/utf-8-validate cache-miss
914 http fetch GET 200 https://registry.npmjs.org/utf-8-validate 225ms (cache miss)
915 silly packumentCache full:https://registry.npmjs.org/utf-8-validate set size:undefined disposed:false
916 silly placeDep ROOT @prisma/composer@0.16.0 OK for: @prisma/composer-cli@0.16.0 want: 0.16.0
917 silly placeDep ROOT alchemy@2.0.0-beta.74 OK for: @prisma/composer-cli@0.16.0 want: 2.0.0-beta.74
918 silly placeDep ROOT effect@4.0.0-rc.112 OK for: alchemy@2.0.0-beta.74 want: >=4.0.0-rc.110 || >=4.0.0
919 silly placeDep ROOT esbuild@0.28.2 OK for: @prisma/composer-cli@0.16.0 want: ^0.28.1
920 silly fetch manifest arktype@^2.2.3
921 silly packumentCache full:https://registry.npmjs.org/arktype cache-hit
922 silly fetch manifest @effect/sql-d1@4.0.0-rc.112
923 silly packumentCache full:https://registry.npmjs.org/@effect%2fsql-d1 cache-miss
924 silly fetch manifest @effect/sql-sqlite-do@4.0.0-rc.112
925 silly packumentCache full:https://registry.npmjs.org/@effect%2fsql-sqlite-do cache-miss
926 silly fetch manifest @standard-schema/spec@^1.1.0
927 silly packumentCache full:https://registry.npmjs.org/@standard-schema%2fspec cache-miss
928 http cache https://registry.npmjs.org/@effect%2fsql-sqlite-do 129ms (cache hit)
929 silly packumentCache full:https://registry.npmjs.org/@effect%2fsql-sqlite-do set size:592089 disposed:false
930 silly fetch manifest @aws-sdk/credential-providers@^3.0.0
931 silly packumentCache full:https://registry.npmjs.org/@aws-sdk%2fcredential-providers cache-miss
932 http cache https://registry.npmjs.org/@effect%2fsql-d1 172ms (cache hit)
933 silly packumentCache full:https://registry.npmjs.org/@effect%2fsql-d1 set size:840088 disposed:false
934 silly fetch manifest @clack/prompts@^1.7.0
935 silly packumentCache full:https://registry.npmjs.org/@clack%2fprompts cache-miss
936 http cache https://registry.npmjs.org/@aws-sdk%2fcredential-providers 144ms (cache hit)
937 silly packumentCache full:https://registry.npmjs.org/@aws-sdk%2fcredential-providers set size:2371434 disposed:false
938 silly fetch manifest @effect/sql-d1@>=4.0.0-rc.110 || >=4.0.0
939 silly packumentCache full:https://registry.npmjs.org/@effect%2fsql-d1 cache-hit
940 silly fetch manifest @effect/sql-sqlite-do@>=4.0.0-rc.110 || >=4.0.0
941 silly packumentCache full:https://registry.npmjs.org/@effect%2fsql-sqlite-do cache-hit
942 silly fetch manifest @effect/vitest@>=4.0.0-rc.110 || >=4.0.0
943 silly packumentCache full:https://registry.npmjs.org/@effect%2fvitest cache-miss
944 http cache https://registry.npmjs.org/@clack%2fprompts 224ms (cache hit)
945 silly packumentCache full:https://registry.npmjs.org/@clack%2fprompts set size:176111 disposed:false
946 silly fetch manifest @libsql/client@^0.17.0
947 silly packumentCache full:https://registry.npmjs.org/@libsql%2fclient cache-miss
948 http fetch GET 200 https://registry.npmjs.org/@standard-schema%2fspec 453ms (cache miss)
949 silly packumentCache full:https://registry.npmjs.org/@standard-schema%2fspec set size:undefined disposed:false
950 silly fetch manifest @octokit/rest@^22.0.1
951 silly packumentCache full:https://registry.npmjs.org/@octokit%2frest cache-miss
952 http cache https://registry.npmjs.org/@libsql%2fclient 102ms (cache hit)
953 silly packumentCache full:https://registry.npmjs.org/@libsql%2fclient set size:392417 disposed:false
954 silly fetch manifest @octokit/webhooks@^14.2.0
955 silly packumentCache full:https://registry.npmjs.org/@octokit%2fwebhooks cache-miss
956 http fetch GET 200 https://registry.npmjs.org/@effect%2fvitest 286ms (cache miss)
957 silly packumentCache full:https://registry.npmjs.org/@effect%2fvitest set size:undefined disposed:false
958 silly fetch manifest @prisma/dev@^0.20.0
959 silly packumentCache full:https://registry.npmjs.org/@prisma%2fdev cache-miss
960 http fetch GET 200 https://registry.npmjs.org/@octokit%2frest 441ms (cache miss)
961 silly packumentCache full:https://registry.npmjs.org/@octokit%2frest set size:undefined disposed:false
962 silly fetch manifest @smithy/node-config-provider@^4.0.0
963 silly packumentCache full:https://registry.npmjs.org/@smithy%2fnode-config-provider cache-miss
964 http fetch GET 200 https://registry.npmjs.org/@octokit%2fwebhooks 463ms (cache miss)
965 silly packumentCache full:https://registry.npmjs.org/@octokit%2fwebhooks set size:undefined disposed:false
966 silly fetch manifest @smithy/shared-ini-file-loader@^4.3.4
967 silly packumentCache full:https://registry.npmjs.org/@smithy%2fshared-ini-file-loader cache-miss
968 http fetch GET 200 https://registry.npmjs.org/@prisma%2fdev 432ms (cache miss)
969 silly packumentCache full:https://registry.npmjs.org/@prisma%2fdev set size:undefined disposed:false
970 silly fetch manifest @smithy/types@^4.8.1
971 silly packumentCache full:https://registry.npmjs.org/@smithy%2ftypes cache-miss
972 http fetch GET 200 https://registry.npmjs.org/@smithy%2fnode-config-provider 339ms (cache miss)
973 silly packumentCache full:https://registry.npmjs.org/@smithy%2fnode-config-provider set size:undefined disposed:false
974 silly fetch manifest @types/aws-lambda@^8.10.152
975 silly packumentCache full:https://registry.npmjs.org/@types%2faws-lambda cache-miss
976 http fetch GET 200 https://registry.npmjs.org/@smithy%2fshared-ini-file-loader 268ms (cache miss)
977 silly packumentCache full:https://registry.npmjs.org/@smithy%2fshared-ini-file-loader set size:undefined disposed:false
978 silly fetch manifest aws4fetch@^1.0.20
979 silly packumentCache full:https://registry.npmjs.org/aws4fetch cache-miss
980 http fetch GET 200 https://registry.npmjs.org/@smithy%2ftypes 283ms (cache miss)
981 silly packumentCache full:https://registry.npmjs.org/@smithy%2ftypes set size:undefined disposed:false
982 silly fetch manifest capnweb@^0.6.1
983 silly packumentCache full:https://registry.npmjs.org/capnweb cache-miss
984 http fetch GET 200 https://registry.npmjs.org/aws4fetch 358ms (cache miss)
985 silly packumentCache full:https://registry.npmjs.org/aws4fetch set size:undefined disposed:false
986 silly fetch manifest fast-glob@^3.3.2
987 silly packumentCache full:https://registry.npmjs.org/fast-glob cache-miss
988 http fetch GET 200 https://registry.npmjs.org/@types%2faws-lambda 428ms (cache miss)
989 silly packumentCache full:https://registry.npmjs.org/@types%2faws-lambda set size:undefined disposed:false
990 silly fetch manifest fast-xml-parser@^5.3.4
991 silly packumentCache full:https://registry.npmjs.org/fast-xml-parser cache-miss
992 http fetch GET 200 https://registry.npmjs.org/capnweb 245ms (cache miss)
993 silly packumentCache full:https://registry.npmjs.org/capnweb set size:undefined disposed:false
994 silly fetch manifest ink@^6.3.1
995 silly packumentCache full:https://registry.npmjs.org/ink cache-miss
996 http fetch GET 200 https://registry.npmjs.org/fast-glob 212ms (cache miss)
997 silly packumentCache full:https://registry.npmjs.org/fast-glob set size:undefined disposed:false
998 silly fetch manifest jszip@^3.10.1
999 silly packumentCache full:https://registry.npmjs.org/jszip cache-miss
1000 http fetch GET 200 https://registry.npmjs.org/fast-xml-parser 323ms (cache miss)
1001 silly packumentCache full:https://registry.npmjs.org/fast-xml-parser set size:undefined disposed:false
1002 silly fetch manifest libsodium-wrappers@^0.8.3
1003 silly packumentCache full:https://registry.npmjs.org/libsodium-wrappers cache-miss
1004 http fetch GET 200 https://registry.npmjs.org/ink 299ms (cache miss)
1005 silly packumentCache full:https://registry.npmjs.org/ink set size:undefined disposed:false
1006 silly fetch manifest rolldown@1.1.5
1007 silly packumentCache full:https://registry.npmjs.org/rolldown cache-miss
1008 http cache https://registry.npmjs.org/rolldown 112ms (cache hit)
1009 silly packumentCache full:https://registry.npmjs.org/rolldown set size:3801673 disposed:false
1010 silly fetch manifest undici@^7.16.0
1011 silly packumentCache full:https://registry.npmjs.org/undici cache-miss
1012 http fetch GET 200 https://registry.npmjs.org/jszip 553ms (cache miss)
1013 silly packumentCache full:https://registry.npmjs.org/jszip set size:undefined disposed:false
1014 silly fetch manifest @alchemy.run/cloudflare-runtime@2.0.0-beta.74
1015 silly packumentCache full:https://registry.npmjs.org/@alchemy.run%2fcloudflare-runtime cache-miss
1016 http fetch GET 200 https://registry.npmjs.org/libsodium-wrappers 576ms (cache miss)
1017 silly packumentCache full:https://registry.npmjs.org/libsodium-wrappers set size:undefined disposed:false
1018 silly fetch manifest @alchemy.run/floci@2.0.0-beta.74
1019 silly packumentCache full:https://registry.npmjs.org/@alchemy.run%2ffloci cache-miss
1020 http fetch GET 200 https://registry.npmjs.org/undici 321ms (cache miss)
1021 silly packumentCache full:https://registry.npmjs.org/undici set size:undefined disposed:false
1022 silly fetch manifest @distilled.cloud/aws@1.0.0-rc.6
1023 silly packumentCache full:https://registry.npmjs.org/@distilled.cloud%2faws cache-miss
1024 http fetch GET 200 https://registry.npmjs.org/@alchemy.run%2ffloci 222ms (cache miss)
1025 silly packumentCache full:https://registry.npmjs.org/@alchemy.run%2ffloci set size:undefined disposed:false
1026 silly fetch manifest @distilled.cloud/axiom@1.0.0-rc.6
1027 silly packumentCache full:https://registry.npmjs.org/@distilled.cloud%2faxiom cache-miss
1028 http fetch GET 200 https://registry.npmjs.org/@alchemy.run%2fcloudflare-runtime 442ms (cache miss)
1029 silly packumentCache full:https://registry.npmjs.org/@alchemy.run%2fcloudflare-runtime set size:undefined disposed:false
1030 silly fetch manifest @alchemy.run/node-utils@2.0.0-beta.74
1031 silly packumentCache full:https://registry.npmjs.org/@alchemy.run%2fnode-utils cache-miss
1032 http fetch GET 200 https://registry.npmjs.org/@distilled.cloud%2faws 283ms (cache miss)
1033 silly packumentCache full:https://registry.npmjs.org/@distilled.cloud%2faws set size:undefined disposed:false
1034 silly fetch manifest @distilled.cloud/cloudflare@1.0.0-rc.6
1035 silly packumentCache full:https://registry.npmjs.org/@distilled.cloud%2fcloudflare cache-miss
1036 http fetch GET 200 https://registry.npmjs.org/@distilled.cloud%2faxiom 261ms (cache miss)
1037 silly packumentCache full:https://registry.npmjs.org/@distilled.cloud%2faxiom set size:undefined disposed:false
1038 silly fetch manifest @distilled.cloud/core@1.0.0-rc.6
1039 silly packumentCache full:https://registry.npmjs.org/@distilled.cloud%2fcore cache-miss
1040 http fetch GET 200 https://registry.npmjs.org/@alchemy.run%2fnode-utils 226ms (cache miss)
1041 silly packumentCache full:https://registry.npmjs.org/@alchemy.run%2fnode-utils set size:undefined disposed:false
1042 silly fetch manifest @distilled.cloud/fly-io@1.0.0-rc.6
1043 silly packumentCache full:https://registry.npmjs.org/@distilled.cloud%2ffly-io cache-miss
1044 http fetch GET 200 https://registry.npmjs.org/@distilled.cloud%2fcloudflare 252ms (cache miss)
1045 silly packumentCache full:https://registry.npmjs.org/@distilled.cloud%2fcloudflare set size:undefined disposed:false
1046 silly fetch manifest @distilled.cloud/hetzner@1.0.0-rc.6
1047 silly packumentCache full:https://registry.npmjs.org/@distilled.cloud%2fhetzner cache-miss
1048 http fetch GET 200 https://registry.npmjs.org/@distilled.cloud%2fcore 240ms (cache miss)
1049 silly packumentCache full:https://registry.npmjs.org/@distilled.cloud%2fcore set size:undefined disposed:false
1050 silly fetch manifest @distilled.cloud/planetscale@1.0.0-rc.6
1051 silly packumentCache full:https://registry.npmjs.org/@distilled.cloud%2fplanetscale cache-miss
1052 http fetch GET 200 https://registry.npmjs.org/@distilled.cloud%2ffly-io 246ms (cache miss)
1053 silly packumentCache full:https://registry.npmjs.org/@distilled.cloud%2ffly-io set size:undefined disposed:false
1054 silly fetch manifest @distilled.cloud/neon@1.0.0-rc.6
1055 silly packumentCache full:https://registry.npmjs.org/@distilled.cloud%2fneon cache-miss
1056 http fetch GET 200 https://registry.npmjs.org/@distilled.cloud%2fhetzner 239ms (cache miss)
1057 silly packumentCache full:https://registry.npmjs.org/@distilled.cloud%2fhetzner set size:undefined disposed:false
1058 silly fetch manifest msgpackr@^2.0.5
1059 silly packumentCache full:https://registry.npmjs.org/msgpackr cache-miss
1060 http fetch GET 200 https://registry.npmjs.org/@distilled.cloud%2fneon 295ms (cache miss)
1061 silly packumentCache full:https://registry.npmjs.org/@distilled.cloud%2fneon set size:undefined disposed:false
1062 silly fetch manifest fast-check@^4.9.0
1063 silly packumentCache full:https://registry.npmjs.org/fast-check cache-miss
1064 http fetch GET 200 https://registry.npmjs.org/msgpackr 441ms (cache miss)
1065 silly packumentCache full:https://registry.npmjs.org/msgpackr set size:undefined disposed:false
1066 silly fetch manifest @esbuild/aix-ppc64@0.28.2
1067 silly packumentCache full:https://registry.npmjs.org/@esbuild%2faix-ppc64 cache-miss
1068 http fetch GET 200 https://registry.npmjs.org/@distilled.cloud%2fplanetscale 677ms (cache miss)
1069 silly packumentCache full:https://registry.npmjs.org/@distilled.cloud%2fplanetscale set size:undefined disposed:false
1070 silly fetch manifest @esbuild/linux-arm@0.28.2
1071 silly packumentCache full:https://registry.npmjs.org/@esbuild%2flinux-arm cache-miss
1072 http fetch GET 200 https://registry.npmjs.org/fast-check 669ms (cache miss)
1073 silly packumentCache full:https://registry.npmjs.org/fast-check set size:undefined disposed:false
1074 silly fetch manifest @esbuild/linux-x64@0.28.2
1075 silly packumentCache full:https://registry.npmjs.org/@esbuild%2flinux-x64 cache-miss
1076 http fetch GET 200 https://registry.npmjs.org/@esbuild%2faix-ppc64 551ms (cache miss)
1077 silly packumentCache full:https://registry.npmjs.org/@esbuild%2faix-ppc64 set size:undefined disposed:false
1078 silly fetch manifest @esbuild/sunos-x64@0.28.2
1079 silly packumentCache full:https://registry.npmjs.org/@esbuild%2fsunos-x64 cache-miss
1080 http fetch GET 200 https://registry.npmjs.org/@esbuild%2flinux-arm 577ms (cache miss)
1081 silly packumentCache full:https://registry.npmjs.org/@esbuild%2flinux-arm set size:undefined disposed:false
1082 silly fetch manifest @esbuild/win32-x64@0.28.2
1083 silly packumentCache full:https://registry.npmjs.org/@esbuild%2fwin32-x64 cache-miss
1084 http fetch GET 200 https://registry.npmjs.org/@esbuild%2flinux-x64 295ms (cache miss)
1085 silly packumentCache full:https://registry.npmjs.org/@esbuild%2flinux-x64 set size:undefined disposed:false
1086 silly fetch manifest @esbuild/darwin-x64@0.28.2
1087 silly packumentCache full:https://registry.npmjs.org/@esbuild%2fdarwin-x64 cache-miss
1088 http fetch GET 200 https://registry.npmjs.org/@esbuild%2fdarwin-x64 281ms (cache miss)
1089 silly packumentCache full:https://registry.npmjs.org/@esbuild%2fdarwin-x64 set size:undefined disposed:false
1090 silly fetch manifest @esbuild/linux-ia32@0.28.2
1091 silly packumentCache full:https://registry.npmjs.org/@esbuild%2flinux-ia32 cache-miss
1092 http fetch GET 200 https://registry.npmjs.org/@esbuild%2fsunos-x64 608ms (cache miss)
1093 silly packumentCache full:https://registry.npmjs.org/@esbuild%2fsunos-x64 set size:undefined disposed:false
1094 silly fetch manifest @esbuild/netbsd-x64@0.28.2
1095 silly packumentCache full:https://registry.npmjs.org/@esbuild%2fnetbsd-x64 cache-miss
1096 http fetch GET 200 https://registry.npmjs.org/@esbuild%2fwin32-x64 571ms (cache miss)
1097 silly packumentCache full:https://registry.npmjs.org/@esbuild%2fwin32-x64 set size:undefined disposed:false
1098 silly fetch manifest @esbuild/win32-ia32@0.28.2
1099 silly packumentCache full:https://registry.npmjs.org/@esbuild%2fwin32-ia32 cache-miss
1100 http fetch GET 200 https://registry.npmjs.org/@esbuild%2flinux-ia32 282ms (cache miss)
1101 silly packumentCache full:https://registry.npmjs.org/@esbuild%2flinux-ia32 set size:undefined disposed:false
1102 silly fetch manifest @esbuild/android-arm@0.28.2
1103 silly packumentCache full:https://registry.npmjs.org/@esbuild%2fandroid-arm cache-miss
1104 http fetch GET 200 https://registry.npmjs.org/@esbuild%2fnetbsd-x64 274ms (cache miss)
1105 silly packumentCache full:https://registry.npmjs.org/@esbuild%2fnetbsd-x64 set size:undefined disposed:false
1106 silly fetch manifest @esbuild/android-x64@0.28.2
1107 silly packumentCache full:https://registry.npmjs.org/@esbuild%2fandroid-x64 cache-miss
1108 http fetch GET 200 https://registry.npmjs.org/@esbuild%2fwin32-ia32 282ms (cache miss)
1109 silly packumentCache full:https://registry.npmjs.org/@esbuild%2fwin32-ia32 set size:undefined disposed:false
1110 silly fetch manifest @esbuild/freebsd-x64@0.28.2
1111 silly packumentCache full:https://registry.npmjs.org/@esbuild%2ffreebsd-x64 cache-miss
1112 http fetch GET 200 https://registry.npmjs.org/@esbuild%2fandroid-arm 417ms (cache miss)
1113 silly packumentCache full:https://registry.npmjs.org/@esbuild%2fandroid-arm set size:undefined disposed:false
1114 silly fetch manifest @esbuild/linux-arm64@0.28.2
1115 silly packumentCache full:https://registry.npmjs.org/@esbuild%2flinux-arm64 cache-miss
1116 http fetch GET 200 https://registry.npmjs.org/@esbuild%2fandroid-x64 290ms (cache miss)
1117 silly packumentCache full:https://registry.npmjs.org/@esbuild%2fandroid-x64 set size:undefined disposed:false
1118 silly fetch manifest @esbuild/linux-ppc64@0.28.2
1119 silly packumentCache full:https://registry.npmjs.org/@esbuild%2flinux-ppc64 cache-miss
1120 http fetch GET 200 https://registry.npmjs.org/@esbuild%2ffreebsd-x64 286ms (cache miss)
1121 silly packumentCache full:https://registry.npmjs.org/@esbuild%2ffreebsd-x64 set size:undefined disposed:false
1122 silly fetch manifest @esbuild/linux-s390x@0.28.2
1123 silly packumentCache full:https://registry.npmjs.org/@esbuild%2flinux-s390x cache-miss
1124 http fetch GET 200 https://registry.npmjs.org/@esbuild%2flinux-arm64 250ms (cache miss)
1125 silly packumentCache full:https://registry.npmjs.org/@esbuild%2flinux-arm64 set size:undefined disposed:false
1126 silly fetch manifest @esbuild/openbsd-x64@0.28.2
1127 silly packumentCache full:https://registry.npmjs.org/@esbuild%2fopenbsd-x64 cache-miss
1128 http fetch GET 200 https://registry.npmjs.org/@esbuild%2flinux-s390x 247ms (cache miss)
1129 silly packumentCache full:https://registry.npmjs.org/@esbuild%2flinux-s390x set size:undefined disposed:false
1130 silly fetch manifest @esbuild/win32-arm64@0.28.2
1131 silly packumentCache full:https://registry.npmjs.org/@esbuild%2fwin32-arm64 cache-miss
1132 http fetch GET 200 https://registry.npmjs.org/@esbuild%2flinux-ppc64 271ms (cache miss)
1133 silly packumentCache full:https://registry.npmjs.org/@esbuild%2flinux-ppc64 set size:undefined disposed:false
1134 silly fetch manifest @esbuild/darwin-arm64@0.28.2
1135 silly packumentCache full:https://registry.npmjs.org/@esbuild%2fdarwin-arm64 cache-miss
1136 http fetch GET 200 https://registry.npmjs.org/@esbuild%2fopenbsd-x64 222ms (cache miss)
1137 silly packumentCache full:https://registry.npmjs.org/@esbuild%2fopenbsd-x64 set size:undefined disposed:false
1138 silly fetch manifest @esbuild/netbsd-arm64@0.28.2
1139 silly packumentCache full:https://registry.npmjs.org/@esbuild%2fnetbsd-arm64 cache-miss
1140 http fetch GET 200 https://registry.npmjs.org/@esbuild%2fdarwin-arm64 306ms (cache miss)
1141 silly packumentCache full:https://registry.npmjs.org/@esbuild%2fdarwin-arm64 set size:undefined disposed:false
1142 silly fetch manifest @esbuild/android-arm64@0.28.2
1143 silly packumentCache full:https://registry.npmjs.org/@esbuild%2fandroid-arm64 cache-miss
1144 http fetch GET 200 https://registry.npmjs.org/@esbuild%2fwin32-arm64 454ms (cache miss)
1145 silly packumentCache full:https://registry.npmjs.org/@esbuild%2fwin32-arm64 set size:undefined disposed:false
1146 silly fetch manifest @esbuild/freebsd-arm64@0.28.2
1147 silly packumentCache full:https://registry.npmjs.org/@esbuild%2ffreebsd-arm64 cache-miss
1148 http fetch GET 200 https://registry.npmjs.org/@esbuild%2fnetbsd-arm64 383ms (cache miss)
1149 silly packumentCache full:https://registry.npmjs.org/@esbuild%2fnetbsd-arm64 set size:undefined disposed:false
1150 silly fetch manifest @esbuild/linux-loong64@0.28.2
1151 silly packumentCache full:https://registry.npmjs.org/@esbuild%2flinux-loong64 cache-miss
1152 http fetch GET 200 https://registry.npmjs.org/@esbuild%2fandroid-arm64 433ms (cache miss)
1153 silly packumentCache full:https://registry.npmjs.org/@esbuild%2fandroid-arm64 set size:undefined disposed:false
1154 silly fetch manifest @esbuild/linux-riscv64@0.28.2
1155 silly packumentCache full:https://registry.npmjs.org/@esbuild%2flinux-riscv64 cache-miss
1156 http fetch GET 200 https://registry.npmjs.org/@esbuild%2ffreebsd-arm64 572ms (cache miss)
1157 silly packumentCache full:https://registry.npmjs.org/@esbuild%2ffreebsd-arm64 set size:undefined disposed:false
1158 silly fetch manifest @esbuild/openbsd-arm64@0.28.2
1159 silly packumentCache full:https://registry.npmjs.org/@esbuild%2fopenbsd-arm64 cache-miss
1160 http fetch GET 200 https://registry.npmjs.org/@esbuild%2flinux-loong64 558ms (cache miss)
1161 silly packumentCache full:https://registry.npmjs.org/@esbuild%2flinux-loong64 set size:undefined disposed:false
1162 silly fetch manifest @esbuild/linux-mips64el@0.28.2
1163 silly packumentCache full:https://registry.npmjs.org/@esbuild%2flinux-mips64el cache-miss
1164 http fetch GET 200 https://registry.npmjs.org/@esbuild%2flinux-riscv64 401ms (cache miss)
1165 silly packumentCache full:https://registry.npmjs.org/@esbuild%2flinux-riscv64 set size:undefined disposed:false
1166 silly fetch manifest @esbuild/openharmony-arm64@0.28.2
1167 silly packumentCache full:https://registry.npmjs.org/@esbuild%2fopenharmony-arm64 cache-miss
1168 http fetch GET 200 https://registry.npmjs.org/@esbuild%2fopenbsd-arm64 225ms (cache miss)
1169 silly packumentCache full:https://registry.npmjs.org/@esbuild%2fopenbsd-arm64 set size:undefined disposed:false
1170 http fetch GET 200 https://registry.npmjs.org/@esbuild%2flinux-mips64el 308ms (cache miss)
1171 silly packumentCache full:https://registry.npmjs.org/@esbuild%2flinux-mips64el set size:undefined disposed:false
1172 http fetch GET 200 https://registry.npmjs.org/@esbuild%2fopenharmony-arm64 237ms (cache miss)
1173 silly packumentCache full:https://registry.npmjs.org/@esbuild%2fopenharmony-arm64 set size:undefined disposed:false
1174 silly placeDep ROOT @effect/sql-d1@4.0.0-rc.112 OK for: @prisma/composer@0.16.0 want: 4.0.0-rc.112
1175 silly placeDep ROOT @effect/sql-sqlite-do@4.0.0-rc.112 OK for: @prisma/composer@0.16.0 want: 4.0.0-rc.112
1176 silly placeDep ROOT @standard-schema/spec@1.1.0 OK for: @prisma/composer@0.16.0 want: ^1.1.0
1177 silly placeDep ROOT arktype@2.2.3 OK for: @prisma/composer@0.16.0 want: ^2.2.3
1178 silly fetch manifest @cloudflare/workers-types@^5.20260822.1
1179 silly packumentCache full:https://registry.npmjs.org/@cloudflare%2fworkers-types cache-miss
1180 silly fetch manifest @ark/util@0.56.2
1181 silly packumentCache full:https://registry.npmjs.org/@ark%2futil cache-miss
1182 silly fetch manifest arkregex@0.0.8
1183 silly packumentCache full:https://registry.npmjs.org/arkregex cache-miss
1184 http cache https://registry.npmjs.org/@cloudflare%2fworkers-types 38ms (cache hit)
1185 silly packumentCache full:https://registry.npmjs.org/@cloudflare%2fworkers-types set size:1869235 disposed:false
1186 silly fetch manifest @ark/schema@0.56.2
1187 silly packumentCache full:https://registry.npmjs.org/@ark%2fschema cache-miss
1188 http fetch GET 200 https://registry.npmjs.org/arkregex 227ms (cache miss)
1189 silly packumentCache full:https://registry.npmjs.org/arkregex set size:undefined disposed:false
1190 http fetch GET 200 https://registry.npmjs.org/@ark%2futil 311ms (cache miss)
1191 silly packumentCache full:https://registry.npmjs.org/@ark%2futil set size:undefined disposed:false
1192 http fetch GET 200 https://registry.npmjs.org/@ark%2fschema 332ms (cache miss)
1193 silly packumentCache full:https://registry.npmjs.org/@ark%2fschema set size:undefined disposed:false
1194 silly placeDep ROOT @cloudflare/workers-types@5.20260827.1 OK for: @effect/sql-d1@4.0.0-rc.112 want: ^5.20260822.1
1195 silly placeDep ROOT @vercel/nft@1.11.0 OK for: @prisma/compute-sdk@0.42.0 want: ^1.10.2
1196 silly placeDep ROOT magicast@0.5.4 OK for: @prisma/compute-sdk@0.42.0 want: ^0.5.3
1197 silly placeDep node_modules/@prisma/compute-sdk picomatch@4.0.7 OK for: @prisma/compute-sdk@0.42.0 want: ^4.0.4
1198 silly placeDep ROOT tar-stream@3.2.1 OK for: @prisma/compute-sdk@0.42.0 want: ^3.1.8
1199 silly placeDep ROOT tiny-invariant@1.3.3 OK for: @prisma/compute-sdk@0.42.0 want: 1.3.3
1200 silly placeDep ROOT ws@8.21.3 OK for: @prisma/compute-sdk@0.42.0 want: ^8.20.0
1201 silly fetch manifest glob@^13.0.0
1202 silly packumentCache full:https://registry.npmjs.org/glob cache-miss
1203 silly fetch manifest bindings@^1.4.0
1204 silly packumentCache full:https://registry.npmjs.org/bindings cache-miss
1205 silly fetch manifest async-sema@^3.1.1
1206 silly packumentCache full:https://registry.npmjs.org/async-sema cache-miss
1207 http fetch GET 200 https://registry.npmjs.org/bindings 211ms (cache miss)
1208 silly packumentCache full:https://registry.npmjs.org/bindings set size:undefined disposed:false
1209 silly fetch manifest resolve-from@^5.0.0
1210 silly packumentCache full:https://registry.npmjs.org/resolve-from cache-miss
1211 http fetch GET 200 https://registry.npmjs.org/async-sema 250ms (cache miss)
1212 silly packumentCache full:https://registry.npmjs.org/async-sema set size:undefined disposed:false
1213 silly fetch manifest estree-walker@2.0.2
1214 silly packumentCache full:https://registry.npmjs.org/estree-walker cache-miss
1215 http fetch GET 200 https://registry.npmjs.org/glob 262ms (cache miss)
1216 silly packumentCache full:https://registry.npmjs.org/glob set size:undefined disposed:false
1217 silly fetch manifest node-gyp-build@^4.2.2
1218 silly packumentCache full:https://registry.npmjs.org/node-gyp-build cache-miss
1219 http fetch GET 200 https://registry.npmjs.org/resolve-from 277ms (cache miss)
1220 silly packumentCache full:https://registry.npmjs.org/resolve-from set size:undefined disposed:false
1221 silly fetch manifest @rollup/pluginutils@^5.1.3
1222 silly packumentCache full:https://registry.npmjs.org/@rollup%2fpluginutils cache-miss
1223 http fetch GET 200 https://registry.npmjs.org/estree-walker 250ms (cache miss)
1224 silly packumentCache full:https://registry.npmjs.org/estree-walker set size:undefined disposed:false
1225 silly fetch manifest @mapbox/node-pre-gyp@^2.0.0
1226 silly packumentCache full:https://registry.npmjs.org/@mapbox%2fnode-pre-gyp cache-miss
1227 http fetch GET 200 https://registry.npmjs.org/node-gyp-build 235ms (cache miss)
1228 silly packumentCache full:https://registry.npmjs.org/node-gyp-build set size:undefined disposed:false
1229 silly fetch manifest acorn-import-attributes@^1.9.5
1230 silly packumentCache full:https://registry.npmjs.org/acorn-import-attributes cache-miss
1231 http fetch GET 200 https://registry.npmjs.org/@mapbox%2fnode-pre-gyp 246ms (cache miss)
1232 silly packumentCache full:https://registry.npmjs.org/@mapbox%2fnode-pre-gyp set size:undefined disposed:false
1233 silly fetch manifest b4a@^1.6.4
1234 silly packumentCache full:https://registry.npmjs.org/b4a cache-miss
1235 http fetch GET 200 https://registry.npmjs.org/@rollup%2fpluginutils 269ms (cache miss)
1236 silly packumentCache full:https://registry.npmjs.org/@rollup%2fpluginutils set size:undefined disposed:false
1237 silly fetch manifest bare-fs@^4.5.5
1238 silly packumentCache full:https://registry.npmjs.org/bare-fs cache-miss
1239 http fetch GET 200 https://registry.npmjs.org/acorn-import-attributes 263ms (cache miss)
1240 silly packumentCache full:https://registry.npmjs.org/acorn-import-attributes set size:undefined disposed:false
1241 silly fetch manifest streamx@^2.15.0
1242 silly packumentCache full:https://registry.npmjs.org/streamx cache-miss
1243 http fetch GET 200 https://registry.npmjs.org/b4a 238ms (cache miss)
1244 silly packumentCache full:https://registry.npmjs.org/b4a set size:undefined disposed:false
1245 silly fetch manifest fast-fifo@^1.2.0
1246 silly packumentCache full:https://registry.npmjs.org/fast-fifo cache-miss
1247 http fetch GET 200 https://registry.npmjs.org/bare-fs 245ms (cache miss)
1248 silly packumentCache full:https://registry.npmjs.org/bare-fs set size:undefined disposed:false
1249 http fetch GET 200 https://registry.npmjs.org/streamx 244ms (cache miss)
1250 silly packumentCache full:https://registry.npmjs.org/streamx set size:undefined disposed:false
1251 http fetch GET 200 https://registry.npmjs.org/fast-fifo 212ms (cache miss)
1252 silly packumentCache full:https://registry.npmjs.org/fast-fifo set size:undefined disposed:false
1253 silly placeDep ROOT openapi-fetch@0.14.0 OK for: @prisma/management-api-sdk@1.69.0 want: 0.14.0
1254 silly fetch manifest openapi-typescript-helpers@^0.0.15
1255 silly packumentCache full:https://registry.npmjs.org/openapi-typescript-helpers cache-miss
1256 http fetch GET 200 https://registry.npmjs.org/openapi-typescript-helpers 237ms (cache miss)
1257 silly packumentCache full:https://registry.npmjs.org/openapi-typescript-helpers set size:undefined disposed:false
1258 silly placeDep ROOT @prisma/orm-framework@8.0.0-rc.8 OK for: @prisma/orm-toolchain@8.0.0-rc.8 want: 8.0.0-rc.8
1259 silly placeDep ROOT ci-info@4.4.0 OK for: @prisma/orm-toolchain@8.0.0-rc.8 want: ^4.3.1
1260 silly placeDep ROOT clipanion@4.0.0-rc.4 OK for: @prisma/orm-toolchain@8.0.0-rc.8 want: 4.0.0-rc.4
1261 silly placeDep ROOT closest-match@1.3.3 OK for: @prisma/orm-toolchain@8.0.0-rc.8 want: ^1.3.3
1262 silly placeDep ROOT jsonc-parser@3.3.1 OK for: @prisma/orm-toolchain@8.0.0-rc.8 want: ^3.3.1
1263 silly placeDep ROOT pathe@2.0.3 OK for: @prisma/orm-toolchain@8.0.0-rc.8 want: ^2.0.3
1264 silly placeDep ROOT prettier@3.9.6 OK for: @prisma/orm-toolchain@8.0.0-rc.8 want: ^3.9.6
1265 silly placeDep ROOT strip-ansi@7.2.0 OK for: @prisma/orm-toolchain@8.0.0-rc.8 want: ^7.2.0
1266 silly placeDep ROOT vscode-languageserver@10.1.0 OK for: @prisma/orm-toolchain@8.0.0-rc.8 want: 10.1.0
1267 silly placeDep ROOT vscode-languageserver-textdocument@1.0.12 OK for: @prisma/orm-toolchain@8.0.0-rc.8 want: 1.0.12
1268 silly placeDep ROOT wrap-ansi@10.0.1 OK for: @prisma/orm-toolchain@8.0.0-rc.8 want: ^10.0.0
1269 silly fetch manifest uniku@^0.5.0
1270 silly packumentCache full:https://registry.npmjs.org/uniku cache-miss
1271 silly fetch manifest typanion@^3.8.0
1272 silly packumentCache full:https://registry.npmjs.org/typanion cache-miss
1273 silly fetch manifest ansi-regex@^6.2.2
1274 silly packumentCache full:https://registry.npmjs.org/ansi-regex cache-miss
1275 http fetch GET 200 https://registry.npmjs.org/ansi-regex 333ms (cache miss)
1276 silly packumentCache full:https://registry.npmjs.org/ansi-regex set size:undefined disposed:false
1277 silly fetch manifest vscode-languageserver-protocol@3.18.2
1278 silly packumentCache full:https://registry.npmjs.org/vscode-languageserver-protocol cache-miss
1279 http fetch GET 200 https://registry.npmjs.org/uniku 375ms (cache miss)
1280 silly packumentCache full:https://registry.npmjs.org/uniku set size:undefined disposed:false
1281 silly fetch manifest ansi-styles@^6.2.3
1282 silly packumentCache full:https://registry.npmjs.org/ansi-styles cache-miss
1283 http fetch GET 200 https://registry.npmjs.org/typanion 401ms (cache miss)
1284 silly packumentCache full:https://registry.npmjs.org/typanion set size:undefined disposed:false
1285 http fetch GET 200 https://registry.npmjs.org/ansi-styles 261ms (cache miss)
1286 silly packumentCache full:https://registry.npmjs.org/ansi-styles set size:undefined disposed:false
1287 http fetch GET 200 https://registry.npmjs.org/vscode-languageserver-protocol 314ms (cache miss)
1288 silly packumentCache full:https://registry.npmjs.org/vscode-languageserver-protocol set size:undefined disposed:false
1289 silly placeDep ROOT uniku@0.5.0 OK for: @prisma/orm-framework@8.0.0-rc.8 want: ^0.5.0
1290 silly fetch manifest @noble/hashes@^2.2.0
1291 silly packumentCache full:https://registry.npmjs.org/@noble%2fhashes cache-miss
1292 http fetch GET 200 https://registry.npmjs.org/@noble%2fhashes 240ms (cache miss)
1293 silly packumentCache full:https://registry.npmjs.org/@noble%2fhashes set size:undefined disposed:false
1294 silly fetch manifest rollup@^1.20.0||^2.0.0||^3.0.0||^4.0.0
1295 silly packumentCache full:https://registry.npmjs.org/rollup cache-miss
1296 http fetch GET 200 https://registry.npmjs.org/rollup 418ms (cache miss)
1297 silly packumentCache full:https://registry.npmjs.org/rollup set size:undefined disposed:false
1298 silly fetch manifest acorn@^8.6.0
1299 silly packumentCache full:https://registry.npmjs.org/acorn cache-miss
1300 http fetch GET 200 https://registry.npmjs.org/acorn 340ms (cache miss)
1301 silly packumentCache full:https://registry.npmjs.org/acorn set size:undefined disposed:false
1302 silly placeDep ROOT @mapbox/node-pre-gyp@2.0.3 OK for: @vercel/nft@1.11.0 want: ^2.0.0
1303 silly placeDep ROOT @rollup/pluginutils@5.4.0 OK for: @vercel/nft@1.11.0 want: ^5.1.3
1304 silly placeDep ROOT acorn-import-attributes@1.9.5 OK for: @vercel/nft@1.11.0 want: ^1.9.5
1305 silly placeDep ROOT async-sema@3.1.1 OK for: @vercel/nft@1.11.0 want: ^3.1.1
1306 silly placeDep ROOT bindings@1.5.0 OK for: @vercel/nft@1.11.0 want: ^1.4.0
1307 silly placeDep ROOT estree-walker@2.0.2 OK for: @vercel/nft@1.11.0 want: 2.0.2
1308 silly placeDep ROOT glob@13.0.6 OK for: @vercel/nft@1.11.0 want: ^13.0.0
1309 silly placeDep ROOT node-gyp-build@4.8.4 OK for: @vercel/nft@1.11.0 want: ^4.2.2
1310 silly placeDep node_modules/@vercel/nft picomatch@4.0.7 OK for: @vercel/nft@1.11.0 want: ^4.0.4
1311 silly placeDep node_modules/@vercel/nft resolve-from@5.0.0 OK for: @vercel/nft@1.11.0 want: ^5.0.0
1312 silly fetch manifest tar@^7.4.0
1313 silly packumentCache full:https://registry.npmjs.org/tar cache-miss
1314 silly fetch manifest nopt@^8.0.0
1315 silly packumentCache full:https://registry.npmjs.org/nopt cache-miss
1316 silly fetch manifest semver@^7.5.3
1317 silly packumentCache full:https://registry.npmjs.org/semver cache-miss
1318 http fetch GET 200 https://registry.npmjs.org/nopt 285ms (cache miss)
1319 silly packumentCache full:https://registry.npmjs.org/nopt set size:undefined disposed:false
1320 silly fetch manifest consola@^3.2.3
1321 silly packumentCache full:https://registry.npmjs.org/consola cache-miss
1322 http fetch GET 200 https://registry.npmjs.org/tar 299ms (cache miss)
1323 silly packumentCache full:https://registry.npmjs.org/tar set size:undefined disposed:false
1324 silly fetch manifest node-fetch@^2.6.7
1325 silly packumentCache full:https://registry.npmjs.org/node-fetch cache-miss
1326 http fetch GET 200 https://registry.npmjs.org/semver 307ms (cache miss)
1327 silly packumentCache full:https://registry.npmjs.org/semver set size:undefined disposed:false
1328 silly fetch manifest https-proxy-agent@^7.0.5
1329 silly packumentCache full:https://registry.npmjs.org/https-proxy-agent cache-miss
1330 http fetch GET 200 https://registry.npmjs.org/https-proxy-agent 226ms (cache miss)
1331 silly packumentCache full:https://registry.npmjs.org/https-proxy-agent set size:undefined disposed:false
1332 silly fetch manifest estree-walker@^2.0.2
1333 silly packumentCache full:https://registry.npmjs.org/estree-walker cache-miss
1334 http cache https://registry.npmjs.org/estree-walker 18ms (cache hit)
1335 silly packumentCache full:https://registry.npmjs.org/estree-walker set size:60887 disposed:false
1336 silly fetch manifest picomatch@^4.0.2
1337 silly packumentCache full:https://registry.npmjs.org/picomatch cache-miss
1338 http cache https://registry.npmjs.org/picomatch 17ms (cache hit)
1339 silly packumentCache full:https://registry.npmjs.org/picomatch set size:134451 disposed:false
1340 silly fetch manifest file-uri-to-path@1.0.0
1341 silly packumentCache full:https://registry.npmjs.org/file-uri-to-path cache-miss
1342 http fetch GET 200 https://registry.npmjs.org/node-fetch 291ms (cache miss)
1343 silly packumentCache full:https://registry.npmjs.org/node-fetch set size:undefined disposed:false
1344 silly fetch manifest minimatch@^10.2.2
1345 silly packumentCache full:https://registry.npmjs.org/minimatch cache-miss
1346 http fetch GET 200 https://registry.npmjs.org/consola 624ms (cache miss)
1347 silly packumentCache full:https://registry.npmjs.org/consola set size:undefined disposed:false
1348 silly fetch manifest minipass@^7.1.3
1349 silly packumentCache full:https://registry.npmjs.org/minipass cache-miss
1350 http fetch GET 200 https://registry.npmjs.org/file-uri-to-path 390ms (cache miss)
1351 silly packumentCache full:https://registry.npmjs.org/file-uri-to-path set size:undefined disposed:false
1352 silly fetch manifest path-scurry@^2.0.2
1353 silly packumentCache full:https://registry.npmjs.org/path-scurry cache-miss
1354 http fetch GET 200 https://registry.npmjs.org/minimatch 358ms (cache miss)
1355 silly packumentCache full:https://registry.npmjs.org/minimatch set size:undefined disposed:false
1356 http fetch GET 200 https://registry.npmjs.org/path-scurry 416ms (cache miss)
1357 silly packumentCache full:https://registry.npmjs.org/path-scurry set size:undefined disposed:false
1358 http fetch GET 200 https://registry.npmjs.org/minipass 526ms (cache miss)
1359 silly packumentCache full:https://registry.npmjs.org/minipass set size:undefined disposed:false
1360 silly fetch manifest encoding@^0.1.0
1361 silly packumentCache full:https://registry.npmjs.org/encoding cache-miss
1362 http fetch GET 200 https://registry.npmjs.org/encoding 372ms (cache miss)
1363 silly packumentCache full:https://registry.npmjs.org/encoding set size:undefined disposed:false
1364 silly placeDep ROOT consola@3.4.2 OK for: @mapbox/node-pre-gyp@2.0.3 want: ^3.2.3
1365 silly placeDep ROOT https-proxy-agent@7.0.6 OK for: @mapbox/node-pre-gyp@2.0.3 want: ^7.0.5
1366 silly placeDep ROOT node-fetch@2.7.0 OK for: @mapbox/node-pre-gyp@2.0.3 want: ^2.6.7
1367 silly placeDep ROOT nopt@8.1.0 OK for: @mapbox/node-pre-gyp@2.0.3 want: ^8.0.0
1368 silly placeDep node_modules/@mapbox/node-pre-gyp semver@7.8.5 OK for: @mapbox/node-pre-gyp@2.0.3 want: ^7.5.3
1369 silly placeDep ROOT tar@7.5.22 OK for: @mapbox/node-pre-gyp@2.0.3 want: ^7.4.0
1370 silly fetch manifest agent-base@^7.1.2
1371 silly packumentCache full:https://registry.npmjs.org/agent-base cache-miss
1372 silly fetch manifest whatwg-url@^5.0.0
1373 silly packumentCache full:https://registry.npmjs.org/whatwg-url cache-miss
1374 silly fetch manifest abbrev@^3.0.0
1375 silly packumentCache full:https://registry.npmjs.org/abbrev cache-miss
1376 http fetch GET 200 https://registry.npmjs.org/agent-base 274ms (cache miss)
1377 silly packumentCache full:https://registry.npmjs.org/agent-base set size:undefined disposed:false
1378 silly fetch manifest chownr@^3.0.0
1379 silly packumentCache full:https://registry.npmjs.org/chownr cache-miss
1380 http fetch GET 200 https://registry.npmjs.org/whatwg-url 282ms (cache miss)
1381 silly packumentCache full:https://registry.npmjs.org/whatwg-url set size:undefined disposed:false
1382 silly fetch manifest yallist@^5.0.0
1383 silly packumentCache full:https://registry.npmjs.org/yallist cache-miss
1384 http fetch GET 200 https://registry.npmjs.org/abbrev 317ms (cache miss)
1385 silly packumentCache full:https://registry.npmjs.org/abbrev set size:undefined disposed:false
1386 silly fetch manifest minipass@^7.1.2
1387 silly packumentCache full:https://registry.npmjs.org/minipass cache-miss
1388 http cache https://registry.npmjs.org/minipass 15ms (cache hit)
1389 silly packumentCache full:https://registry.npmjs.org/minipass set size:276925 disposed:false
1390 silly fetch manifest minizlib@^3.1.0
1391 silly packumentCache full:https://registry.npmjs.org/minizlib cache-miss
1392 http fetch GET 200 https://registry.npmjs.org/chownr 233ms (cache miss)
1393 silly packumentCache full:https://registry.npmjs.org/chownr set size:undefined disposed:false
1394 silly fetch manifest @isaacs/fs-minipass@^4.0.0
1395 silly packumentCache full:https://registry.npmjs.org/@isaacs%2ffs-minipass cache-miss
1396 http fetch GET 200 https://registry.npmjs.org/yallist 281ms (cache miss)
1397 silly packumentCache full:https://registry.npmjs.org/yallist set size:undefined disposed:false
1398 http fetch GET 200 https://registry.npmjs.org/minizlib 224ms (cache miss)
1399 silly packumentCache full:https://registry.npmjs.org/minizlib set size:undefined disposed:false
1400 http fetch GET 200 https://registry.npmjs.org/@isaacs%2ffs-minipass 232ms (cache miss)
1401 silly packumentCache full:https://registry.npmjs.org/@isaacs%2ffs-minipass set size:undefined disposed:false
1402 silly placeDep node_modules/@rollup/pluginutils picomatch@4.0.7 OK for: @rollup/pluginutils@5.4.0 want: ^4.0.2
1403 silly fetch manifest effect@>=4.0.0-rc.110 || >=4.0.0
1404 silly packumentCache full:https://registry.npmjs.org/effect cache-miss
1405 http cache https://registry.npmjs.org/effect 71ms (cache hit)
1406 silly packumentCache full:https://registry.npmjs.org/effect set size:10322885 disposed:false
1407 silly fetch manifest vitest@>=4.1.0 <5.0.0
1408 silly packumentCache full:https://registry.npmjs.org/vitest cache-miss
1409 http cache https://registry.npmjs.org/vitest 709ms (cache hit)
1410 silly packumentCache full:https://registry.npmjs.org/vitest set size:2241365 disposed:false
1411 silly fetch manifest @types/node@^20.0.0 || ^22.0.0 || >=24.0.0
1412 silly packumentCache full:https://registry.npmjs.org/@types%2fnode cache-miss
1413 http cache https://registry.npmjs.org/@types%2fnode 535ms (cache hit)
1414 silly packumentCache full:https://registry.npmjs.org/@types%2fnode set size:11096266 disposed:false
1415 silly fetch manifest @types/react@>=19.0.0
1416 silly packumentCache full:https://registry.npmjs.org/@types%2freact cache-miss
1417 http cache https://registry.npmjs.org/@types%2freact 204ms (cache hit)
1418 silly packumentCache full:https://registry.npmjs.org/@types%2freact set size:2637439 disposed:false
1419 silly fetch manifest react@^19.2.0
1420 silly packumentCache full:https://registry.npmjs.org/react cache-miss
1421 http cache https://registry.npmjs.org/react 284ms (cache hit)
1422 silly packumentCache full:https://registry.npmjs.org/react set size:6917274 disposed:false
1423 silly fetch manifest react-devtools-core@>=6.1.2
1424 silly packumentCache full:https://registry.npmjs.org/react-devtools-core cache-miss
1425 http fetch GET 200 https://registry.npmjs.org/react-devtools-core 356ms (cache miss)
1426 silly packumentCache full:https://registry.npmjs.org/react-devtools-core set size:undefined disposed:false
1427 silly fetch manifest vite@^8.0.7
1428 silly packumentCache full:https://registry.npmjs.org/vite cache-miss
1429 http cache https://registry.npmjs.org/vite 378ms (cache hit)
1430 silly packumentCache full:https://registry.npmjs.org/vite set size:38929639 disposed:false
1431 silly fetch manifest yaml@^2.0.0
1432 silly packumentCache full:https://registry.npmjs.org/yaml cache-hit
1433 silly placeDep ROOT @alchemy.run/cloudflare-runtime@2.0.0-beta.74 OK for: alchemy@2.0.0-beta.74 want: 2.0.0-beta.74
1434 silly placeDep ROOT @distilled.cloud/cloudflare@1.0.0-rc.6 OK for: @alchemy.run/cloudflare-runtime@2.0.0-beta.74 want: 1.0.0-rc.6
1435 silly placeDep ROOT @alchemy.run/floci@2.0.0-beta.74 OK for: alchemy@2.0.0-beta.74 want: 2.0.0-beta.74
1436 silly placeDep ROOT @alchemy.run/node-utils@2.0.0-beta.74 OK for: alchemy@2.0.0-beta.74 want: 2.0.0-beta.74
1437 silly placeDep ROOT @aws-sdk/credential-providers@3.1119.0 OK for: alchemy@2.0.0-beta.74 want: ^3.0.0
1438 silly placeDep node_modules/alchemy @clack/prompts@1.7.0 OK for: alchemy@2.0.0-beta.74 want: ^1.7.0
1439 silly placeDep ROOT @distilled.cloud/aws@1.0.0-rc.6 OK for: alchemy@2.0.0-beta.74 want: 1.0.0-rc.6
1440 silly placeDep ROOT @distilled.cloud/axiom@1.0.0-rc.6 OK for: alchemy@2.0.0-beta.74 want: 1.0.0-rc.6
1441 silly placeDep ROOT @distilled.cloud/core@1.0.0-rc.6 OK for: alchemy@2.0.0-beta.74 want: 1.0.0-rc.6
1442 silly placeDep ROOT @distilled.cloud/fly-io@1.0.0-rc.6 OK for: alchemy@2.0.0-beta.74 want: 1.0.0-rc.6
1443 silly placeDep ROOT @distilled.cloud/hetzner@1.0.0-rc.6 OK for: alchemy@2.0.0-beta.74 want: 1.0.0-rc.6
1444 silly placeDep ROOT @distilled.cloud/neon@1.0.0-rc.6 OK for: alchemy@2.0.0-beta.74 want: 1.0.0-rc.6
1445 silly placeDep ROOT @distilled.cloud/planetscale@1.0.0-rc.6 OK for: alchemy@2.0.0-beta.74 want: 1.0.0-rc.6
1446 silly placeDep ROOT @effect/vitest@4.0.0-rc.112 OK for: alchemy@2.0.0-beta.74 want: >=4.0.0-rc.110 || >=4.0.0
1447 silly placeDep ROOT vitest@4.1.11 OK for: @effect/vitest@4.0.0-rc.112 want: >=4.1.0 <5.0.0
1448 silly placeDep ROOT @libsql/client@0.17.4 OK for: alchemy@2.0.0-beta.74 want: ^0.17.0
1449 silly placeDep ROOT @octokit/rest@22.0.1 OK for: alchemy@2.0.0-beta.74 want: ^22.0.1
1450 silly placeDep ROOT @octokit/webhooks@14.2.0 OK for: alchemy@2.0.0-beta.74 want: ^14.2.0
1451 silly placeDep ROOT @prisma/dev@0.20.0 OK for: alchemy@2.0.0-beta.74 want: ^0.20.0
1452 silly placeDep ROOT @smithy/node-config-provider@4.6.2 OK for: alchemy@2.0.0-beta.74 want: ^4.0.0
1453 silly placeDep ROOT @smithy/shared-ini-file-loader@4.7.2 OK for: alchemy@2.0.0-beta.74 want: ^4.3.4
1454 silly placeDep ROOT @smithy/types@4.17.2 OK for: alchemy@2.0.0-beta.74 want: ^4.8.1
1455 silly placeDep ROOT @types/aws-lambda@8.10.162 OK for: alchemy@2.0.0-beta.74 want: ^8.10.152
1456 silly placeDep ROOT aws4fetch@1.0.20 OK for: alchemy@2.0.0-beta.74 want: ^1.0.20
1457 silly placeDep ROOT capnweb@0.6.1 OK for: alchemy@2.0.0-beta.74 want: ^0.6.1
1458 silly placeDep node_modules/alchemy fast-glob@3.3.3 OK for: alchemy@2.0.0-beta.74 want: ^3.3.2
1459 silly placeDep ROOT fast-xml-parser@5.11.1 OK for: alchemy@2.0.0-beta.74 want: ^5.3.4
1460 silly placeDep ROOT ink@6.8.0 OK for: alchemy@2.0.0-beta.74 want: ^6.3.1
1461 silly placeDep ROOT jszip@3.10.1 OK for: alchemy@2.0.0-beta.74 want: ^3.10.1
1462 silly placeDep ROOT libsodium-wrappers@0.8.4 OK for: alchemy@2.0.0-beta.74 want: ^0.8.3
1463 silly placeDep node_modules/alchemy picomatch@4.0.7 OK for: alchemy@2.0.0-beta.74 want: ^4.0.4
1464 silly placeDep ROOT rolldown@1.1.5 OK for: alchemy@2.0.0-beta.74 want: 1.1.5
1465 silly placeDep ROOT undici@7.29.0 OK for: alchemy@2.0.0-beta.74 want: ^7.16.0
1466 silly fetch manifest @cloudflare/unenv-preset@^2.16.0
1467 silly packumentCache full:https://registry.npmjs.org/@cloudflare%2funenv-preset cache-miss
1468 silly fetch manifest @puppeteer/browsers@^3.2.0
1469 silly packumentCache full:https://registry.npmjs.org/@puppeteer%2fbrowsers cache-miss
1470 silly fetch manifest capnp-es@^0.0.14
1471 silly packumentCache full:https://registry.npmjs.org/capnp-es cache-miss
1472 http fetch GET 200 https://registry.npmjs.org/capnp-es 236ms (cache miss)
1473 silly packumentCache full:https://registry.npmjs.org/capnp-es set size:undefined disposed:false
1474 silly fetch manifest unenv@^2.0.0-rc.24
1475 silly packumentCache full:https://registry.npmjs.org/unenv cache-miss
1476 http fetch GET 200 https://registry.npmjs.org/@puppeteer%2fbrowsers 261ms (cache miss)
1477 silly packumentCache full:https://registry.npmjs.org/@puppeteer%2fbrowsers set size:undefined disposed:false
1478 silly fetch manifest workerd@1.20260704.1
1479 silly packumentCache full:https://registry.npmjs.org/workerd cache-miss
1480 http fetch GET 200 https://registry.npmjs.org/@cloudflare%2funenv-preset 358ms (cache miss)
1481 silly packumentCache full:https://registry.npmjs.org/@cloudflare%2funenv-preset set size:undefined disposed:false
1482 silly fetch manifest yauzl@^3.4.0
1483 silly packumentCache full:https://registry.npmjs.org/yauzl cache-miss
1484 http fetch GET 200 https://registry.npmjs.org/unenv 486ms (cache miss)
1485 silly packumentCache full:https://registry.npmjs.org/unenv set size:undefined disposed:false
1486 silly fetch manifest @smithy/core@^3.33.3
1487 silly packumentCache full:https://registry.npmjs.org/@smithy%2fcore cache-miss
1488 http fetch GET 200 https://registry.npmjs.org/yauzl 377ms (cache miss)
1489 silly packumentCache full:https://registry.npmjs.org/yauzl set size:undefined disposed:false
1490 silly fetch manifest @aws-sdk/core@^3.977.9
1491 silly packumentCache full:https://registry.npmjs.org/@aws-sdk%2fcore cache-miss
1492 http fetch GET 200 https://registry.npmjs.org/workerd 773ms (cache miss)
1493 silly packumentCache full:https://registry.npmjs.org/workerd set size:undefined disposed:false
1494 silly fetch manifest @smithy/types@^4.17.2
1495 silly packumentCache full:https://registry.npmjs.org/@smithy%2ftypes cache-miss
1496 http cache https://registry.npmjs.org/@smithy%2ftypes 92ms (cache hit)
1497 silly packumentCache full:https://registry.npmjs.org/@smithy%2ftypes set size:214764 disposed:false
1498 silly fetch manifest @aws-sdk/types@^3.974.5
1499 silly packumentCache full:https://registry.npmjs.org/@aws-sdk%2ftypes cache-miss
1500 http fetch GET 200 https://registry.npmjs.org/@smithy%2fcore 531ms (cache miss)
1501 silly packumentCache full:https://registry.npmjs.org/@smithy%2fcore set size:undefined disposed:false
1502 silly fetch manifest @aws-sdk/nested-clients@^3.997.44
1503 silly packumentCache full:https://registry.npmjs.org/@aws-sdk%2fnested-clients cache-miss
1504 http fetch GET 200 https://registry.npmjs.org/@aws-sdk%2fcore 614ms (cache miss)
1505 silly packumentCache full:https://registry.npmjs.org/@aws-sdk%2fcore set size:undefined disposed:false
1506 silly fetch manifest @aws-sdk/credential-provider-env@^3.972.70
1507 silly packumentCache full:https://registry.npmjs.org/@aws-sdk%2fcredential-provider-env cache-miss
1508 http fetch GET 200 https://registry.npmjs.org/@aws-sdk%2ftypes 318ms (cache miss)
1509 silly packumentCache full:https://registry.npmjs.org/@aws-sdk%2ftypes set size:undefined disposed:false
1510 silly fetch manifest @aws-sdk/credential-provider-ini@^3.973.15
1511 silly packumentCache full:https://registry.npmjs.org/@aws-sdk%2fcredential-provider-ini cache-miss
1512 http fetch GET 200 https://registry.npmjs.org/@aws-sdk%2fnested-clients 261ms (cache miss)
1513 silly packumentCache full:https://registry.npmjs.org/@aws-sdk%2fnested-clients set size:undefined disposed:false
1514 silly fetch manifest @aws-sdk/credential-provider-sso@^3.973.14
1515 silly packumentCache full:https://registry.npmjs.org/@aws-sdk%2fcredential-provider-sso cache-miss
1516 http fetch GET 200 https://registry.npmjs.org/@aws-sdk%2fcredential-provider-env 412ms (cache miss)
1517 silly packumentCache full:https://registry.npmjs.org/@aws-sdk%2fcredential-provider-env set size:undefined disposed:false
1518 silly fetch manifest @smithy/credential-provider-imds@^4.4.16
1519 silly packumentCache full:https://registry.npmjs.org/@smithy%2fcredential-provider-imds cache-miss
1520 http fetch GET 200 https://registry.npmjs.org/@aws-sdk%2fcredential-provider-ini 406ms (cache miss)
1521 silly packumentCache full:https://registry.npmjs.org/@aws-sdk%2fcredential-provider-ini set size:undefined disposed:false
1522 silly fetch manifest @aws-sdk/credential-provider-http@^3.972.72
1523 silly packumentCache full:https://registry.npmjs.org/@aws-sdk%2fcredential-provider-http cache-miss
1524 http fetch GET 200 https://registry.npmjs.org/@aws-sdk%2fcredential-provider-sso 528ms (cache miss)
1525 silly packumentCache full:https://registry.npmjs.org/@aws-sdk%2fcredential-provider-sso set size:undefined disposed:false
1526 silly fetch manifest @aws-sdk/credential-provider-node@^3.972.81
1527 silly packumentCache full:https://registry.npmjs.org/@aws-sdk%2fcredential-provider-node cache-miss
1528 http fetch GET 200 https://registry.npmjs.org/@smithy%2fcredential-provider-imds 305ms (cache miss)
1529 silly packumentCache full:https://registry.npmjs.org/@smithy%2fcredential-provider-imds set size:undefined disposed:false
1530 silly fetch manifest @aws-sdk/credential-provider-login@^3.972.77
1531 silly packumentCache full:https://registry.npmjs.org/@aws-sdk%2fcredential-provider-login cache-miss
1532 http fetch GET 200 https://registry.npmjs.org/@aws-sdk%2fcredential-provider-http 390ms (cache miss)
1533 silly packumentCache full:https://registry.npmjs.org/@aws-sdk%2fcredential-provider-http set size:undefined disposed:false
1534 silly fetch manifest @aws-sdk/credential-provider-process@^3.972.70
1535 silly packumentCache full:https://registry.npmjs.org/@aws-sdk%2fcredential-provider-process cache-miss
1536 http fetch GET 200 https://registry.npmjs.org/@aws-sdk%2fcredential-provider-node 298ms (cache miss)
1537 silly packumentCache full:https://registry.npmjs.org/@aws-sdk%2fcredential-provider-node set size:undefined disposed:false
1538 silly fetch manifest @aws-sdk/credential-provider-web-identity@^3.972.76
1539 silly packumentCache full:https://registry.npmjs.org/@aws-sdk%2fcredential-provider-web-identity cache-miss
1540 http fetch GET 200 https://registry.npmjs.org/@aws-sdk%2fcredential-provider-login 690ms (cache miss)
1541 silly packumentCache full:https://registry.npmjs.org/@aws-sdk%2fcredential-provider-login set size:undefined disposed:false
1542 silly fetch manifest @aws-sdk/credential-provider-cognito-identity@^3.972.69
1543 silly packumentCache full:https://registry.npmjs.org/@aws-sdk%2fcredential-provider-cognito-identity cache-miss
1544 http fetch GET 200 https://registry.npmjs.org/@aws-sdk%2fcredential-provider-process 833ms (cache miss)
1545 silly packumentCache full:https://registry.npmjs.org/@aws-sdk%2fcredential-provider-process set size:undefined disposed:false
1546 silly fetch manifest @clack/core@1.4.3
1547 silly packumentCache full:https://registry.npmjs.org/@clack%2fcore cache-miss
1548 http fetch GET 200 https://registry.npmjs.org/@aws-sdk%2fcredential-provider-web-identity 841ms (cache miss)
1549 silly packumentCache full:https://registry.npmjs.org/@aws-sdk%2fcredential-provider-web-identity set size:undefined disposed:false
1550 silly fetch manifest @aws-crypto/crc32@^5.2.0
1551 silly packumentCache full:https://registry.npmjs.org/@aws-crypto%2fcrc32 cache-miss
1552 http cache https://registry.npmjs.org/@clack%2fcore 125ms (cache hit)
1553 silly packumentCache full:https://registry.npmjs.org/@clack%2fcore set size:146938 disposed:false
1554 silly fetch manifest @aws-crypto/util@^5.2.0
1555 silly packumentCache full:https://registry.npmjs.org/@aws-crypto%2futil cache-miss
1556 http fetch GET 200 https://registry.npmjs.org/@aws-sdk%2fcredential-provider-cognito-identity 746ms (cache miss)
1557 silly packumentCache full:https://registry.npmjs.org/@aws-sdk%2fcredential-provider-cognito-identity set size:undefined disposed:false
1558 silly fetch manifest @aws-sdk/types@^3.973.1
1559 silly packumentCache full:https://registry.npmjs.org/@aws-sdk%2ftypes cache-miss
1560 http fetch GET 200 https://registry.npmjs.org/@aws-crypto%2futil 320ms (cache miss)
1561 silly packumentCache full:https://registry.npmjs.org/@aws-crypto%2futil set size:undefined disposed:false
1562 silly fetch manifest @smithy/shared-ini-file-loader@^4.4.3
1563 silly packumentCache full:https://registry.npmjs.org/@smithy%2fshared-ini-file-loader cache-miss
1564 http fetch GET 200 https://registry.npmjs.org/@aws-crypto%2fcrc32 383ms (cache miss)
1565 silly packumentCache full:https://registry.npmjs.org/@aws-crypto%2fcrc32 set size:undefined disposed:false
1566 silly fetch manifest @smithy/types@^4.12.0
1567 silly packumentCache full:https://registry.npmjs.org/@smithy%2ftypes cache-hit
1568 silly fetch manifest @smithy/util-base64@^4.3.0
1569 silly packumentCache full:https://registry.npmjs.org/@smithy%2futil-base64 cache-miss
1570 http cache https://registry.npmjs.org/@aws-sdk%2ftypes 62ms (cache hit)
1571 silly packumentCache full:https://registry.npmjs.org/@aws-sdk%2ftypes set size:551864 disposed:false
1572 silly fetch manifest obug@^2.1.1
1573 silly packumentCache full:https://registry.npmjs.org/obug cache-miss
1574 http cache https://registry.npmjs.org/@smithy%2fshared-ini-file-loader 116ms (cache hit)
1575 silly packumentCache full:https://registry.npmjs.org/@smithy%2fshared-ini-file-loader set size:314293 disposed:false
1576 silly fetch manifest vite@^6.0.0 || ^7.0.0 || ^8.0.0
1577 silly packumentCache full:https://registry.npmjs.org/vite cache-miss
1578 http cache https://registry.npmjs.org/vite 540ms (cache hit)
1579 silly packumentCache full:https://registry.npmjs.org/vite set size:38929639 disposed:false
1580 silly fetch manifest std-env@^4.0.0-rc.1
1581 silly packumentCache full:https://registry.npmjs.org/std-env cache-miss
1582 http fetch GET 200 https://registry.npmjs.org/obug 1258ms (cache miss)
1583 silly packumentCache full:https://registry.npmjs.org/obug set size:undefined disposed:false
1584 silly fetch manifest tinyexec@^1.0.2
1585 silly packumentCache full:https://registry.npmjs.org/tinyexec cache-miss
1586 http fetch GET 200 https://registry.npmjs.org/@smithy%2futil-base64 1328ms (cache miss)
1587 silly packumentCache full:https://registry.npmjs.org/@smithy%2futil-base64 set size:undefined disposed:false
1588 silly fetch manifest picomatch@^4.0.3
1589 silly packumentCache full:https://registry.npmjs.org/picomatch cache-hit
1590 silly fetch manifest tinybench@^2.9.0
1591 silly packumentCache full:https://registry.npmjs.org/tinybench cache-miss
1592 http fetch GET 200 https://registry.npmjs.org/std-env 231ms (cache miss)
1593 silly packumentCache full:https://registry.npmjs.org/std-env set size:undefined disposed:false
1594 silly fetch manifest @vitest/spy@4.1.11
1595 silly packumentCache full:https://registry.npmjs.org/@vitest%2fspy cache-miss
1596 http fetch GET 200 https://registry.npmjs.org/tinyexec 224ms (cache miss)
1597 silly packumentCache full:https://registry.npmjs.org/tinyexec set size:undefined disposed:false
1598 silly fetch manifest expect-type@^1.3.0
1599 silly packumentCache full:https://registry.npmjs.org/expect-type cache-miss
1600 http fetch GET 200 https://registry.npmjs.org/tinybench 287ms (cache miss)
1601 silly packumentCache full:https://registry.npmjs.org/tinybench set size:undefined disposed:false
1602 silly fetch manifest tinyrainbow@^3.1.0
1603 silly packumentCache full:https://registry.npmjs.org/tinyrainbow cache-miss
1604 http fetch GET 200 https://registry.npmjs.org/expect-type 250ms (cache miss)
1605 silly packumentCache full:https://registry.npmjs.org/expect-type set size:undefined disposed:false
1606 silly fetch manifest @vitest/utils@4.1.11
1607 silly packumentCache full:https://registry.npmjs.org/@vitest%2futils cache-miss
1608 http fetch GET 200 https://registry.npmjs.org/@vitest%2fspy 325ms (cache miss)
1609 silly packumentCache full:https://registry.npmjs.org/@vitest%2fspy set size:undefined disposed:false
1610 silly fetch manifest @vitest/expect@4.1.11
1611 silly packumentCache full:https://registry.npmjs.org/@vitest%2fexpect cache-miss
1612 http fetch GET 200 https://registry.npmjs.org/tinyrainbow 263ms (cache miss)
1613 silly packumentCache full:https://registry.npmjs.org/tinyrainbow set size:undefined disposed:false
1614 silly fetch manifest @vitest/mocker@4.1.11
1615 silly packumentCache full:https://registry.npmjs.org/@vitest%2fmocker cache-miss
1616 http fetch GET 200 https://registry.npmjs.org/@vitest%2futils 242ms (cache miss)
1617 silly packumentCache full:https://registry.npmjs.org/@vitest%2futils set size:undefined disposed:false
1618 silly fetch manifest @vitest/runner@4.1.11
1619 silly packumentCache full:https://registry.npmjs.org/@vitest%2frunner cache-miss
1620 http fetch GET 200 https://registry.npmjs.org/@vitest%2fexpect 268ms (cache miss)
1621 silly packumentCache full:https://registry.npmjs.org/@vitest%2fexpect set size:undefined disposed:false
1622 silly fetch manifest es-module-lexer@^2.0.0
1623 silly packumentCache full:https://registry.npmjs.org/es-module-lexer cache-miss
1624 http fetch GET 200 https://registry.npmjs.org/@vitest%2fmocker 250ms (cache miss)
1625 silly packumentCache full:https://registry.npmjs.org/@vitest%2fmocker set size:undefined disposed:false
1626 silly fetch manifest @vitest/snapshot@4.1.11
1627 silly packumentCache full:https://registry.npmjs.org/@vitest%2fsnapshot cache-miss
1628 http fetch GET 200 https://registry.npmjs.org/@vitest%2frunner 246ms (cache miss)
1629 silly packumentCache full:https://registry.npmjs.org/@vitest%2frunner set size:undefined disposed:false
1630 silly fetch manifest why-is-node-running@^2.3.0
1631 silly packumentCache full:https://registry.npmjs.org/why-is-node-running cache-miss
1632 http fetch GET 200 https://registry.npmjs.org/es-module-lexer 267ms (cache miss)
1633 silly packumentCache full:https://registry.npmjs.org/es-module-lexer set size:undefined disposed:false
1634 silly fetch manifest @vitest/pretty-format@4.1.11
1635 silly packumentCache full:https://registry.npmjs.org/@vitest%2fpretty-format cache-miss
1636 http fetch GET 200 https://registry.npmjs.org/@vitest%2fsnapshot 503ms (cache miss)
1637 silly packumentCache full:https://registry.npmjs.org/@vitest%2fsnapshot set size:undefined disposed:false
1638 silly fetch manifest @libsql/core@^0.17.4
1639 silly packumentCache full:https://registry.npmjs.org/@libsql%2fcore cache-miss
1640 http fetch GET 200 https://registry.npmjs.org/@vitest%2fpretty-format 275ms (cache miss)
1641 silly packumentCache full:https://registry.npmjs.org/@vitest%2fpretty-format set size:undefined disposed:false
1642 silly fetch manifest @libsql/hrana-client@^0.10.0
1643 silly packumentCache full:https://registry.npmjs.org/@libsql%2fhrana-client cache-miss
1644 http fetch GET 200 https://registry.npmjs.org/why-is-node-running 393ms (cache miss)
1645 silly packumentCache full:https://registry.npmjs.org/why-is-node-running set size:undefined disposed:false
1646 silly fetch manifest js-base64@^3.7.5
1647 silly packumentCache full:https://registry.npmjs.org/js-base64 cache-miss
1648 http fetch GET 200 https://registry.npmjs.org/@libsql%2fcore 360ms (cache miss)
1649 silly packumentCache full:https://registry.npmjs.org/@libsql%2fcore set size:undefined disposed:false
1650 silly fetch manifest libsql@^0.5.28
1651 silly packumentCache full:https://registry.npmjs.org/libsql cache-miss
1652 http fetch GET 200 https://registry.npmjs.org/js-base64 356ms (cache miss)
1653 silly packumentCache full:https://registry.npmjs.org/js-base64 set size:undefined disposed:false
1654 silly fetch manifest promise-limit@^2.7.0
1655 silly packumentCache full:https://registry.npmjs.org/promise-limit cache-miss
1656 http fetch GET 200 https://registry.npmjs.org/@libsql%2fhrana-client 372ms (cache miss)
1657 silly packumentCache full:https://registry.npmjs.org/@libsql%2fhrana-client set size:undefined disposed:false
1658 silly fetch manifest @octokit/core@^7.0.6
1659 silly packumentCache full:https://registry.npmjs.org/@octokit%2fcore cache-miss
1660 http fetch GET 200 https://registry.npmjs.org/libsql 237ms (cache miss)
1661 silly packumentCache full:https://registry.npmjs.org/libsql set size:undefined disposed:false
1662 silly fetch manifest @octokit/plugin-request-log@^6.0.0
1663 silly packumentCache full:https://registry.npmjs.org/@octokit%2fplugin-request-log cache-miss
1664 http fetch GET 200 https://registry.npmjs.org/promise-limit 244ms (cache miss)
1665 silly packumentCache full:https://registry.npmjs.org/promise-limit set size:undefined disposed:false
1666 silly fetch manifest @octokit/plugin-paginate-rest@^14.0.0
1667 silly packumentCache full:https://registry.npmjs.org/@octokit%2fplugin-paginate-rest cache-miss
1668 http fetch GET 200 https://registry.npmjs.org/@octokit%2fcore 267ms (cache miss)
1669 silly packumentCache full:https://registry.npmjs.org/@octokit%2fcore set size:undefined disposed:false
1670 silly fetch manifest @octokit/plugin-rest-endpoint-methods@^17.0.0
1671 silly packumentCache full:https://registry.npmjs.org/@octokit%2fplugin-rest-endpoint-methods cache-miss
1672 http fetch GET 200 https://registry.npmjs.org/@octokit%2fplugin-request-log 250ms (cache miss)
1673 silly packumentCache full:https://registry.npmjs.org/@octokit%2fplugin-request-log set size:undefined disposed:false
1674 silly fetch manifest @octokit/request-error@^7.0.0
1675 silly packumentCache full:https://registry.npmjs.org/@octokit%2frequest-error cache-miss
1676 http fetch GET 200 https://registry.npmjs.org/@octokit%2fplugin-paginate-rest 307ms (cache miss)
1677 silly packumentCache full:https://registry.npmjs.org/@octokit%2fplugin-paginate-rest set size:undefined disposed:false
1678 silly fetch manifest @octokit/webhooks-methods@^6.0.0
1679 silly packumentCache full:https://registry.npmjs.org/@octokit%2fwebhooks-methods cache-miss
1680 http fetch GET 200 https://registry.npmjs.org/@octokit%2fplugin-rest-endpoint-methods 301ms (cache miss)
1681 silly packumentCache full:https://registry.npmjs.org/@octokit%2fplugin-rest-endpoint-methods set size:undefined disposed:false
1682 silly fetch manifest @octokit/openapi-webhooks-types@12.1.0
1683 silly packumentCache full:https://registry.npmjs.org/@octokit%2fopenapi-webhooks-types cache-miss
1684 http fetch GET 200 https://registry.npmjs.org/@octokit%2frequest-error 250ms (cache miss)
1685 silly packumentCache full:https://registry.npmjs.org/@octokit%2frequest-error set size:undefined disposed:false
1686 silly fetch manifest hono@4.11.4
1687 silly packumentCache full:https://registry.npmjs.org/hono cache-miss
1688 http cache https://registry.npmjs.org/hono 45ms (cache hit)
1689 silly packumentCache full:https://registry.npmjs.org/hono set size:6129886 disposed:false
1690 silly fetch manifest remeda@2.33.4
1691 silly packumentCache full:https://registry.npmjs.org/remeda cache-miss
1692 http fetch GET 200 https://registry.npmjs.org/@octokit%2fwebhooks-methods 685ms (cache miss)
1693 silly packumentCache full:https://registry.npmjs.org/@octokit%2fwebhooks-methods set size:undefined disposed:false
1694 silly fetch manifest std-env@3.10.0
1695 silly packumentCache full:https://registry.npmjs.org/std-env cache-miss
1696 http fetch GET 200 https://registry.npmjs.org/@octokit%2fopenapi-webhooks-types 651ms (cache miss)
1697 silly packumentCache full:https://registry.npmjs.org/@octokit%2fopenapi-webhooks-types set size:undefined disposed:false
1698 silly fetch manifest valibot@1.2.0
1699 silly packumentCache full:https://registry.npmjs.org/valibot cache-miss
1700 http cache https://registry.npmjs.org/std-env 135ms (cache hit)
1701 silly packumentCache full:https://registry.npmjs.org/std-env set size:90491 disposed:false
1702 silly fetch manifest zeptomatch@2.1.0
1703 silly packumentCache full:https://registry.npmjs.org/zeptomatch cache-miss
1704 http cache https://registry.npmjs.org/valibot 142ms (cache hit)
1705 silly packumentCache full:https://registry.npmjs.org/valibot set size:258931 disposed:false
1706 silly fetch manifest get-port-please@3.2.0
1707 silly packumentCache full:https://registry.npmjs.org/get-port-please cache-miss
1708 http fetch GET 200 https://registry.npmjs.org/remeda 393ms (cache miss)
1709 silly packumentCache full:https://registry.npmjs.org/remeda set size:undefined disposed:false
1710 silly fetch manifest proper-lockfile@4.1.2
1711 silly packumentCache full:https://registry.npmjs.org/proper-lockfile cache-miss
1712 http fetch GET 200 https://registry.npmjs.org/get-port-please 233ms (cache miss)
1713 silly packumentCache full:https://registry.npmjs.org/get-port-please set size:undefined disposed:false
1714 silly fetch manifest foreground-child@3.3.1
1715 silly packumentCache full:https://registry.npmjs.org/foreground-child cache-miss
1716 http fetch GET 200 https://registry.npmjs.org/zeptomatch 297ms (cache miss)
1717 silly packumentCache full:https://registry.npmjs.org/zeptomatch set size:undefined disposed:false
1718 silly fetch manifest @hono/node-server@1.19.9
1719 silly packumentCache full:https://registry.npmjs.org/@hono%2fnode-server cache-miss
1720 http fetch GET 200 https://registry.npmjs.org/proper-lockfile 224ms (cache miss)
1721 silly packumentCache full:https://registry.npmjs.org/proper-lockfile set size:undefined disposed:false
1722 silly fetch manifest http-status-codes@2.3.0
1723 silly packumentCache full:https://registry.npmjs.org/http-status-codes cache-miss
1724 http fetch GET 200 https://registry.npmjs.org/foreground-child 271ms (cache miss)
1725 silly packumentCache full:https://registry.npmjs.org/foreground-child set size:undefined disposed:false
1726 silly fetch manifest @mrleebo/prisma-ast@0.13.1
1727 silly packumentCache full:https://registry.npmjs.org/@mrleebo%2fprisma-ast cache-miss
1728 http fetch GET 200 https://registry.npmjs.org/@hono%2fnode-server 266ms (cache miss)
1729 silly packumentCache full:https://registry.npmjs.org/@hono%2fnode-server set size:undefined disposed:false
1730 silly fetch manifest @electric-sql/pglite@0.3.15
1731 silly packumentCache full:https://registry.npmjs.org/@electric-sql%2fpglite cache-miss
1732 http fetch GET 200 https://registry.npmjs.org/http-status-codes 265ms (cache miss)
1733 silly packumentCache full:https://registry.npmjs.org/http-status-codes set size:undefined disposed:false
1734 silly fetch manifest @prisma/get-platform@7.2.0
1735 silly packumentCache full:https://registry.npmjs.org/@prisma%2fget-platform cache-miss
1736 http cache https://registry.npmjs.org/@electric-sql%2fpglite 44ms (cache hit)
1737 silly packumentCache full:https://registry.npmjs.org/@electric-sql%2fpglite set size:367325 disposed:false
1738 silly fetch manifest @electric-sql/pglite-tools@0.2.20
1739 silly packumentCache full:https://registry.npmjs.org/@electric-sql%2fpglite-tools cache-miss
1740 http fetch GET 200 https://registry.npmjs.org/@mrleebo%2fprisma-ast 349ms (cache miss)
1741 silly packumentCache full:https://registry.npmjs.org/@mrleebo%2fprisma-ast set size:undefined disposed:false
1742 silly fetch manifest @electric-sql/pglite-socket@0.0.20
1743 silly packumentCache full:https://registry.npmjs.org/@electric-sql%2fpglite-socket cache-miss
1744 http fetch GET 200 https://registry.npmjs.org/@electric-sql%2fpglite-tools 277ms (cache miss)
1745 silly packumentCache full:https://registry.npmjs.org/@electric-sql%2fpglite-tools set size:undefined disposed:false
1746 silly fetch manifest @prisma/query-plan-executor@7.2.0
1747 silly packumentCache full:https://registry.npmjs.org/@prisma%2fquery-plan-executor cache-miss
1748 http fetch GET 200 https://registry.npmjs.org/@prisma%2fquery-plan-executor 406ms (cache miss)
1749 silly packumentCache full:https://registry.npmjs.org/@prisma%2fquery-plan-executor set size:undefined disposed:false
1750 silly fetch manifest @smithy/core@^3.33.2
1751 silly packumentCache full:https://registry.npmjs.org/@smithy%2fcore cache-miss
1752 http cache https://registry.npmjs.org/@smithy%2fcore 37ms (cache hit)
1753 silly packumentCache full:https://registry.npmjs.org/@smithy%2fcore set size:870859 disposed:false
1754 silly fetch manifest glob-parent@^5.1.2
1755 silly packumentCache full:https://registry.npmjs.org/glob-parent cache-miss
1756 http fetch GET 200 https://registry.npmjs.org/@electric-sql%2fpglite-socket 531ms (cache miss)
1757 silly packumentCache full:https://registry.npmjs.org/@electric-sql%2fpglite-socket set size:undefined disposed:false
1758 silly fetch manifest strnum@^2.4.2
1759 silly packumentCache full:https://registry.npmjs.org/strnum cache-miss
1760 http fetch GET 200 https://registry.npmjs.org/strnum 536ms (cache miss)
1761 silly packumentCache full:https://registry.npmjs.org/strnum set size:undefined disposed:false
1762 silly fetch manifest is-unsafe@^2.0.0
1763 silly packumentCache full:https://registry.npmjs.org/is-unsafe cache-miss
1764 http fetch GET 200 https://registry.npmjs.org/glob-parent 574ms (cache miss)
1765 silly packumentCache full:https://registry.npmjs.org/glob-parent set size:undefined disposed:false
1766 silly fetch manifest xml-naming@^0.3.0
1767 silly packumentCache full:https://registry.npmjs.org/xml-naming cache-miss
1768 http fetch GET 200 https://registry.npmjs.org/xml-naming 518ms (cache miss)
1769 silly packumentCache full:https://registry.npmjs.org/xml-naming set size:undefined disposed:false
1770 silly fetch manifest fast-xml-builder@^1.2.0
1771 silly packumentCache full:https://registry.npmjs.org/fast-xml-builder cache-miss
1772 http fetch GET 200 https://registry.npmjs.org/is-unsafe 548ms (cache miss)
1773 silly packumentCache full:https://registry.npmjs.org/is-unsafe set size:undefined disposed:false
1774 silly fetch manifest @nodable/entities@^3.0.0
1775 silly packumentCache full:https://registry.npmjs.org/@nodable%2fentities cache-miss
1776 http fetch GET 200 https://registry.npmjs.org/@nodable%2fentities 379ms (cache miss)
1777 silly packumentCache full:https://registry.npmjs.org/@nodable%2fentities set size:undefined disposed:false
1778 silly fetch manifest path-expression-matcher@^1.6.2
1779 silly packumentCache full:https://registry.npmjs.org/path-expression-matcher cache-miss
1780 http fetch GET 200 https://registry.npmjs.org/fast-xml-builder 408ms (cache miss)
1781 silly packumentCache full:https://registry.npmjs.org/fast-xml-builder set size:undefined disposed:false
1782 silly fetch manifest chalk@^5.6.0
1783 silly packumentCache full:https://registry.npmjs.org/chalk cache-miss
1784 http fetch GET 200 https://registry.npmjs.org/@prisma%2fget-platform 2382ms (cache miss)
1785 silly packumentCache full:https://registry.npmjs.org/@prisma%2fget-platform set size:undefined disposed:false
1786 silly fetch manifest is-in-ci@^2.0.0
1787 silly packumentCache full:https://registry.npmjs.org/is-in-ci cache-miss
1788 http fetch GET 200 https://registry.npmjs.org/path-expression-matcher 2523ms (cache miss)
1789 silly packumentCache full:https://registry.npmjs.org/path-expression-matcher set size:undefined disposed:false
1790 silly fetch manifest auto-bind@^5.0.1
1791 silly packumentCache full:https://registry.npmjs.org/auto-bind cache-miss
1792 http fetch GET 200 https://registry.npmjs.org/chalk 2704ms (cache miss)
1793 silly packumentCache full:https://registry.npmjs.org/chalk set size:undefined disposed:false
1794 silly fetch manifest cli-boxes@^3.0.0
1795 silly packumentCache full:https://registry.npmjs.org/cli-boxes cache-miss
1796 http fetch GET 200 https://registry.npmjs.org/is-in-ci 482ms (cache miss)
1797 silly packumentCache full:https://registry.npmjs.org/is-in-ci set size:undefined disposed:false
1798 silly fetch manifest type-fest@^5.4.1
1799 silly packumentCache full:https://registry.npmjs.org/type-fest cache-miss
1800 http fetch GET 200 https://registry.npmjs.org/auto-bind 515ms (cache miss)
1801 silly packumentCache full:https://registry.npmjs.org/auto-bind set size:undefined disposed:false
1802 silly fetch manifest wrap-ansi@^9.0.0
1803 silly packumentCache full:https://registry.npmjs.org/wrap-ansi cache-miss
1804 http fetch GET 200 https://registry.npmjs.org/cli-boxes 362ms (cache miss)
1805 silly packumentCache full:https://registry.npmjs.org/cli-boxes set size:undefined disposed:false
1806 silly fetch manifest cli-cursor@^4.0.0
1807 silly packumentCache full:https://registry.npmjs.org/cli-cursor cache-miss
1808 http cache https://registry.npmjs.org/wrap-ansi 68ms (cache hit)
1809 silly packumentCache full:https://registry.npmjs.org/wrap-ansi set size:57461 disposed:false
1810 silly fetch manifest es-toolkit@^1.39.10
1811 silly packumentCache full:https://registry.npmjs.org/es-toolkit cache-miss
1812 http fetch GET 200 https://registry.npmjs.org/type-fest 601ms (cache miss)
1813 silly packumentCache full:https://registry.npmjs.org/type-fest set size:undefined disposed:false
1814 silly fetch manifest slice-ansi@^8.0.0
1815 silly packumentCache full:https://registry.npmjs.org/slice-ansi cache-miss
1816 http fetch GET 200 https://registry.npmjs.org/cli-cursor 440ms (cache miss)
1817 silly packumentCache full:https://registry.npmjs.org/cli-cursor set size:undefined disposed:false
1818 silly fetch manifest ansi-styles@^6.2.1
1819 silly packumentCache full:https://registry.npmjs.org/ansi-styles cache-miss
1820 http cache https://registry.npmjs.org/ansi-styles 142ms (cache hit)
1821 silly packumentCache full:https://registry.npmjs.org/ansi-styles set size:71772 disposed:false
1822 silly fetch manifest signal-exit@^3.0.7
1823 silly packumentCache full:https://registry.npmjs.org/signal-exit cache-miss
1824 http fetch GET 200 https://registry.npmjs.org/slice-ansi 353ms (cache miss)
1825 silly packumentCache full:https://registry.npmjs.org/slice-ansi set size:undefined disposed:false
1826 silly fetch manifest stack-utils@^2.0.6
1827 silly packumentCache full:https://registry.npmjs.org/stack-utils cache-miss
1828 http cache https://registry.npmjs.org/signal-exit 87ms (cache hit)
1829 silly packumentCache full:https://registry.npmjs.org/signal-exit set size:53489 disposed:false
1830 silly fetch manifest widest-line@^6.0.0
1831 silly packumentCache full:https://registry.npmjs.org/widest-line cache-miss
1832 http fetch GET 200 https://registry.npmjs.org/stack-utils 476ms (cache miss)
1833 silly packumentCache full:https://registry.npmjs.org/stack-utils set size:undefined disposed:false
1834 silly fetch manifest yoga-layout@~3.2.1
1835 silly packumentCache full:https://registry.npmjs.org/yoga-layout cache-miss
1836 http fetch GET 200 https://registry.npmjs.org/widest-line 618ms (cache miss)
1837 silly packumentCache full:https://registry.npmjs.org/widest-line set size:undefined disposed:false
1838 silly fetch manifest ansi-escapes@^7.3.0
1839 silly packumentCache full:https://registry.npmjs.org/ansi-escapes cache-miss
1840 http fetch GET 200 https://registry.npmjs.org/yoga-layout 267ms (cache miss)
1841 silly packumentCache full:https://registry.npmjs.org/yoga-layout set size:undefined disposed:false
1842 silly fetch manifest cli-truncate@^5.1.1
1843 silly packumentCache full:https://registry.npmjs.org/cli-truncate cache-miss
1844 http fetch GET 200 https://registry.npmjs.org/ansi-escapes 435ms (cache miss)
1845 silly packumentCache full:https://registry.npmjs.org/ansi-escapes set size:undefined disposed:false
1846 silly fetch manifest code-excerpt@^4.0.0
1847 silly packumentCache full:https://registry.npmjs.org/code-excerpt cache-miss
1848 http fetch GET 200 https://registry.npmjs.org/cli-truncate 399ms (cache miss)
1849 silly packumentCache full:https://registry.npmjs.org/cli-truncate set size:undefined disposed:false
1850 silly fetch manifest indent-string@^5.0.0
1851 silly packumentCache full:https://registry.npmjs.org/indent-string cache-miss
1852 http fetch GET 200 https://registry.npmjs.org/indent-string 350ms (cache miss)
1853 silly packumentCache full:https://registry.npmjs.org/indent-string set size:undefined disposed:false
1854 silly fetch manifest patch-console@^2.0.0
1855 silly packumentCache full:https://registry.npmjs.org/patch-console cache-miss
1856 http fetch GET 200 https://registry.npmjs.org/code-excerpt 532ms (cache miss)
1857 silly packumentCache full:https://registry.npmjs.org/code-excerpt set size:undefined disposed:false
1858 silly fetch manifest terminal-size@^4.0.1
1859 silly packumentCache full:https://registry.npmjs.org/terminal-size cache-miss
1860 http fetch GET 200 https://registry.npmjs.org/terminal-size 357ms (cache miss)
1861 silly packumentCache full:https://registry.npmjs.org/terminal-size set size:undefined disposed:false
1862 silly fetch manifest react-reconciler@^0.33.0
1863 silly packumentCache full:https://registry.npmjs.org/react-reconciler cache-miss
1864 http fetch GET 200 https://registry.npmjs.org/patch-console 587ms (cache miss)
1865 silly packumentCache full:https://registry.npmjs.org/patch-console set size:undefined disposed:false
1866 silly fetch manifest @alcalzone/ansi-tokenize@^0.2.4
1867 silly packumentCache full:https://registry.npmjs.org/@alcalzone%2fansi-tokenize cache-miss
1868 http fetch GET 200 https://registry.npmjs.org/es-toolkit 2833ms (cache miss)
1869 silly packumentCache full:https://registry.npmjs.org/es-toolkit set size:undefined disposed:false
1870 silly fetch manifest lie@~3.3.0
1871 silly packumentCache full:https://registry.npmjs.org/lie cache-miss
1872 http fetch GET 200 https://registry.npmjs.org/@alcalzone%2fansi-tokenize 866ms (cache miss)
1873 silly packumentCache full:https://registry.npmjs.org/@alcalzone%2fansi-tokenize set size:undefined disposed:false
1874 silly fetch manifest pako@~1.0.2
1875 silly packumentCache full:https://registry.npmjs.org/pako cache-miss
1876 http fetch GET 200 https://registry.npmjs.org/lie 518ms (cache miss)
1877 silly packumentCache full:https://registry.npmjs.org/lie set size:undefined disposed:false
1878 silly fetch manifest setimmediate@^1.0.5
1879 silly packumentCache full:https://registry.npmjs.org/setimmediate cache-miss
1880 http fetch GET 200 https://registry.npmjs.org/react-reconciler 1120ms (cache miss)
1881 silly packumentCache full:https://registry.npmjs.org/react-reconciler set size:undefined disposed:false
1882 silly fetch manifest readable-stream@~2.3.6
1883 silly packumentCache full:https://registry.npmjs.org/readable-stream cache-miss
1884 http fetch GET 200 https://registry.npmjs.org/setimmediate 260ms (cache miss)
1885 silly packumentCache full:https://registry.npmjs.org/setimmediate set size:undefined disposed:false
1886 silly fetch manifest libsodium@^0.8.0
1887 silly packumentCache full:https://registry.npmjs.org/libsodium cache-miss
1888 http fetch GET 200 https://registry.npmjs.org/pako 533ms (cache miss)
1889 silly packumentCache full:https://registry.npmjs.org/pako set size:undefined disposed:false
1890 silly fetch manifest @oxc-project/types@=0.139.0
1891 silly packumentCache full:https://registry.npmjs.org/@oxc-project%2ftypes cache-miss
1892 http fetch GET 200 https://registry.npmjs.org/readable-stream 258ms (cache miss)
1893 silly packumentCache full:https://registry.npmjs.org/readable-stream set size:undefined disposed:false
1894 silly fetch manifest @rolldown/pluginutils@^1.0.0
1895 silly packumentCache full:https://registry.npmjs.org/@rolldown%2fpluginutils cache-miss
1896 http fetch GET 200 https://registry.npmjs.org/@oxc-project%2ftypes 271ms (cache miss)
1897 silly packumentCache full:https://registry.npmjs.org/@oxc-project%2ftypes set size:undefined disposed:false
1898 silly fetch manifest @rolldown/binding-darwin-x64@1.1.5
1899 silly packumentCache full:https://registry.npmjs.org/@rolldown%2fbinding-darwin-x64 cache-miss
1900 http fetch GET 200 https://registry.npmjs.org/libsodium 405ms (cache miss)
1901 silly packumentCache full:https://registry.npmjs.org/libsodium set size:undefined disposed:false
1902 silly fetch manifest @rolldown/binding-freebsd-x64@1.1.5
1903 silly packumentCache full:https://registry.npmjs.org/@rolldown%2fbinding-freebsd-x64 cache-miss
1904 http fetch GET 200 https://registry.npmjs.org/@rolldown%2fpluginutils 261ms (cache miss)
1905 silly packumentCache full:https://registry.npmjs.org/@rolldown%2fpluginutils set size:undefined disposed:false
1906 silly fetch manifest @rolldown/binding-wasm32-wasi@1.1.5
1907 silly packumentCache full:https://registry.npmjs.org/@rolldown%2fbinding-wasm32-wasi cache-miss
1908 http fetch GET 200 https://registry.npmjs.org/@rolldown%2fbinding-wasm32-wasi 351ms (cache miss)
1909 silly packumentCache full:https://registry.npmjs.org/@rolldown%2fbinding-wasm32-wasi set size:undefined disposed:false
1910 silly fetch manifest @rolldown/binding-darwin-arm64@1.1.5
1911 silly packumentCache full:https://registry.npmjs.org/@rolldown%2fbinding-darwin-arm64 cache-miss
1912 http fetch GET 200 https://registry.npmjs.org/@rolldown%2fbinding-darwin-x64 680ms (cache miss)
1913 silly packumentCache full:https://registry.npmjs.org/@rolldown%2fbinding-darwin-x64 set size:undefined disposed:false
1914 silly fetch manifest @rolldown/binding-android-arm64@1.1.5
1915 silly packumentCache full:https://registry.npmjs.org/@rolldown%2fbinding-android-arm64 cache-miss
1916 http fetch GET 200 https://registry.npmjs.org/@rolldown%2fbinding-freebsd-x64 938ms (cache miss)
1917 silly packumentCache full:https://registry.npmjs.org/@rolldown%2fbinding-freebsd-x64 set size:undefined disposed:false
1918 silly fetch manifest @rolldown/binding-linux-x64-gnu@1.1.5
1919 silly packumentCache full:https://registry.npmjs.org/@rolldown%2fbinding-linux-x64-gnu cache-miss
1920 http fetch GET 200 https://registry.npmjs.org/@rolldown%2fbinding-darwin-arm64 920ms (cache miss)
1921 silly packumentCache full:https://registry.npmjs.org/@rolldown%2fbinding-darwin-arm64 set size:undefined disposed:false
1922 silly fetch manifest @rolldown/binding-linux-x64-musl@1.1.5
1923 silly packumentCache full:https://registry.npmjs.org/@rolldown%2fbinding-linux-x64-musl cache-miss
1924 http fetch GET 200 https://registry.npmjs.org/@rolldown%2fbinding-android-arm64 817ms (cache miss)
1925 silly packumentCache full:https://registry.npmjs.org/@rolldown%2fbinding-android-arm64 set size:undefined disposed:false
1926 silly fetch manifest @rolldown/binding-win32-x64-msvc@1.1.5
1927 silly packumentCache full:https://registry.npmjs.org/@rolldown%2fbinding-win32-x64-msvc cache-miss
1928 http fetch GET 200 https://registry.npmjs.org/@rolldown%2fbinding-linux-x64-gnu 642ms (cache miss)
1929 silly packumentCache full:https://registry.npmjs.org/@rolldown%2fbinding-linux-x64-gnu set size:undefined disposed:false
1930 silly fetch manifest @rolldown/binding-linux-arm64-gnu@1.1.5
1931 silly packumentCache full:https://registry.npmjs.org/@rolldown%2fbinding-linux-arm64-gnu cache-miss
1932 http fetch GET 200 https://registry.npmjs.org/@rolldown%2fbinding-linux-x64-musl 744ms (cache miss)
1933 silly packumentCache full:https://registry.npmjs.org/@rolldown%2fbinding-linux-x64-musl set size:undefined disposed:false
1934 silly fetch manifest @rolldown/binding-linux-ppc64-gnu@1.1.5
1935 silly packumentCache full:https://registry.npmjs.org/@rolldown%2fbinding-linux-ppc64-gnu cache-miss
1936 http fetch GET 200 https://registry.npmjs.org/@rolldown%2fbinding-win32-x64-msvc 691ms (cache miss)
1937 silly packumentCache full:https://registry.npmjs.org/@rolldown%2fbinding-win32-x64-msvc set size:undefined disposed:false
1938 silly fetch manifest @rolldown/binding-linux-s390x-gnu@1.1.5
1939 silly packumentCache full:https://registry.npmjs.org/@rolldown%2fbinding-linux-s390x-gnu cache-miss
1940 http fetch GET 200 https://registry.npmjs.org/@rolldown%2fbinding-linux-arm64-gnu 563ms (cache miss)
1941 silly packumentCache full:https://registry.npmjs.org/@rolldown%2fbinding-linux-arm64-gnu set size:undefined disposed:false
1942 silly fetch manifest @rolldown/binding-linux-arm64-musl@1.1.5
1943 silly packumentCache full:https://registry.npmjs.org/@rolldown%2fbinding-linux-arm64-musl cache-miss
1944 http fetch GET 200 https://registry.npmjs.org/@rolldown%2fbinding-linux-ppc64-gnu 260ms (cache miss)
1945 silly packumentCache full:https://registry.npmjs.org/@rolldown%2fbinding-linux-ppc64-gnu set size:undefined disposed:false
1946 silly fetch manifest @rolldown/binding-win32-arm64-msvc@1.1.5
1947 silly packumentCache full:https://registry.npmjs.org/@rolldown%2fbinding-win32-arm64-msvc cache-miss
1948 http fetch GET 200 https://registry.npmjs.org/@rolldown%2fbinding-linux-s390x-gnu 259ms (cache miss)
1949 silly packumentCache full:https://registry.npmjs.org/@rolldown%2fbinding-linux-s390x-gnu set size:undefined disposed:false
1950 silly fetch manifest @rolldown/binding-openharmony-arm64@1.1.5
1951 silly packumentCache full:https://registry.npmjs.org/@rolldown%2fbinding-openharmony-arm64 cache-miss
1952 http fetch GET 200 https://registry.npmjs.org/@rolldown%2fbinding-linux-arm64-musl 434ms (cache miss)
1953 silly packumentCache full:https://registry.npmjs.org/@rolldown%2fbinding-linux-arm64-musl set size:undefined disposed:false
1954 silly fetch manifest @rolldown/binding-linux-arm-gnueabihf@1.1.5
1955 silly packumentCache full:https://registry.npmjs.org/@rolldown%2fbinding-linux-arm-gnueabihf cache-miss
1956 http fetch GET 200 https://registry.npmjs.org/@rolldown%2fbinding-win32-arm64-msvc 545ms (cache miss)
1957 silly packumentCache full:https://registry.npmjs.org/@rolldown%2fbinding-win32-arm64-msvc set size:undefined disposed:false
1958 http fetch GET 200 https://registry.npmjs.org/@rolldown%2fbinding-openharmony-arm64 597ms (cache miss)
1959 silly packumentCache full:https://registry.npmjs.org/@rolldown%2fbinding-openharmony-arm64 set size:undefined disposed:false
1960 http fetch GET 200 https://registry.npmjs.org/@rolldown%2fbinding-linux-arm-gnueabihf 358ms (cache miss)
1961 silly packumentCache full:https://registry.npmjs.org/@rolldown%2fbinding-linux-arm-gnueabihf set size:undefined disposed:false
1962 silly fetch manifest proxy-agent@>=8.0.1
1963 silly packumentCache full:https://registry.npmjs.org/proxy-agent cache-miss
1964 http fetch GET 200 https://registry.npmjs.org/proxy-agent 227ms (cache miss)
1965 silly packumentCache full:https://registry.npmjs.org/proxy-agent set size:undefined disposed:false
1966 silly fetch manifest typescript@^5.7.3
1967 silly packumentCache full:https://registry.npmjs.org/typescript cache-miss
1968 http cache https://registry.npmjs.org/typescript 135ms (cache hit)
1969 silly packumentCache full:https://registry.npmjs.org/typescript set size:15597675 disposed:false
1970 silly placeDep ROOT @cloudflare/unenv-preset@2.16.1 OK for: @alchemy.run/cloudflare-runtime@2.0.0-beta.74 want: ^2.16.0
1971 silly placeDep ROOT unenv@2.0.0-rc.24 OK for: @cloudflare/unenv-preset@2.16.1 want: 2.0.0-rc.24
1972 silly placeDep ROOT @puppeteer/browsers@3.2.1 OK for: @alchemy.run/cloudflare-runtime@2.0.0-beta.74 want: ^3.2.0
1973 silly placeDep ROOT capnp-es@0.0.14 OK for: @alchemy.run/cloudflare-runtime@2.0.0-beta.74 want: ^0.0.14
1974 silly placeDep ROOT workerd@1.20260704.1 OK for: @alchemy.run/cloudflare-runtime@2.0.0-beta.74 want: 1.20260704.1
1975 silly placeDep ROOT yauzl@3.4.0 OK for: @alchemy.run/cloudflare-runtime@2.0.0-beta.74 want: ^3.4.0
1976 silly fetch manifest yargs@^18.0.0
1977 silly packumentCache full:https://registry.npmjs.org/yargs cache-miss
1978 silly fetch manifest modern-tar@^0.8.0
1979 silly packumentCache full:https://registry.npmjs.org/modern-tar cache-miss
1980 silly fetch manifest @cloudflare/workerd-linux-64@1.20260704.1
1981 silly packumentCache full:https://registry.npmjs.org/@cloudflare%2fworkerd-linux-64 cache-miss
1982 http fetch GET 200 https://registry.npmjs.org/modern-tar 355ms (cache miss)
1983 silly packumentCache full:https://registry.npmjs.org/modern-tar set size:undefined disposed:false
1984 silly fetch manifest @cloudflare/workerd-darwin-64@1.20260704.1
1985 silly packumentCache full:https://registry.npmjs.org/@cloudflare%2fworkerd-darwin-64 cache-miss
1986 http fetch GET 200 https://registry.npmjs.org/yargs 398ms (cache miss)
1987 silly packumentCache full:https://registry.npmjs.org/yargs set size:undefined disposed:false
1988 silly fetch manifest @cloudflare/workerd-windows-64@1.20260704.1
1989 silly packumentCache full:https://registry.npmjs.org/@cloudflare%2fworkerd-windows-64 cache-miss
1990 http fetch GET 200 https://registry.npmjs.org/@cloudflare%2fworkerd-linux-64 729ms (cache miss)
1991 silly packumentCache full:https://registry.npmjs.org/@cloudflare%2fworkerd-linux-64 set size:undefined disposed:false
1992 silly fetch manifest @cloudflare/workerd-linux-arm64@1.20260704.1
1993 silly packumentCache full:https://registry.npmjs.org/@cloudflare%2fworkerd-linux-arm64 cache-miss
1994 http fetch GET 200 https://registry.npmjs.org/@cloudflare%2fworkerd-windows-64 689ms (cache miss)
1995 silly packumentCache full:https://registry.npmjs.org/@cloudflare%2fworkerd-windows-64 set size:undefined disposed:false
1996 silly fetch manifest @cloudflare/workerd-darwin-arm64@1.20260704.1
1997 silly packumentCache full:https://registry.npmjs.org/@cloudflare%2fworkerd-darwin-arm64 cache-miss
1998 http fetch GET 200 https://registry.npmjs.org/@cloudflare%2fworkerd-darwin-64 1049ms (cache miss)
1999 silly packumentCache full:https://registry.npmjs.org/@cloudflare%2fworkerd-darwin-64 set size:undefined disposed:false
2000 silly fetch manifest pend@~1.2.0
2001 silly packumentCache full:https://registry.npmjs.org/pend cache-miss
2002 http fetch GET 200 https://registry.npmjs.org/@cloudflare%2fworkerd-linux-arm64 1028ms (cache miss)
2003 silly packumentCache full:https://registry.npmjs.org/@cloudflare%2fworkerd-linux-arm64 set size:undefined disposed:false
2004 http fetch GET 200 https://registry.npmjs.org/@cloudflare%2fworkerd-darwin-arm64 790ms (cache miss)
2005 silly packumentCache full:https://registry.npmjs.org/@cloudflare%2fworkerd-darwin-arm64 set size:undefined disposed:false
2006 http fetch GET 200 https://registry.npmjs.org/pend 713ms (cache miss)
2007 silly packumentCache full:https://registry.npmjs.org/pend set size:undefined disposed:false
2008 silly placeDep ROOT @aws-sdk/core@3.977.9 OK for: @aws-sdk/credential-providers@3.1119.0 want: ^3.977.9
2009 silly placeDep ROOT @aws-sdk/credential-provider-cognito-identity@3.972.69 OK for: @aws-sdk/credential-providers@3.1119.0 want: ^3.972.69
2010 silly placeDep ROOT @aws-sdk/credential-provider-env@3.972.70 OK for: @aws-sdk/credential-providers@3.1119.0 want: ^3.972.70
2011 silly placeDep ROOT @aws-sdk/credential-provider-http@3.972.72 OK for: @aws-sdk/credential-providers@3.1119.0 want: ^3.972.72
2012 silly placeDep ROOT @aws-sdk/credential-provider-ini@3.973.15 OK for: @aws-sdk/credential-providers@3.1119.0 want: ^3.973.15
2013 silly placeDep ROOT @aws-sdk/credential-provider-login@3.972.77 OK for: @aws-sdk/credential-providers@3.1119.0 want: ^3.972.77
2014 silly placeDep ROOT @aws-sdk/credential-provider-node@3.972.81 OK for: @aws-sdk/credential-providers@3.1119.0 want: ^3.972.81
2015 silly placeDep ROOT @aws-sdk/credential-provider-process@3.972.70 OK for: @aws-sdk/credential-providers@3.1119.0 want: ^3.972.70
2016 silly placeDep ROOT @aws-sdk/credential-provider-sso@3.973.14 OK for: @aws-sdk/credential-providers@3.1119.0 want: ^3.973.14
2017 silly placeDep ROOT @aws-sdk/credential-provider-web-identity@3.972.76 OK for: @aws-sdk/credential-providers@3.1119.0 want: ^3.972.76
2018 silly placeDep ROOT @aws-sdk/nested-clients@3.997.44 OK for: @aws-sdk/credential-providers@3.1119.0 want: ^3.997.44
2019 silly placeDep ROOT @aws-sdk/types@3.974.5 OK for: @aws-sdk/credential-providers@3.1119.0 want: ^3.974.5
2020 silly placeDep ROOT @smithy/core@3.33.3 OK for: @aws-sdk/credential-providers@3.1119.0 want: ^3.33.3
2021 silly placeDep ROOT @smithy/credential-provider-imds@4.5.2 OK for: @aws-sdk/credential-providers@3.1119.0 want: ^4.4.16
2022 silly fetch manifest bowser@^2.11.0
2023 silly packumentCache full:https://registry.npmjs.org/bowser cache-miss
2024 silly fetch manifest @aws-sdk/xml-builder@^3.972.40
2025 silly packumentCache full:https://registry.npmjs.org/@aws-sdk%2fxml-builder cache-miss
2026 silly fetch manifest @smithy/signature-v4@^5.6.12
2027 silly packumentCache full:https://registry.npmjs.org/@smithy%2fsignature-v4 cache-miss
2028 http fetch GET 200 https://registry.npmjs.org/bowser 297ms (cache miss)
2029 silly packumentCache full:https://registry.npmjs.org/bowser set size:undefined disposed:false
2030 silly fetch manifest @aws/lambda-invoke-store@^0.3.0
2031 silly packumentCache full:https://registry.npmjs.org/@aws%2flambda-invoke-store cache-miss
2032 http fetch GET 200 https://registry.npmjs.org/@aws-sdk%2fxml-builder 510ms (cache miss)
2033 silly packumentCache full:https://registry.npmjs.org/@aws-sdk%2fxml-builder set size:undefined disposed:false
2034 silly fetch manifest @smithy/node-http-handler@^4.11.3
2035 silly packumentCache full:https://registry.npmjs.org/@smithy%2fnode-http-handler cache-miss
2036 http fetch GET 200 https://registry.npmjs.org/@aws%2flambda-invoke-store 482ms (cache miss)
2037 silly packumentCache full:https://registry.npmjs.org/@aws%2flambda-invoke-store set size:undefined disposed:false
2038 silly fetch manifest @smithy/fetch-http-handler@^5.7.2
2039 silly packumentCache full:https://registry.npmjs.org/@smithy%2ffetch-http-handler cache-miss
2040 http fetch GET 200 https://registry.npmjs.org/@smithy%2fsignature-v4 1107ms (cache miss)
2041 silly packumentCache full:https://registry.npmjs.org/@smithy%2fsignature-v4 set size:undefined disposed:false
2042 silly fetch manifest @aws-sdk/token-providers@3.1116.0
2043 silly packumentCache full:https://registry.npmjs.org/@aws-sdk%2ftoken-providers cache-miss
2044 http fetch GET 200 https://registry.npmjs.org/@smithy%2fnode-http-handler 805ms (cache miss)
2045 silly packumentCache full:https://registry.npmjs.org/@smithy%2fnode-http-handler set size:undefined disposed:false
2046 silly fetch manifest @smithy/fetch-http-handler@^5.7.2
2047 silly packumentCache full:https://registry.npmjs.org/@smithy%2ffetch-http-handler cache-miss
2048 http fetch GET 200 https://registry.npmjs.org/@smithy%2ffetch-http-handler 613ms (cache miss)
2049 silly packumentCache full:https://registry.npmjs.org/@smithy%2ffetch-http-handler set size:undefined disposed:false
2050 silly fetch manifest @aws-sdk/signature-v4-multi-region@^3.996.46
2051 silly packumentCache full:https://registry.npmjs.org/@aws-sdk%2fsignature-v4-multi-region cache-miss
2052 http fetch GET 200 https://registry.npmjs.org/@smithy%2ffetch-http-handler 502ms (cache miss)
2053 silly packumentCache full:https://registry.npmjs.org/@smithy%2ffetch-http-handler set size:undefined disposed:false
2054 http fetch GET 200 https://registry.npmjs.org/@aws-sdk%2ftoken-providers 877ms (cache miss)
2055 silly packumentCache full:https://registry.npmjs.org/@aws-sdk%2ftoken-providers set size:undefined disposed:false
2056 http fetch GET 200 https://registry.npmjs.org/@aws-sdk%2fsignature-v4-multi-region 2491ms (cache miss)
2057 silly packumentCache full:https://registry.npmjs.org/@aws-sdk%2fsignature-v4-multi-region set size:undefined disposed:false
2058 silly placeDep ROOT @aws-sdk/xml-builder@3.972.40 OK for: @aws-sdk/core@3.977.9 want: ^3.972.40
2059 silly placeDep ROOT @aws/lambda-invoke-store@0.3.0 OK for: @aws-sdk/core@3.977.9 want: ^0.3.0
2060 silly placeDep ROOT @smithy/signature-v4@5.7.3 OK for: @aws-sdk/core@3.977.9 want: ^5.6.12
2061 silly placeDep ROOT bowser@2.14.1 OK for: @aws-sdk/core@3.977.9 want: ^2.11.0
2062 silly placeDep ROOT @smithy/fetch-http-handler@5.7.2 OK for: @aws-sdk/credential-provider-http@3.972.72 want: ^5.7.2
2063 silly placeDep ROOT @smithy/node-http-handler@4.11.3 OK for: @aws-sdk/credential-provider-http@3.972.72 want: ^4.11.3
2064 silly placeDep ROOT @aws-sdk/token-providers@3.1116.0 OK for: @aws-sdk/credential-provider-sso@3.973.14 want: 3.1116.0
2065 silly placeDep ROOT @aws-sdk/signature-v4-multi-region@3.996.46 OK for: @aws-sdk/nested-clients@3.997.44 want: ^3.996.46
2066 silly placeDep ROOT @aws-crypto/crc32@5.2.0 OK for: @distilled.cloud/aws@1.0.0-rc.6 want: ^5.2.0
2067 silly placeDep ROOT @aws-crypto/util@5.2.0 OK for: @distilled.cloud/aws@1.0.0-rc.6 want: ^5.2.0
2068 silly placeDep ROOT @smithy/util-base64@4.6.2 OK for: @distilled.cloud/aws@1.0.0-rc.6 want: ^4.3.0
2069 silly fetch manifest @smithy/util-utf8@^2.0.0
2070 silly packumentCache full:https://registry.npmjs.org/@smithy%2futil-utf8 cache-miss
2071 http fetch GET 200 https://registry.npmjs.org/@smithy%2futil-utf8 515ms (cache miss)
2072 silly packumentCache full:https://registry.npmjs.org/@smithy%2futil-utf8 set size:undefined disposed:false
2073 silly placeDep ROOT @smithy/util-utf8@2.3.0 OK for: @aws-crypto/util@5.2.0 want: ^2.0.0
2074 silly fetch manifest @smithy/util-buffer-from@^2.2.0
2075 silly packumentCache full:https://registry.npmjs.org/@smithy%2futil-buffer-from cache-miss
2076 http fetch GET 200 https://registry.npmjs.org/@smithy%2futil-buffer-from 393ms (cache miss)
2077 silly packumentCache full:https://registry.npmjs.org/@smithy%2futil-buffer-from set size:undefined disposed:false
2078 silly placeDep ROOT @libsql/core@0.17.4 OK for: @libsql/client@0.17.4 want: ^0.17.4
2079 silly placeDep ROOT @libsql/hrana-client@0.10.0 OK for: @libsql/client@0.17.4 want: ^0.10.0
2080 silly placeDep ROOT js-base64@3.9.3 OK for: @libsql/client@0.17.4 want: ^3.7.5
2081 silly placeDep ROOT libsql@0.5.29 OK for: @libsql/client@0.17.4 want: ^0.5.28
2082 silly placeDep ROOT promise-limit@2.7.0 OK for: @libsql/client@0.17.4 want: ^2.7.0
2083 silly fetch manifest @libsql/isomorphic-ws@^0.1.5
2084 silly packumentCache full:https://registry.npmjs.org/@libsql%2fisomorphic-ws cache-miss
2085 silly fetch manifest detect-libc@2.0.2
2086 silly packumentCache full:https://registry.npmjs.org/detect-libc cache-miss
2087 silly fetch manifest @neon-rs/load@^0.0.4
2088 silly packumentCache full:https://registry.npmjs.org/@neon-rs%2fload cache-miss
2089 http fetch GET 200 https://registry.npmjs.org/@libsql%2fisomorphic-ws 230ms (cache miss)
2090 silly packumentCache full:https://registry.npmjs.org/@libsql%2fisomorphic-ws set size:undefined disposed:false
2091 silly fetch manifest @libsql/darwin-x64@0.5.29
2092 silly packumentCache full:https://registry.npmjs.org/@libsql%2fdarwin-x64 cache-miss
2093 http fetch GET 200 https://registry.npmjs.org/@neon-rs%2fload 268ms (cache miss)
2094 silly packumentCache full:https://registry.npmjs.org/@neon-rs%2fload set size:undefined disposed:false
2095 silly fetch manifest @libsql/darwin-arm64@0.5.29
2096 silly packumentCache full:https://registry.npmjs.org/@libsql%2fdarwin-arm64 cache-miss
2097 http fetch GET 200 https://registry.npmjs.org/detect-libc 310ms (cache miss)
2098 silly packumentCache full:https://registry.npmjs.org/detect-libc set size:undefined disposed:false
2099 silly fetch manifest @libsql/linux-x64-gnu@0.5.29
2100 silly packumentCache full:https://registry.npmjs.org/@libsql%2flinux-x64-gnu cache-miss
2101 http fetch GET 200 https://registry.npmjs.org/@libsql%2fdarwin-arm64 294ms (cache miss)
2102 silly packumentCache full:https://registry.npmjs.org/@libsql%2fdarwin-arm64 set size:undefined disposed:false
2103 silly fetch manifest @libsql/linux-x64-musl@0.5.29
2104 silly packumentCache full:https://registry.npmjs.org/@libsql%2flinux-x64-musl cache-miss
2105 http fetch GET 200 https://registry.npmjs.org/@libsql%2fdarwin-x64 422ms (cache miss)
2106 silly packumentCache full:https://registry.npmjs.org/@libsql%2fdarwin-x64 set size:undefined disposed:false
2107 silly fetch manifest @libsql/win32-x64-msvc@0.5.29
2108 silly packumentCache full:https://registry.npmjs.org/@libsql%2fwin32-x64-msvc cache-miss
2109 http fetch GET 200 https://registry.npmjs.org/@libsql%2flinux-x64-musl 247ms (cache miss)
2110 silly packumentCache full:https://registry.npmjs.org/@libsql%2flinux-x64-musl set size:undefined disposed:false
2111 silly fetch manifest @libsql/linux-arm64-gnu@0.5.29
2112 silly packumentCache full:https://registry.npmjs.org/@libsql%2flinux-arm64-gnu cache-miss
2113 http fetch GET 200 https://registry.npmjs.org/@libsql%2flinux-x64-gnu 527ms (cache miss)
2114 silly packumentCache full:https://registry.npmjs.org/@libsql%2flinux-x64-gnu set size:undefined disposed:false
2115 silly fetch manifest @libsql/linux-arm64-musl@0.5.29
2116 silly packumentCache full:https://registry.npmjs.org/@libsql%2flinux-arm64-musl cache-miss
2117 http fetch GET 200 https://registry.npmjs.org/@libsql%2fwin32-x64-msvc 726ms (cache miss)
2118 silly packumentCache full:https://registry.npmjs.org/@libsql%2fwin32-x64-msvc set size:undefined disposed:false
2119 silly fetch manifest @libsql/linux-arm-gnueabihf@0.5.29
2120 silly packumentCache full:https://registry.npmjs.org/@libsql%2flinux-arm-gnueabihf cache-miss
2121 http fetch GET 200 https://registry.npmjs.org/@libsql%2flinux-arm64-musl 561ms (cache miss)
2122 silly packumentCache full:https://registry.npmjs.org/@libsql%2flinux-arm64-musl set size:undefined disposed:false
2123 silly fetch manifest @libsql/linux-arm-musleabihf@0.5.29
2124 silly packumentCache full:https://registry.npmjs.org/@libsql%2flinux-arm-musleabihf cache-miss
2125 http fetch GET 200 https://registry.npmjs.org/@libsql%2flinux-arm64-gnu 737ms (cache miss)
2126 silly packumentCache full:https://registry.npmjs.org/@libsql%2flinux-arm64-gnu set size:undefined disposed:false
2127 http fetch GET 200 https://registry.npmjs.org/@libsql%2flinux-arm-gnueabihf 435ms (cache miss)
2128 silly packumentCache full:https://registry.npmjs.org/@libsql%2flinux-arm-gnueabihf set size:undefined disposed:false
2129 http fetch GET 200 https://registry.npmjs.org/@libsql%2flinux-arm-musleabihf 419ms (cache miss)
2130 silly packumentCache full:https://registry.npmjs.org/@libsql%2flinux-arm-musleabihf set size:undefined disposed:false
2131 silly placeDep ROOT @libsql/isomorphic-ws@0.1.5 OK for: @libsql/hrana-client@0.10.0 want: ^0.1.5
2132 silly fetch manifest @types/ws@^8.5.4
2133 silly packumentCache full:https://registry.npmjs.org/@types%2fws cache-miss
2134 http fetch GET 200 https://registry.npmjs.org/@types%2fws 1062ms (cache miss)
2135 silly packumentCache full:https://registry.npmjs.org/@types%2fws set size:undefined disposed:false
2136 silly placeDep ROOT @types/ws@8.18.1 OK for: @libsql/isomorphic-ws@0.1.5 want: ^8.5.4
2137 silly placeDep ROOT @octokit/core@7.0.7 OK for: @octokit/rest@22.0.1 want: ^7.0.6
2138 silly placeDep ROOT @octokit/plugin-paginate-rest@14.0.0 OK for: @octokit/rest@22.0.1 want: ^14.0.0
2139 silly placeDep ROOT @octokit/plugin-request-log@6.0.0 OK for: @octokit/rest@22.0.1 want: ^6.0.0
2140 silly placeDep ROOT @octokit/plugin-rest-endpoint-methods@17.0.0 OK for: @octokit/rest@22.0.1 want: ^17.0.0
2141 silly fetch manifest @octokit/types@^17.0.0
2142 silly packumentCache full:https://registry.npmjs.org/@octokit%2ftypes cache-miss
2143 silly fetch manifest @octokit/graphql@^9.0.4
2144 silly packumentCache full:https://registry.npmjs.org/@octokit%2fgraphql cache-miss
2145 silly fetch manifest @octokit/request@^10.0.13
2146 silly packumentCache full:https://registry.npmjs.org/@octokit%2frequest cache-miss
2147 http fetch GET 200 https://registry.npmjs.org/@octokit%2fgraphql 446ms (cache miss)
2148 silly packumentCache full:https://registry.npmjs.org/@octokit%2fgraphql set size:undefined disposed:false
2149 silly fetch manifest before-after-hook@^4.0.0
2150 silly packumentCache full:https://registry.npmjs.org/before-after-hook cache-miss
2151 http fetch GET 200 https://registry.npmjs.org/@octokit%2ftypes 508ms (cache miss)
2152 silly packumentCache full:https://registry.npmjs.org/@octokit%2ftypes set size:undefined disposed:false
2153 silly fetch manifest @octokit/auth-token@^6.0.0
2154 silly packumentCache full:https://registry.npmjs.org/@octokit%2fauth-token cache-miss
2155 http fetch GET 200 https://registry.npmjs.org/@octokit%2frequest 893ms (cache miss)
2156 silly packumentCache full:https://registry.npmjs.org/@octokit%2frequest set size:undefined disposed:false
2157 silly fetch manifest universal-user-agent@^7.0.0
2158 silly packumentCache full:https://registry.npmjs.org/universal-user-agent cache-miss
2159 http fetch GET 200 https://registry.npmjs.org/before-after-hook 648ms (cache miss)
2160 silly packumentCache full:https://registry.npmjs.org/before-after-hook set size:undefined disposed:false
2161 silly fetch manifest @octokit/request-error@^7.1.1
2162 silly packumentCache full:https://registry.npmjs.org/@octokit%2frequest-error cache-miss
2163 http fetch GET 200 https://registry.npmjs.org/@octokit%2fauth-token 660ms (cache miss)
2164 silly packumentCache full:https://registry.npmjs.org/@octokit%2fauth-token set size:undefined disposed:false
2165 silly fetch manifest @octokit/types@^16.0.0
2166 silly packumentCache full:https://registry.npmjs.org/@octokit%2ftypes cache-miss
2167 http cache https://registry.npmjs.org/@octokit%2frequest-error 85ms (cache hit)
2168 silly packumentCache full:https://registry.npmjs.org/@octokit%2frequest-error set size:131446 disposed:false
2169 silly fetch manifest @octokit/types@^16.0.0
2170 silly packumentCache full:https://registry.npmjs.org/@octokit%2ftypes cache-miss
2171 http fetch GET 200 https://registry.npmjs.org/universal-user-agent 377ms (cache miss)
2172 silly packumentCache full:https://registry.npmjs.org/universal-user-agent set size:undefined disposed:false
2173 http cache https://registry.npmjs.org/@octokit%2ftypes 276ms (cache hit)
2174 silly packumentCache full:https://registry.npmjs.org/@octokit%2ftypes set size:678035 disposed:false
2175 http cache https://registry.npmjs.org/@octokit%2ftypes 306ms (cache hit)
2176 silly packumentCache full:https://registry.npmjs.org/@octokit%2ftypes set size:678035 disposed:false
2177 silly packumentCache full:https://registry.npmjs.org/@octokit%2ftypes dispose
2178 silly placeDep ROOT @octokit/auth-token@6.0.0 OK for: @octokit/core@7.0.7 want: ^6.0.0
2179 silly placeDep ROOT @octokit/graphql@9.0.4 OK for: @octokit/core@7.0.7 want: ^9.0.4
2180 silly placeDep ROOT @octokit/request@10.0.15 OK for: @octokit/core@7.0.7 want: ^10.0.13
2181 silly placeDep ROOT @octokit/request-error@7.1.1 OK for: @octokit/core@7.0.7 want: ^7.1.1
2182 silly placeDep ROOT @octokit/types@17.0.0 OK for: @octokit/core@7.0.7 want: ^17.0.0
2183 silly placeDep ROOT before-after-hook@4.0.0 OK for: @octokit/core@7.0.7 want: ^4.0.0
2184 silly placeDep ROOT universal-user-agent@7.0.3 OK for: @octokit/core@7.0.7 want: ^7.0.0
2185 silly fetch manifest content-type@^3.0.0
2186 silly packumentCache full:https://registry.npmjs.org/content-type cache-miss
2187 silly fetch manifest json-with-bigint@^3.5.12
2188 silly packumentCache full:https://registry.npmjs.org/json-with-bigint cache-miss
2189 silly fetch manifest @octokit/endpoint@^11.0.3
2190 silly packumentCache full:https://registry.npmjs.org/@octokit%2fendpoint cache-miss
2191 http fetch GET 200 https://registry.npmjs.org/@octokit%2fendpoint 385ms (cache miss)
2192 silly packumentCache full:https://registry.npmjs.org/@octokit%2fendpoint set size:undefined disposed:false
2193 silly fetch manifest universal-user-agent@^7.0.2
2194 silly packumentCache full:https://registry.npmjs.org/universal-user-agent cache-miss
2195 http fetch GET 200 https://registry.npmjs.org/content-type 419ms (cache miss)
2196 silly packumentCache full:https://registry.npmjs.org/content-type set size:undefined disposed:false
2197 silly fetch manifest @octokit/openapi-types@^28.0.0
2198 silly packumentCache full:https://registry.npmjs.org/@octokit%2fopenapi-types cache-miss
2199 http fetch GET 200 https://registry.npmjs.org/json-with-bigint 468ms (cache miss)
2200 silly packumentCache full:https://registry.npmjs.org/json-with-bigint set size:undefined disposed:false
2201 http cache https://registry.npmjs.org/universal-user-agent 248ms (cache hit)
2202 silly packumentCache full:https://registry.npmjs.org/universal-user-agent set size:44336 disposed:false
2203 http fetch GET 200 https://registry.npmjs.org/@octokit%2fopenapi-types 397ms (cache miss)
2204 silly packumentCache full:https://registry.npmjs.org/@octokit%2fopenapi-types set size:undefined disposed:false
2205 silly placeDep node_modules/@octokit/plugin-paginate-rest @octokit/types@16.0.0 OK for: @octokit/plugin-paginate-rest@14.0.0 want: ^16.0.0
2206 silly fetch manifest @octokit/openapi-types@^27.0.0
2207 silly packumentCache full:https://registry.npmjs.org/@octokit%2fopenapi-types cache-miss
2208 http cache https://registry.npmjs.org/@octokit%2fopenapi-types 19ms (cache hit)
2209 silly packumentCache full:https://registry.npmjs.org/@octokit%2fopenapi-types set size:398124 disposed:false
2210 silly placeDep node_modules/@octokit/plugin-rest-endpoint-methods @octokit/types@16.0.0 OK for: @octokit/plugin-rest-endpoint-methods@17.0.0 want: ^16.0.0
2211 silly placeDep ROOT @octokit/endpoint@11.0.4 OK for: @octokit/request@10.0.15 want: ^11.0.3
2212 silly placeDep ROOT content-type@3.0.0 OK for: @octokit/request@10.0.15 want: ^3.0.0
2213 silly placeDep ROOT json-with-bigint@3.5.12 OK for: @octokit/request@10.0.15 want: ^3.5.12
2214 silly placeDep ROOT @octokit/openapi-types@28.0.0 OK for: @octokit/types@17.0.0 want: ^28.0.0
2215 silly placeDep ROOT @octokit/openapi-webhooks-types@12.1.0 OK for: @octokit/webhooks@14.2.0 want: 12.1.0
2216 silly placeDep ROOT @octokit/webhooks-methods@6.0.0 OK for: @octokit/webhooks@14.2.0 want: ^6.0.0
2217 silly fetch manifest typescript@>=5
2218 silly packumentCache full:https://registry.npmjs.org/typescript cache-miss
2219 http cache https://registry.npmjs.org/typescript 808ms (cache hit)
2220 silly packumentCache full:https://registry.npmjs.org/typescript set size:15597675 disposed:false
2221 silly placeDep ROOT @electric-sql/pglite@0.3.15 OK for: @prisma/dev@0.20.0 want: 0.3.15
2222 silly placeDep ROOT @electric-sql/pglite-socket@0.0.20 OK for: @prisma/dev@0.20.0 want: 0.0.20
2223 silly placeDep ROOT @electric-sql/pglite-tools@0.2.20 OK for: @prisma/dev@0.20.0 want: 0.2.20
2224 silly placeDep ROOT @hono/node-server@1.19.9 OK for: @prisma/dev@0.20.0 want: 1.19.9
2225 silly placeDep ROOT hono@4.11.4 OK for: @hono/node-server@1.19.9 want: ^4
2226 silly placeDep ROOT @mrleebo/prisma-ast@0.13.1 OK for: @prisma/dev@0.20.0 want: 0.13.1
2227 silly placeDep ROOT @prisma/get-platform@7.2.0 OK for: @prisma/dev@0.20.0 want: 7.2.0
2228 silly placeDep ROOT @prisma/query-plan-executor@7.2.0 OK for: @prisma/dev@0.20.0 want: 7.2.0
2229 silly placeDep ROOT foreground-child@3.3.1 OK for: @prisma/dev@0.20.0 want: 3.3.1
2230 silly placeDep ROOT get-port-please@3.2.0 OK for: @prisma/dev@0.20.0 want: 3.2.0
2231 silly placeDep ROOT http-status-codes@2.3.0 OK for: @prisma/dev@0.20.0 want: 2.3.0
2232 silly placeDep ROOT proper-lockfile@4.1.2 OK for: @prisma/dev@0.20.0 want: 4.1.2
2233 silly placeDep ROOT remeda@2.33.4 OK for: @prisma/dev@0.20.0 want: 2.33.4
2234 silly placeDep ROOT std-env@3.10.0 OK for: @prisma/dev@0.20.0 want: 3.10.0
2235 silly placeDep ROOT valibot@1.2.0 OK for: @prisma/dev@0.20.0 want: 1.2.0
2236 silly placeDep ROOT zeptomatch@2.1.0 OK for: @prisma/dev@0.20.0 want: 2.1.0
2237 silly fetch manifest lilconfig@^2.1.0
2238 silly packumentCache full:https://registry.npmjs.org/lilconfig cache-miss
2239 silly fetch manifest chevrotain@^10.5.0
2240 silly packumentCache full:https://registry.npmjs.org/chevrotain cache-miss
2241 silly fetch manifest @prisma/debug@7.2.0
2242 silly packumentCache full:https://registry.npmjs.org/@prisma%2fdebug cache-miss
2243 http fetch GET 200 https://registry.npmjs.org/lilconfig 483ms (cache miss)
2244 silly packumentCache full:https://registry.npmjs.org/lilconfig set size:undefined disposed:false
2245 silly fetch manifest signal-exit@^4.0.1
2246 silly packumentCache full:https://registry.npmjs.org/signal-exit cache-hit
2247 silly fetch manifest retry@^0.12.0
2248 silly packumentCache full:https://registry.npmjs.org/retry cache-miss
2249 http fetch GET 200 https://registry.npmjs.org/chevrotain 668ms (cache miss)
2250 silly packumentCache full:https://registry.npmjs.org/chevrotain set size:undefined disposed:false
2251 silly fetch manifest signal-exit@^3.0.2
2252 silly packumentCache full:https://registry.npmjs.org/signal-exit cache-hit
2253 silly fetch manifest grammex@^3.1.11
2254 silly packumentCache full:https://registry.npmjs.org/grammex cache-miss
2255 http fetch GET 200 https://registry.npmjs.org/retry 2548ms (cache miss)
2256 silly packumentCache full:https://registry.npmjs.org/retry set size:undefined disposed:false
2257 silly fetch manifest graphmatch@^1.1.0
2258 silly packumentCache full:https://registry.npmjs.org/graphmatch cache-miss
2259 http fetch GET 200 https://registry.npmjs.org/grammex 2412ms (cache miss)
2260 silly packumentCache full:https://registry.npmjs.org/grammex set size:undefined disposed:false
2261 http fetch GET 200 https://registry.npmjs.org/graphmatch 773ms (cache miss)
2262 silly packumentCache full:https://registry.npmjs.org/graphmatch set size:undefined disposed:false
2263 http fetch GET 200 https://registry.npmjs.org/@prisma%2fdebug 3796ms (cache miss)
2264 silly packumentCache full:https://registry.npmjs.org/@prisma%2fdebug set size:undefined disposed:false
2265 silly placeDep ROOT chevrotain@10.5.0 OK for: @mrleebo/prisma-ast@0.13.1 want: ^10.5.0
2266 silly placeDep ROOT lilconfig@2.1.0 OK for: @mrleebo/prisma-ast@0.13.1 want: ^2.1.0
2267 silly fetch manifest lodash@4.17.21
2268 silly packumentCache full:https://registry.npmjs.org/lodash cache-miss
2269 silly fetch manifest regexp-to-ast@0.5.0
2270 silly packumentCache full:https://registry.npmjs.org/regexp-to-ast cache-miss
2271 silly fetch manifest @chevrotain/gast@10.5.0
2272 silly packumentCache full:https://registry.npmjs.org/@chevrotain%2fgast cache-miss
2273 http fetch GET 200 https://registry.npmjs.org/regexp-to-ast 523ms (cache miss)
2274 silly packumentCache full:https://registry.npmjs.org/regexp-to-ast set size:undefined disposed:false
2275 silly fetch manifest @chevrotain/types@10.5.0
2276 silly packumentCache full:https://registry.npmjs.org/@chevrotain%2ftypes cache-miss
2277 http fetch GET 200 https://registry.npmjs.org/lodash 538ms (cache miss)
2278 silly packumentCache full:https://registry.npmjs.org/lodash set size:undefined disposed:false
2279 silly fetch manifest @chevrotain/utils@10.5.0
2280 silly packumentCache full:https://registry.npmjs.org/@chevrotain%2futils cache-miss
2281 http fetch GET 200 https://registry.npmjs.org/@chevrotain%2fgast 567ms (cache miss)
2282 silly packumentCache full:https://registry.npmjs.org/@chevrotain%2fgast set size:undefined disposed:false
2283 silly fetch manifest @chevrotain/cst-dts-gen@10.5.0
2284 silly packumentCache full:https://registry.npmjs.org/@chevrotain%2fcst-dts-gen cache-miss
2285 http fetch GET 200 https://registry.npmjs.org/@chevrotain%2ftypes 369ms (cache miss)
2286 silly packumentCache full:https://registry.npmjs.org/@chevrotain%2ftypes set size:undefined disposed:false
2287 http fetch GET 200 https://registry.npmjs.org/@chevrotain%2futils 353ms (cache miss)
2288 silly packumentCache full:https://registry.npmjs.org/@chevrotain%2futils set size:undefined disposed:false
2289 http fetch GET 200 https://registry.npmjs.org/@chevrotain%2fcst-dts-gen 345ms (cache miss)
2290 silly packumentCache full:https://registry.npmjs.org/@chevrotain%2fcst-dts-gen set size:undefined disposed:false
2291 silly placeDep ROOT @prisma/debug@7.2.0 OK for: @prisma/get-platform@7.2.0 want: 7.2.0
2292 silly placeDep ROOT modern-tar@0.8.4 OK for: @puppeteer/browsers@3.2.1 want: ^0.8.0
2293 silly placeDep ROOT yargs@18.1.0 OK for: @puppeteer/browsers@3.2.1 want: ^18.0.0
2294 silly fetch manifest y18n@^5.0.5
2295 silly packumentCache full:https://registry.npmjs.org/y18n cache-miss
2296 silly fetch manifest cliui@^9.0.1
2297 silly packumentCache full:https://registry.npmjs.org/cliui cache-miss
2298 silly fetch manifest yargs-parser@^22.0.0
2299 silly packumentCache full:https://registry.npmjs.org/yargs-parser cache-miss
2300 http fetch GET 200 https://registry.npmjs.org/cliui 325ms (cache miss)
2301 silly packumentCache full:https://registry.npmjs.org/cliui set size:undefined disposed:false
2302 silly fetch manifest get-caller-file@^2.0.5
2303 silly packumentCache full:https://registry.npmjs.org/get-caller-file cache-miss
2304 http fetch GET 200 https://registry.npmjs.org/y18n 384ms (cache miss)
2305 silly packumentCache full:https://registry.npmjs.org/y18n set size:undefined disposed:false
2306 http fetch GET 200 https://registry.npmjs.org/get-caller-file 221ms (cache miss)
2307 silly packumentCache full:https://registry.npmjs.org/get-caller-file set size:undefined disposed:false
2308 http fetch GET 200 https://registry.npmjs.org/yargs-parser 590ms (cache miss)
2309 silly packumentCache full:https://registry.npmjs.org/yargs-parser set size:undefined disposed:false
2310 silly placeDep ROOT @smithy/util-buffer-from@2.2.0 OK for: @smithy/util-utf8@2.3.0 want: ^2.2.0
2311 silly fetch manifest @smithy/is-array-buffer@^2.2.0
2312 silly packumentCache full:https://registry.npmjs.org/@smithy%2fis-array-buffer cache-miss
2313 http fetch GET 200 https://registry.npmjs.org/@smithy%2fis-array-buffer 470ms (cache miss)
2314 silly packumentCache full:https://registry.npmjs.org/@smithy%2fis-array-buffer set size:undefined disposed:false
2315 silly placeDep ROOT @smithy/is-array-buffer@2.2.0 OK for: @smithy/util-buffer-from@2.2.0 want: ^2.2.0
2316 silly placeDep ROOT @ark/schema@0.56.2 OK for: arktype@2.2.3 want: 0.56.2
2317 silly placeDep ROOT @ark/util@0.56.2 OK for: arktype@2.2.3 want: 0.56.2
2318 silly placeDep ROOT arkregex@0.0.8 OK for: arktype@2.2.3 want: 0.0.8
2319 silly placeDep ROOT file-uri-to-path@1.0.0 OK for: bindings@1.5.0 want: 1.0.0
2320 silly placeDep ROOT chokidar@5.0.0 OK for: c12@3.3.4 want: ^5.0.0
2321 silly placeDep ROOT confbox@0.2.4 OK for: c12@3.3.4 want: ^0.2.4
2322 silly placeDep ROOT defu@6.1.7 OK for: c12@3.3.4 want: ^6.1.6
2323 silly placeDep ROOT exsolve@1.1.1 OK for: c12@3.3.4 want: ^1.0.8
2324 silly placeDep ROOT giget@3.3.1 OK for: c12@3.3.4 want: ^3.2.0
2325 silly placeDep ROOT ohash@2.0.12 OK for: c12@3.3.4 want: ^2.0.11
2326 silly placeDep ROOT perfect-debounce@2.1.0 OK for: c12@3.3.4 want: ^2.1.0
2327 silly placeDep ROOT pkg-types@2.3.1 OK for: c12@3.3.4 want: ^2.3.0
2328 silly placeDep ROOT rc9@3.0.1 OK for: c12@3.3.4 want: ^3.0.1
2329 silly fetch manifest readdirp@^5.0.0
2330 silly packumentCache full:https://registry.npmjs.org/readdirp cache-miss
2331 silly fetch manifest destr@^2.0.5
2332 silly packumentCache full:https://registry.npmjs.org/destr cache-miss
2333 http fetch GET 200 https://registry.npmjs.org/destr 425ms (cache miss)
2334 silly packumentCache full:https://registry.npmjs.org/destr set size:undefined disposed:false
2335 http fetch GET 200 https://registry.npmjs.org/readdirp 487ms (cache miss)
2336 silly packumentCache full:https://registry.npmjs.org/readdirp set size:undefined disposed:false
2337 silly placeDep ROOT @chevrotain/cst-dts-gen@10.5.0 OK for: chevrotain@10.5.0 want: 10.5.0
2338 silly placeDep ROOT @chevrotain/gast@10.5.0 OK for: chevrotain@10.5.0 want: 10.5.0
2339 silly placeDep ROOT @chevrotain/types@10.5.0 OK for: chevrotain@10.5.0 want: 10.5.0
2340 silly placeDep ROOT @chevrotain/utils@10.5.0 OK for: chevrotain@10.5.0 want: 10.5.0
2341 silly placeDep ROOT lodash@4.17.21 OK for: chevrotain@10.5.0 want: 4.17.21
2342 silly placeDep ROOT regexp-to-ast@0.5.0 OK for: chevrotain@10.5.0 want: 0.5.0
2343 silly placeDep ROOT readdirp@5.1.1 OK for: chokidar@5.0.0 want: ^5.0.0
2344 silly placeDep ROOT typanion@3.14.0 OK for: clipanion@4.0.0-rc.4 want: ^3.8.0
2345 silly placeDep ROOT fast-check@4.9.0 OK for: effect@4.0.0-rc.112 want: ^4.9.0
2346 silly placeDep ROOT msgpackr@2.0.6 OK for: effect@4.0.0-rc.112 want: ^2.0.5
2347 silly fetch manifest pure-rand@^8.0.0
2348 silly packumentCache full:https://registry.npmjs.org/pure-rand cache-miss
2349 silly fetch manifest msgpackr-extract@^3.0.4
2350 silly packumentCache full:https://registry.npmjs.org/msgpackr-extract cache-miss
2351 http fetch GET 200 https://registry.npmjs.org/pure-rand 334ms (cache miss)
2352 silly packumentCache full:https://registry.npmjs.org/pure-rand set size:undefined disposed:false
2353 http fetch GET 200 https://registry.npmjs.org/msgpackr-extract 342ms (cache miss)
2354 silly packumentCache full:https://registry.npmjs.org/msgpackr-extract set size:undefined disposed:false
2355 silly placeDep ROOT @esbuild/aix-ppc64@0.28.2 OK for: esbuild@0.28.2 want: 0.28.2
2356 silly placeDep ROOT @esbuild/android-arm@0.28.2 OK for: esbuild@0.28.2 want: 0.28.2
2357 silly placeDep ROOT @esbuild/android-arm64@0.28.2 OK for: esbuild@0.28.2 want: 0.28.2
2358 silly placeDep ROOT @esbuild/android-x64@0.28.2 OK for: esbuild@0.28.2 want: 0.28.2
2359 silly placeDep ROOT @esbuild/darwin-arm64@0.28.2 OK for: esbuild@0.28.2 want: 0.28.2
2360 silly placeDep ROOT @esbuild/darwin-x64@0.28.2 OK for: esbuild@0.28.2 want: 0.28.2
2361 silly placeDep ROOT @esbuild/freebsd-arm64@0.28.2 OK for: esbuild@0.28.2 want: 0.28.2
2362 silly placeDep ROOT @esbuild/freebsd-x64@0.28.2 OK for: esbuild@0.28.2 want: 0.28.2
2363 silly placeDep ROOT @esbuild/linux-arm@0.28.2 OK for: esbuild@0.28.2 want: 0.28.2
2364 silly placeDep ROOT @esbuild/linux-arm64@0.28.2 OK for: esbuild@0.28.2 want: 0.28.2
2365 silly placeDep ROOT @esbuild/linux-ia32@0.28.2 OK for: esbuild@0.28.2 want: 0.28.2
2366 silly placeDep ROOT @esbuild/linux-loong64@0.28.2 OK for: esbuild@0.28.2 want: 0.28.2
2367 silly placeDep ROOT @esbuild/linux-mips64el@0.28.2 OK for: esbuild@0.28.2 want: 0.28.2
2368 silly placeDep ROOT @esbuild/linux-ppc64@0.28.2 OK for: esbuild@0.28.2 want: 0.28.2
2369 silly placeDep ROOT @esbuild/linux-riscv64@0.28.2 OK for: esbuild@0.28.2 want: 0.28.2
2370 silly placeDep ROOT @esbuild/linux-s390x@0.28.2 OK for: esbuild@0.28.2 want: 0.28.2
2371 silly placeDep ROOT @esbuild/linux-x64@0.28.2 OK for: esbuild@0.28.2 want: 0.28.2
2372 silly placeDep ROOT @esbuild/netbsd-arm64@0.28.2 OK for: esbuild@0.28.2 want: 0.28.2
2373 silly placeDep ROOT @esbuild/netbsd-x64@0.28.2 OK for: esbuild@0.28.2 want: 0.28.2
2374 silly placeDep ROOT @esbuild/openbsd-arm64@0.28.2 OK for: esbuild@0.28.2 want: 0.28.2
2375 silly placeDep ROOT @esbuild/openbsd-x64@0.28.2 OK for: esbuild@0.28.2 want: 0.28.2
2376 silly placeDep ROOT @esbuild/openharmony-arm64@0.28.2 OK for: esbuild@0.28.2 want: 0.28.2
2377 silly placeDep ROOT @esbuild/sunos-x64@0.28.2 OK for: esbuild@0.28.2 want: 0.28.2
2378 silly placeDep ROOT @esbuild/win32-arm64@0.28.2 OK for: esbuild@0.28.2 want: 0.28.2
2379 silly placeDep ROOT @esbuild/win32-ia32@0.28.2 OK for: esbuild@0.28.2 want: 0.28.2
2380 silly placeDep ROOT @esbuild/win32-x64@0.28.2 OK for: esbuild@0.28.2 want: 0.28.2
2381 silly placeDep ROOT @sindresorhus/merge-streams@4.0.0 OK for: execa@9.6.1 want: ^4.0.0
2382 silly placeDep ROOT figures@6.1.0 OK for: execa@9.6.1 want: ^6.1.0
2383 silly placeDep ROOT get-stream@9.0.1 OK for: execa@9.6.1 want: ^9.0.0
2384 silly placeDep ROOT human-signals@8.0.1 OK for: execa@9.6.1 want: ^8.0.1
2385 silly placeDep ROOT is-plain-obj@4.1.0 OK for: execa@9.6.1 want: ^4.1.0
2386 silly placeDep ROOT is-stream@4.0.1 OK for: execa@9.6.1 want: ^4.0.1
2387 silly placeDep ROOT npm-run-path@6.0.0 OK for: execa@9.6.1 want: ^6.0.0
2388 silly placeDep ROOT pretty-ms@9.3.0 OK for: execa@9.6.1 want: ^9.2.0
2389 silly placeDep ROOT signal-exit@4.1.0 OK for: execa@9.6.1 want: ^4.1.0
2390 silly placeDep ROOT strip-final-newline@4.0.0 OK for: execa@9.6.1 want: ^4.0.0
2391 silly placeDep ROOT yoctocolors@2.2.0 OK for: execa@9.6.1 want: ^2.1.1
2392 silly fetch manifest is-unicode-supported@^2.0.0
2393 silly packumentCache full:https://registry.npmjs.org/is-unicode-supported cache-miss
2394 silly fetch manifest @sec-ant/readable-stream@^0.4.1
2395 silly packumentCache full:https://registry.npmjs.org/@sec-ant%2freadable-stream cache-miss
2396 silly fetch manifest path-key@^4.0.0
2397 silly packumentCache full:https://registry.npmjs.org/path-key cache-miss
2398 http fetch GET 200 https://registry.npmjs.org/is-unicode-supported 299ms (cache miss)
2399 silly packumentCache full:https://registry.npmjs.org/is-unicode-supported set size:undefined disposed:false
2400 silly fetch manifest unicorn-magic@^0.3.0
2401 silly packumentCache full:https://registry.npmjs.org/unicorn-magic cache-miss
2402 http fetch GET 200 https://registry.npmjs.org/@sec-ant%2freadable-stream 304ms (cache miss)
2403 silly packumentCache full:https://registry.npmjs.org/@sec-ant%2freadable-stream set size:undefined disposed:false
2404 silly fetch manifest parse-ms@^4.0.0
2405 silly packumentCache full:https://registry.npmjs.org/parse-ms cache-miss
2406 http fetch GET 200 https://registry.npmjs.org/path-key 357ms (cache miss)
2407 silly packumentCache full:https://registry.npmjs.org/path-key set size:undefined disposed:false
2408 http fetch GET 200 https://registry.npmjs.org/parse-ms 221ms (cache miss)
2409 silly packumentCache full:https://registry.npmjs.org/parse-ms set size:undefined disposed:false
2410 http fetch GET 200 https://registry.npmjs.org/unicorn-magic 237ms (cache miss)
2411 silly packumentCache full:https://registry.npmjs.org/unicorn-magic set size:undefined disposed:false
2412 silly placeDep ROOT pure-rand@8.4.2 OK for: fast-check@4.9.0 want: ^8.0.0
2413 silly placeDep ROOT fast-string-truncated-width@3.0.3 OK for: fast-string-width@3.0.2 want: ^3.0.2
2414 silly placeDep ROOT @nodable/entities@3.0.0 OK for: fast-xml-parser@5.11.1 want: ^3.0.0
2415 silly placeDep ROOT fast-xml-builder@1.3.1 OK for: fast-xml-parser@5.11.1 want: ^1.2.0
2416 silly placeDep ROOT is-unsafe@2.0.2 OK for: fast-xml-parser@5.11.1 want: ^2.0.0
2417 silly placeDep ROOT path-expression-matcher@1.6.2 OK for: fast-xml-parser@5.11.1 want: ^1.6.2
2418 silly placeDep ROOT strnum@2.4.2 OK for: fast-xml-parser@5.11.1 want: ^2.4.2
2419 silly placeDep ROOT xml-naming@0.3.0 OK for: fast-xml-parser@5.11.1 want: ^0.3.0
2420 silly fetch manifest anynum@^1.0.1
2421 silly packumentCache full:https://registry.npmjs.org/anynum cache-miss
2422 http fetch GET 200 https://registry.npmjs.org/anynum 269ms (cache miss)
2423 silly packumentCache full:https://registry.npmjs.org/anynum set size:undefined disposed:false
2424 silly placeDep ROOT is-unicode-supported@2.1.0 OK for: figures@6.1.0 want: ^2.0.0
2425 silly placeDep ROOT @sec-ant/readable-stream@0.4.1 OK for: get-stream@9.0.1 want: ^0.4.1
2426 silly placeDep node_modules/glob minimatch@10.2.6 OK for: glob@13.0.6 want: ^10.2.2
2427 silly placeDep ROOT minipass@7.1.3 OK for: glob@13.0.6 want: ^7.1.3
2428 silly placeDep ROOT path-scurry@2.0.2 OK for: glob@13.0.6 want: ^2.0.2
2429 silly fetch manifest brace-expansion@^5.0.8
2430 silly packumentCache full:https://registry.npmjs.org/brace-expansion cache-miss
2431 silly fetch manifest lru-cache@^11.0.0
2432 silly packumentCache full:https://registry.npmjs.org/lru-cache cache-miss
2433 http fetch GET 200 https://registry.npmjs.org/brace-expansion 296ms (cache miss)
2434 silly packumentCache full:https://registry.npmjs.org/brace-expansion set size:undefined disposed:false
2435 http fetch GET 200 https://registry.npmjs.org/lru-cache 306ms (cache miss)
2436 silly packumentCache full:https://registry.npmjs.org/lru-cache set size:undefined disposed:false
2437 silly placeDep ROOT agent-base@7.1.4 OK for: https-proxy-agent@7.0.6 want: ^7.1.2
2438 silly fetch manifest react@>=19.0.0
2439 silly packumentCache full:https://registry.npmjs.org/react cache-miss
2440 http cache https://registry.npmjs.org/react 222ms (cache hit)
2441 silly packumentCache full:https://registry.npmjs.org/react set size:6917274 disposed:false
2442 silly placeDep ROOT @alcalzone/ansi-tokenize@0.2.5 OK for: ink@6.8.0 want: ^0.2.4
2443 silly placeDep ROOT ansi-escapes@7.3.0 OK for: ink@6.8.0 want: ^7.3.0
2444 silly placeDep node_modules/ink ansi-styles@6.2.3 OK for: ink@6.8.0 want: ^6.2.1
2445 silly placeDep ROOT auto-bind@5.0.1 OK for: ink@6.8.0 want: ^5.0.1
2446 silly placeDep node_modules/ink chalk@5.6.2 OK for: ink@6.8.0 want: ^5.6.0
2447 silly placeDep ROOT cli-boxes@3.0.0 OK for: ink@6.8.0 want: ^3.0.0
2448 silly placeDep ROOT cli-cursor@4.0.0 OK for: ink@6.8.0 want: ^4.0.0
2449 silly placeDep ROOT cli-truncate@5.2.0 OK for: ink@6.8.0 want: ^5.1.1
2450 silly placeDep ROOT code-excerpt@4.0.0 OK for: ink@6.8.0 want: ^4.0.0
2451 silly placeDep ROOT es-toolkit@1.51.0 OK for: ink@6.8.0 want: ^1.39.10
2452 silly placeDep ROOT indent-string@5.0.0 OK for: ink@6.8.0 want: ^5.0.0
2453 silly placeDep ROOT is-in-ci@2.0.0 OK for: ink@6.8.0 want: ^2.0.0
2454 silly placeDep ROOT patch-console@2.0.0 OK for: ink@6.8.0 want: ^2.0.0
2455 silly placeDep ROOT react-reconciler@0.33.0 OK for: ink@6.8.0 want: ^0.33.0
2456 silly placeDep node_modules/ink signal-exit@3.0.7 OK for: ink@6.8.0 want: ^3.0.7
2457 silly placeDep ROOT slice-ansi@8.0.0 OK for: ink@6.8.0 want: ^8.0.0
2458 silly placeDep ROOT stack-utils@2.0.6 OK for: ink@6.8.0 want: ^2.0.6
2459 silly placeDep ROOT terminal-size@4.0.1 OK for: ink@6.8.0 want: ^4.0.1
2460 silly placeDep ROOT type-fest@5.8.0 OK for: ink@6.8.0 want: ^5.4.1
2461 silly placeDep ROOT widest-line@6.0.0 OK for: ink@6.8.0 want: ^6.0.0
2462 silly placeDep node_modules/ink wrap-ansi@9.0.2 OK for: ink@6.8.0 want: ^9.0.0
2463 silly placeDep ROOT yoga-layout@3.2.1 OK for: ink@6.8.0 want: ~3.2.1
2464 silly fetch manifest is-fullwidth-code-point@^5.0.0
2465 silly packumentCache full:https://registry.npmjs.org/is-fullwidth-code-point cache-miss
2466 silly fetch manifest environment@^1.0.0
2467 silly packumentCache full:https://registry.npmjs.org/environment cache-miss
2468 silly fetch manifest restore-cursor@^4.0.0
2469 silly packumentCache full:https://registry.npmjs.org/restore-cursor cache-miss
2470 http fetch GET 200 https://registry.npmjs.org/is-fullwidth-code-point 265ms (cache miss)
2471 silly packumentCache full:https://registry.npmjs.org/is-fullwidth-code-point set size:undefined disposed:false
2472 silly fetch manifest convert-to-spaces@^2.0.1
2473 silly packumentCache full:https://registry.npmjs.org/convert-to-spaces cache-miss
2474 http fetch GET 200 https://registry.npmjs.org/environment 266ms (cache miss)
2475 silly packumentCache full:https://registry.npmjs.org/environment set size:undefined disposed:false
2476 silly fetch manifest is-fullwidth-code-point@^5.1.0
2477 silly packumentCache full:https://registry.npmjs.org/is-fullwidth-code-point cache-miss
2478 http cache https://registry.npmjs.org/is-fullwidth-code-point 15ms (cache hit)
2479 silly packumentCache full:https://registry.npmjs.org/is-fullwidth-code-point set size:14578 disposed:false
2480 silly fetch manifest escape-string-regexp@^2.0.0
2481 silly packumentCache full:https://registry.npmjs.org/escape-string-regexp cache-miss
2482 http fetch GET 200 https://registry.npmjs.org/restore-cursor 434ms (cache miss)
2483 silly packumentCache full:https://registry.npmjs.org/restore-cursor set size:undefined disposed:false
2484 silly fetch manifest tagged-tag@^1.0.0
2485 silly packumentCache full:https://registry.npmjs.org/tagged-tag cache-miss
2486 http fetch GET 200 https://registry.npmjs.org/convert-to-spaces 221ms (cache miss)
2487 silly packumentCache full:https://registry.npmjs.org/convert-to-spaces set size:undefined disposed:false
2488 silly fetch manifest string-width@^7.0.0
2489 silly packumentCache full:https://registry.npmjs.org/string-width cache-hit
2490 http fetch GET 200 https://registry.npmjs.org/escape-string-regexp 256ms (cache miss)
2491 silly packumentCache full:https://registry.npmjs.org/escape-string-regexp set size:undefined disposed:false
2492 http fetch GET 200 https://registry.npmjs.org/tagged-tag 251ms (cache miss)
2493 silly packumentCache full:https://registry.npmjs.org/tagged-tag set size:undefined disposed:false
2494 silly placeDep node_modules/@alcalzone/ansi-tokenize ansi-styles@6.2.3 OK for: @alcalzone/ansi-tokenize@0.2.5 want: ^6.2.1
2495 silly placeDep ROOT is-fullwidth-code-point@5.1.0 OK for: @alcalzone/ansi-tokenize@0.2.5 want: ^5.0.0
2496 silly fetch manifest get-east-asian-width@^1.3.1
2497 silly packumentCache full:https://registry.npmjs.org/get-east-asian-width cache-miss
2498 http cache https://registry.npmjs.org/get-east-asian-width 44ms (cache hit)
2499 silly packumentCache full:https://registry.npmjs.org/get-east-asian-width set size:20538 disposed:false
2500 silly placeDep ROOT environment@1.1.0 OK for: ansi-escapes@7.3.0 want: ^1.0.0
2501 silly placeDep ROOT restore-cursor@4.0.0 OK for: cli-cursor@4.0.0 want: ^4.0.0
2502 silly fetch manifest onetime@^5.1.0
2503 silly packumentCache full:https://registry.npmjs.org/onetime cache-miss
2504 http fetch GET 200 https://registry.npmjs.org/onetime 346ms (cache miss)
2505 silly packumentCache full:https://registry.npmjs.org/onetime set size:undefined disposed:false
2506 silly placeDep ROOT convert-to-spaces@2.0.1 OK for: code-excerpt@4.0.0 want: ^2.0.1
2507 silly placeDep ROOT get-east-asian-width@1.6.0 OK for: is-fullwidth-code-point@5.1.0 want: ^1.3.1
2508 silly placeDep ROOT lie@3.3.0 OK for: jszip@3.10.1 want: ~3.3.0
2509 silly placeDep ROOT pako@1.0.11 OK for: jszip@3.10.1 want: ~1.0.2
2510 silly placeDep ROOT readable-stream@2.3.8 OK for: jszip@3.10.1 want: ~2.3.6
2511 silly placeDep ROOT setimmediate@1.0.5 OK for: jszip@3.10.1 want: ^1.0.5
2512 silly fetch manifest immediate@~3.0.5
2513 silly packumentCache full:https://registry.npmjs.org/immediate cache-miss
2514 silly fetch manifest isarray@~1.0.0
2515 silly packumentCache full:https://registry.npmjs.org/isarray cache-miss
2516 silly fetch manifest inherits@~2.0.3
2517 silly packumentCache full:https://registry.npmjs.org/inherits cache-miss
2518 http fetch GET 200 https://registry.npmjs.org/isarray 266ms (cache miss)
2519 silly packumentCache full:https://registry.npmjs.org/isarray set size:undefined disposed:false
2520 silly fetch manifest safe-buffer@~5.1.1
2521 silly packumentCache full:https://registry.npmjs.org/safe-buffer cache-miss
2522 http fetch GET 200 https://registry.npmjs.org/immediate 303ms (cache miss)
2523 silly packumentCache full:https://registry.npmjs.org/immediate set size:undefined disposed:false
2524 silly fetch manifest core-util-is@~1.0.0
2525 silly packumentCache full:https://registry.npmjs.org/core-util-is cache-miss
2526 http fetch GET 200 https://registry.npmjs.org/inherits 331ms (cache miss)
2527 silly packumentCache full:https://registry.npmjs.org/inherits set size:undefined disposed:false
2528 silly fetch manifest string_decoder@~1.1.1
2529 silly packumentCache full:https://registry.npmjs.org/string_decoder cache-miss
2530 http fetch GET 200 https://registry.npmjs.org/safe-buffer 221ms (cache miss)
2531 silly packumentCache full:https://registry.npmjs.org/safe-buffer set size:undefined disposed:false
2532 silly fetch manifest util-deprecate@~1.0.1
2533 silly packumentCache full:https://registry.npmjs.org/util-deprecate cache-miss
2534 http fetch GET 200 https://registry.npmjs.org/core-util-is 231ms (cache miss)
2535 silly packumentCache full:https://registry.npmjs.org/core-util-is set size:undefined disposed:false
2536 silly fetch manifest process-nextick-args@~2.0.0
2537 silly packumentCache full:https://registry.npmjs.org/process-nextick-args cache-miss
2538 http fetch GET 200 https://registry.npmjs.org/string_decoder 232ms (cache miss)
2539 silly packumentCache full:https://registry.npmjs.org/string_decoder set size:undefined disposed:false
2540 http fetch GET 200 https://registry.npmjs.org/util-deprecate 285ms (cache miss)
2541 silly packumentCache full:https://registry.npmjs.org/util-deprecate set size:undefined disposed:false
2542 http fetch GET 200 https://registry.npmjs.org/process-nextick-args 237ms (cache miss)
2543 silly packumentCache full:https://registry.npmjs.org/process-nextick-args set size:undefined disposed:false
2544 silly placeDep ROOT libsodium@0.8.4 OK for: libsodium-wrappers@0.8.4 want: ^0.8.0
2545 silly placeDep ROOT @libsql/darwin-arm64@0.5.29 OK for: libsql@0.5.29 want: 0.5.29
2546 silly placeDep ROOT @libsql/darwin-x64@0.5.29 OK for: libsql@0.5.29 want: 0.5.29
2547 silly placeDep ROOT @libsql/linux-arm-gnueabihf@0.5.29 OK for: libsql@0.5.29 want: 0.5.29
2548 silly placeDep ROOT @libsql/linux-arm-musleabihf@0.5.29 OK for: libsql@0.5.29 want: 0.5.29
2549 silly placeDep ROOT @libsql/linux-arm64-gnu@0.5.29 OK for: libsql@0.5.29 want: 0.5.29
2550 silly placeDep ROOT @libsql/linux-arm64-musl@0.5.29 OK for: libsql@0.5.29 want: 0.5.29
2551 silly placeDep ROOT @libsql/linux-x64-gnu@0.5.29 OK for: libsql@0.5.29 want: 0.5.29
2552 silly placeDep ROOT @libsql/linux-x64-musl@0.5.29 OK for: libsql@0.5.29 want: 0.5.29
2553 silly placeDep ROOT @libsql/win32-x64-msvc@0.5.29 OK for: libsql@0.5.29 want: 0.5.29
2554 silly placeDep ROOT @neon-rs/load@0.0.4 OK for: libsql@0.5.29 want: ^0.0.4
2555 silly placeDep node_modules/libsql detect-libc@2.0.2 OK for: libsql@0.5.29 want: 2.0.2
2556 silly placeDep ROOT immediate@3.0.6 OK for: lie@3.3.0 want: ~3.0.5
2557 silly placeDep ROOT msgpackr-extract@3.0.4 OK for: msgpackr@2.0.6 want: ^3.0.4
2558 silly fetch manifest node-gyp-build-optional-packages@5.2.2
2559 silly packumentCache full:https://registry.npmjs.org/node-gyp-build-optional-packages cache-miss
2560 silly fetch manifest @msgpackr-extract/msgpackr-extract-darwin-arm64@3.0.4
2561 silly packumentCache full:https://registry.npmjs.org/@msgpackr-extract%2fmsgpackr-extract-darwin-arm64 cache-miss
2562 silly fetch manifest @msgpackr-extract/msgpackr-extract-darwin-x64@3.0.4
2563 silly packumentCache full:https://registry.npmjs.org/@msgpackr-extract%2fmsgpackr-extract-darwin-x64 cache-miss
2564 http fetch GET 200 https://registry.npmjs.org/@msgpackr-extract%2fmsgpackr-extract-darwin-x64 361ms (cache miss)
2565 silly packumentCache full:https://registry.npmjs.org/@msgpackr-extract%2fmsgpackr-extract-darwin-x64 set size:undefined disposed:false
2566 silly fetch manifest @msgpackr-extract/msgpackr-extract-linux-arm@3.0.4
2567 silly packumentCache full:https://registry.npmjs.org/@msgpackr-extract%2fmsgpackr-extract-linux-arm cache-miss
2568 http fetch GET 200 https://registry.npmjs.org/node-gyp-build-optional-packages 374ms (cache miss)
2569 silly packumentCache full:https://registry.npmjs.org/node-gyp-build-optional-packages set size:undefined disposed:false
2570 silly fetch manifest @msgpackr-extract/msgpackr-extract-linux-arm64@3.0.4
2571 silly packumentCache full:https://registry.npmjs.org/@msgpackr-extract%2fmsgpackr-extract-linux-arm64 cache-miss
2572 http fetch GET 200 https://registry.npmjs.org/@msgpackr-extract%2fmsgpackr-extract-darwin-arm64 383ms (cache miss)
2573 silly packumentCache full:https://registry.npmjs.org/@msgpackr-extract%2fmsgpackr-extract-darwin-arm64 set size:undefined disposed:false
2574 silly fetch manifest @msgpackr-extract/msgpackr-extract-linux-x64@3.0.4
2575 silly packumentCache full:https://registry.npmjs.org/@msgpackr-extract%2fmsgpackr-extract-linux-x64 cache-miss
2576 http fetch GET 200 https://registry.npmjs.org/@msgpackr-extract%2fmsgpackr-extract-linux-arm 296ms (cache miss)
2577 silly packumentCache full:https://registry.npmjs.org/@msgpackr-extract%2fmsgpackr-extract-linux-arm set size:undefined disposed:false
2578 silly fetch manifest @msgpackr-extract/msgpackr-extract-win32-x64@3.0.4
2579 silly packumentCache full:https://registry.npmjs.org/@msgpackr-extract%2fmsgpackr-extract-win32-x64 cache-miss
2580 http fetch GET 200 https://registry.npmjs.org/@msgpackr-extract%2fmsgpackr-extract-linux-x64 283ms (cache miss)
2581 silly packumentCache full:https://registry.npmjs.org/@msgpackr-extract%2fmsgpackr-extract-linux-x64 set size:undefined disposed:false
2582 http fetch GET 200 https://registry.npmjs.org/@msgpackr-extract%2fmsgpackr-extract-linux-arm64 320ms (cache miss)
2583 silly packumentCache full:https://registry.npmjs.org/@msgpackr-extract%2fmsgpackr-extract-linux-arm64 set size:undefined disposed:false
2584 http fetch GET 200 https://registry.npmjs.org/@msgpackr-extract%2fmsgpackr-extract-win32-x64 244ms (cache miss)
2585 silly packumentCache full:https://registry.npmjs.org/@msgpackr-extract%2fmsgpackr-extract-win32-x64 set size:undefined disposed:false
2586 silly placeDep ROOT @msgpackr-extract/msgpackr-extract-darwin-arm64@3.0.4 OK for: msgpackr-extract@3.0.4 want: 3.0.4
2587 silly placeDep ROOT @msgpackr-extract/msgpackr-extract-darwin-x64@3.0.4 OK for: msgpackr-extract@3.0.4 want: 3.0.4
2588 silly placeDep ROOT @msgpackr-extract/msgpackr-extract-linux-arm@3.0.4 OK for: msgpackr-extract@3.0.4 want: 3.0.4
2589 silly placeDep ROOT @msgpackr-extract/msgpackr-extract-linux-arm64@3.0.4 OK for: msgpackr-extract@3.0.4 want: 3.0.4
2590 silly placeDep ROOT @msgpackr-extract/msgpackr-extract-linux-x64@3.0.4 OK for: msgpackr-extract@3.0.4 want: 3.0.4
2591 silly placeDep ROOT @msgpackr-extract/msgpackr-extract-win32-x64@3.0.4 OK for: msgpackr-extract@3.0.4 want: 3.0.4
2592 silly placeDep ROOT node-gyp-build-optional-packages@5.2.2 OK for: msgpackr-extract@3.0.4 want: 5.2.2
2593 silly placeDep ROOT whatwg-url@5.0.0 OK for: node-fetch@2.7.0 want: ^5.0.0
2594 silly fetch manifest tr46@~0.0.3
2595 silly packumentCache full:https://registry.npmjs.org/tr46 cache-miss
2596 silly fetch manifest webidl-conversions@^3.0.0
2597 silly packumentCache full:https://registry.npmjs.org/webidl-conversions cache-miss
2598 http fetch GET 200 https://registry.npmjs.org/tr46 238ms (cache miss)
2599 silly packumentCache full:https://registry.npmjs.org/tr46 set size:undefined disposed:false
2600 http fetch GET 200 https://registry.npmjs.org/webidl-conversions 249ms (cache miss)
2601 silly packumentCache full:https://registry.npmjs.org/webidl-conversions set size:undefined disposed:false
2602 silly placeDep ROOT abbrev@3.0.1 OK for: nopt@8.1.0 want: ^3.0.0
2603 silly placeDep node_modules/npm-run-path path-key@4.0.0 OK for: npm-run-path@6.0.0 want: ^4.0.0
2604 silly placeDep ROOT unicorn-magic@0.3.0 OK for: npm-run-path@6.0.0 want: ^0.3.0
2605 silly placeDep ROOT default-browser@5.5.1 OK for: open@11.0.1 want: ^5.4.0
2606 silly placeDep ROOT define-lazy-prop@3.0.0 OK for: open@11.0.1 want: ^3.0.0
2607 silly placeDep ROOT is-in-ssh@1.0.0 OK for: open@11.0.1 want: ^1.0.0
2608 silly placeDep ROOT is-inside-container@1.0.0 OK for: open@11.0.1 want: ^1.0.0
2609 silly placeDep ROOT powershell-utils@0.2.0 OK for: open@11.0.1 want: ^0.2.0
2610 silly placeDep ROOT wsl-utils@1.0.0 OK for: open@11.0.1 want: ^1.0.0
2611 silly fetch manifest bundle-name@^4.1.0
2612 silly packumentCache full:https://registry.npmjs.org/bundle-name cache-miss
2613 silly fetch manifest default-browser-id@^5.0.0
2614 silly packumentCache full:https://registry.npmjs.org/default-browser-id cache-miss
2615 silly fetch manifest is-docker@^3.0.0
2616 silly packumentCache full:https://registry.npmjs.org/is-docker cache-miss
2617 http fetch GET 200 https://registry.npmjs.org/is-docker 309ms (cache miss)
2618 silly packumentCache full:https://registry.npmjs.org/is-docker set size:undefined disposed:false
2619 silly fetch manifest is-wsl@^3.1.0
2620 silly packumentCache full:https://registry.npmjs.org/is-wsl cache-miss
2621 http fetch GET 200 https://registry.npmjs.org/default-browser-id 317ms (cache miss)
2622 silly packumentCache full:https://registry.npmjs.org/default-browser-id set size:undefined disposed:false
2623 silly fetch manifest powershell-utils@^0.1.0
2624 silly packumentCache full:https://registry.npmjs.org/powershell-utils cache-miss
2625 http fetch GET 200 https://registry.npmjs.org/bundle-name 333ms (cache miss)
2626 silly packumentCache full:https://registry.npmjs.org/bundle-name set size:undefined disposed:false
2627 http cache https://registry.npmjs.org/powershell-utils 18ms (cache hit)
2628 silly packumentCache full:https://registry.npmjs.org/powershell-utils set size:9284 disposed:false
2629 http fetch GET 200 https://registry.npmjs.org/is-wsl 242ms (cache miss)
2630 silly packumentCache full:https://registry.npmjs.org/is-wsl set size:undefined disposed:false
2631 silly placeDep ROOT bundle-name@4.1.0 OK for: default-browser@5.5.1 want: ^4.1.0
2632 silly placeDep ROOT default-browser-id@5.0.1 OK for: default-browser@5.5.1 want: ^5.0.0
2633 silly fetch manifest run-applescript@^7.0.0
2634 silly packumentCache full:https://registry.npmjs.org/run-applescript cache-miss
2635 http fetch GET 200 https://registry.npmjs.org/run-applescript 221ms (cache miss)
2636 silly packumentCache full:https://registry.npmjs.org/run-applescript set size:undefined disposed:false
2637 silly placeDep ROOT run-applescript@7.1.0 OK for: bundle-name@4.1.0 want: ^7.0.0
2638 silly placeDep ROOT is-docker@3.0.0 OK for: is-inside-container@1.0.0 want: ^3.0.0
2639 silly placeDep ROOT openapi-typescript-helpers@0.0.15 OK for: openapi-fetch@0.14.0 want: ^0.0.15
2640 silly placeDep node_modules/path-scurry lru-cache@11.5.2 OK for: path-scurry@2.0.2 want: ^11.0.0
2641 silly placeDep ROOT parse-ms@4.0.0 OK for: pretty-ms@9.3.0 want: ^4.0.0
2642 silly placeDep ROOT retry@0.12.0 OK for: proper-lockfile@4.1.2 want: ^0.12.0
2643 silly placeDep node_modules/proper-lockfile signal-exit@3.0.7 OK for: proper-lockfile@4.1.2 want: ^3.0.2
2644 silly placeDep ROOT destr@2.0.5 OK for: rc9@3.0.1 want: ^2.0.5
2645 silly placeDep ROOT core-util-is@1.0.3 OK for: readable-stream@2.3.8 want: ~1.0.0
2646 silly placeDep ROOT inherits@2.0.4 OK for: readable-stream@2.3.8 want: ~2.0.3
2647 silly placeDep node_modules/readable-stream isarray@1.0.0 OK for: readable-stream@2.3.8 want: ~1.0.0
2648 silly placeDep ROOT process-nextick-args@2.0.1 OK for: readable-stream@2.3.8 want: ~2.0.0
2649 silly placeDep ROOT safe-buffer@5.1.2 OK for: readable-stream@2.3.8 want: ~5.1.1
2650 silly placeDep ROOT string_decoder@1.1.1 OK for: readable-stream@2.3.8 want: ~1.1.1
2651 silly placeDep ROOT util-deprecate@1.0.2 OK for: readable-stream@2.3.8 want: ~1.0.1
2652 silly placeDep ROOT onetime@5.1.2 OK for: restore-cursor@4.0.0 want: ^5.1.0
2653 silly placeDep node_modules/restore-cursor signal-exit@3.0.7 OK for: restore-cursor@4.0.0 want: ^3.0.2
2654 silly fetch manifest mimic-fn@^2.1.0
2655 silly packumentCache full:https://registry.npmjs.org/mimic-fn cache-miss
2656 http fetch GET 200 https://registry.npmjs.org/mimic-fn 284ms (cache miss)
2657 silly packumentCache full:https://registry.npmjs.org/mimic-fn set size:undefined disposed:false
2658 silly placeDep ROOT mimic-fn@2.1.0 OK for: onetime@5.1.2 want: ^2.1.0
2659 silly placeDep ROOT @oxc-project/types@0.139.0 OK for: rolldown@1.1.5 want: =0.139.0
2660 silly placeDep ROOT @rolldown/binding-android-arm64@1.1.5 OK for: rolldown@1.1.5 want: 1.1.5
2661 silly placeDep ROOT @rolldown/binding-darwin-arm64@1.1.5 OK for: rolldown@1.1.5 want: 1.1.5
2662 silly placeDep ROOT @rolldown/binding-darwin-x64@1.1.5 OK for: rolldown@1.1.5 want: 1.1.5
2663 silly placeDep ROOT @rolldown/binding-freebsd-x64@1.1.5 OK for: rolldown@1.1.5 want: 1.1.5
2664 silly placeDep ROOT @rolldown/binding-linux-arm-gnueabihf@1.1.5 OK for: rolldown@1.1.5 want: 1.1.5
2665 silly placeDep ROOT @rolldown/binding-linux-arm64-gnu@1.1.5 OK for: rolldown@1.1.5 want: 1.1.5
2666 silly placeDep ROOT @rolldown/binding-linux-arm64-musl@1.1.5 OK for: rolldown@1.1.5 want: 1.1.5
2667 silly placeDep ROOT @rolldown/binding-linux-ppc64-gnu@1.1.5 OK for: rolldown@1.1.5 want: 1.1.5
2668 silly placeDep ROOT @rolldown/binding-linux-s390x-gnu@1.1.5 OK for: rolldown@1.1.5 want: 1.1.5
2669 silly placeDep ROOT @rolldown/binding-linux-x64-gnu@1.1.5 OK for: rolldown@1.1.5 want: 1.1.5
2670 silly placeDep ROOT @rolldown/binding-linux-x64-musl@1.1.5 OK for: rolldown@1.1.5 want: 1.1.5
2671 silly placeDep ROOT @rolldown/binding-openharmony-arm64@1.1.5 OK for: rolldown@1.1.5 want: 1.1.5
2672 silly placeDep ROOT @rolldown/binding-wasm32-wasi@1.1.5 OK for: rolldown@1.1.5 want: 1.1.5
2673 silly placeDep ROOT @rolldown/binding-win32-arm64-msvc@1.1.5 OK for: rolldown@1.1.5 want: 1.1.5
2674 silly placeDep ROOT @rolldown/binding-win32-x64-msvc@1.1.5 OK for: rolldown@1.1.5 want: 1.1.5
2675 silly placeDep ROOT @rolldown/pluginutils@1.0.1 OK for: rolldown@1.1.5 want: ^1.0.0
2676 silly fetch manifest @emnapi/core@1.11.1
2677 silly packumentCache full:https://registry.npmjs.org/@emnapi%2fcore cache-miss
2678 silly fetch manifest @emnapi/runtime@1.11.1
2679 silly packumentCache full:https://registry.npmjs.org/@emnapi%2fruntime cache-miss
2680 http fetch GET 200 https://registry.npmjs.org/@emnapi%2fcore 256ms (cache miss)
2681 silly packumentCache full:https://registry.npmjs.org/@emnapi%2fcore set size:undefined disposed:false
2682 http fetch GET 200 https://registry.npmjs.org/@emnapi%2fruntime 273ms (cache miss)
2683 silly packumentCache full:https://registry.npmjs.org/@emnapi%2fruntime set size:undefined disposed:false
2684 silly placeDep node_modules/@rolldown/binding-wasm32-wasi @emnapi/core@1.11.1 OK for: @rolldown/binding-wasm32-wasi@1.1.5 want: 1.11.1
2685 silly placeDep node_modules/@rolldown/binding-wasm32-wasi @emnapi/runtime@1.11.1 OK for: @rolldown/binding-wasm32-wasi@1.1.5 want: 1.11.1
2686 silly fetch manifest @emnapi/wasi-threads@1.2.2
2687 silly packumentCache full:https://registry.npmjs.org/@emnapi%2fwasi-threads cache-miss
2688 http fetch GET 200 https://registry.npmjs.org/@emnapi%2fwasi-threads 348ms (cache miss)
2689 silly packumentCache full:https://registry.npmjs.org/@emnapi%2fwasi-threads set size:undefined disposed:false
2690 silly placeDep node_modules/slice-ansi ansi-styles@6.2.3 OK for: slice-ansi@8.0.0 want: ^6.2.3
2691 silly placeDep node_modules/stack-utils escape-string-regexp@2.0.0 OK for: stack-utils@2.0.6 want: ^2.0.0
2692 silly placeDep ROOT ansi-regex@6.3.0 OK for: strip-ansi@7.2.0 want: ^6.2.2
2693 silly placeDep ROOT anynum@1.0.1 OK for: strnum@2.4.2 want: ^1.0.1
2694 silly placeDep ROOT @isaacs/fs-minipass@4.0.1 OK for: tar@7.5.22 want: ^4.0.0
2695 silly placeDep ROOT chownr@3.0.0 OK for: tar@7.5.22 want: ^3.0.0
2696 silly placeDep ROOT minizlib@3.1.0 OK for: tar@7.5.22 want: ^3.1.0
2697 silly placeDep node_modules/tar yallist@5.0.0 OK for: tar@7.5.22 want: ^5.0.0
2698 silly fetch manifest react-native-b4a@*
2699 silly packumentCache full:https://registry.npmjs.org/react-native-b4a cache-miss
2700 http fetch GET 200 https://registry.npmjs.org/react-native-b4a 217ms (cache miss)
2701 silly packumentCache full:https://registry.npmjs.org/react-native-b4a set size:undefined disposed:false
2702 silly fetch manifest react@*
2703 silly packumentCache full:https://registry.npmjs.org/react cache-miss
2704 http cache https://registry.npmjs.org/react 46ms (cache hit)
2705 silly packumentCache full:https://registry.npmjs.org/react set size:6917274 disposed:false
2706 silly fetch manifest bare-buffer@*
2707 silly packumentCache full:https://registry.npmjs.org/bare-buffer cache-miss
2708 http fetch GET 200 https://registry.npmjs.org/bare-buffer 250ms (cache miss)
2709 silly packumentCache full:https://registry.npmjs.org/bare-buffer set size:undefined disposed:false
2710 silly placeDep ROOT b4a@1.8.1 OK for: tar-stream@3.2.1 want: ^1.6.4
2711 silly placeDep ROOT bare-fs@4.8.1 OK for: tar-stream@3.2.1 want: ^4.5.5
2712 silly placeDep ROOT fast-fifo@1.3.2 OK for: tar-stream@3.2.1 want: ^1.2.0
2713 silly placeDep ROOT streamx@2.28.1 OK for: tar-stream@3.2.1 want: ^2.15.0
2714 silly fetch manifest bare-url@^2.2.2
2715 silly packumentCache full:https://registry.npmjs.org/bare-url cache-miss
2716 silly fetch manifest bare-path@^3.0.0
2717 silly packumentCache full:https://registry.npmjs.org/bare-path cache-miss
2718 silly fetch manifest fast-fifo@^1.3.2
2719 silly packumentCache full:https://registry.npmjs.org/fast-fifo cache-miss
2720 http cache https://registry.npmjs.org/fast-fifo 20ms (cache hit)
2721 silly packumentCache full:https://registry.npmjs.org/fast-fifo set size:13855 disposed:false
2722 silly fetch manifest bare-events@^2.5.4
2723 silly packumentCache full:https://registry.npmjs.org/bare-events cache-miss
2724 http fetch GET 200 https://registry.npmjs.org/bare-path 272ms (cache miss)
2725 silly packumentCache full:https://registry.npmjs.org/bare-path set size:undefined disposed:false
2726 silly fetch manifest bare-stream@^2.6.4
2727 silly packumentCache full:https://registry.npmjs.org/bare-stream cache-miss
2728 http fetch GET 200 https://registry.npmjs.org/bare-events 284ms (cache miss)
2729 silly packumentCache full:https://registry.npmjs.org/bare-events set size:undefined disposed:false
2730 silly fetch manifest text-decoder@^1.1.0
2731 silly packumentCache full:https://registry.npmjs.org/text-decoder cache-miss
2732 http fetch GET 200 https://registry.npmjs.org/bare-url 334ms (cache miss)
2733 silly packumentCache full:https://registry.npmjs.org/bare-url set size:undefined disposed:false
2734 silly fetch manifest events-universal@^1.0.0
2735 silly packumentCache full:https://registry.npmjs.org/events-universal cache-miss
2736 http fetch GET 200 https://registry.npmjs.org/text-decoder 276ms (cache miss)
2737 silly packumentCache full:https://registry.npmjs.org/text-decoder set size:undefined disposed:false
2738 http fetch GET 200 https://registry.npmjs.org/bare-stream 329ms (cache miss)
2739 silly packumentCache full:https://registry.npmjs.org/bare-stream set size:undefined disposed:false
2740 http fetch GET 200 https://registry.npmjs.org/events-universal 301ms (cache miss)
2741 silly packumentCache full:https://registry.npmjs.org/events-universal set size:undefined disposed:false
2742 silly fetch manifest bare-abort-controller@*
2743 silly packumentCache full:https://registry.npmjs.org/bare-abort-controller cache-miss
2744 http fetch GET 200 https://registry.npmjs.org/bare-abort-controller 232ms (cache miss)
2745 silly packumentCache full:https://registry.npmjs.org/bare-abort-controller set size:undefined disposed:false
2746 silly placeDep ROOT bare-events@2.9.2 OK for: bare-fs@4.8.1 want: ^2.5.4
2747 silly placeDep ROOT bare-path@3.1.1 OK for: bare-fs@4.8.1 want: ^3.0.0
2748 silly placeDep ROOT bare-stream@2.13.4 OK for: bare-fs@4.8.1 want: ^2.6.4
2749 silly placeDep ROOT bare-url@2.5.2 OK for: bare-fs@4.8.1 want: ^2.2.2
2750 silly fetch manifest teex@^1.0.1
2751 silly packumentCache full:https://registry.npmjs.org/teex cache-miss
2752 http fetch GET 200 https://registry.npmjs.org/teex 339ms (cache miss)
2753 silly packumentCache full:https://registry.npmjs.org/teex set size:undefined disposed:false
2754 silly placeDep ROOT teex@1.0.1 OK for: bare-stream@2.13.4 want: ^1.0.1
2755 silly placeDep ROOT events-universal@1.0.1 OK for: streamx@2.28.1 want: ^1.0.0
2756 silly placeDep ROOT text-decoder@1.2.7 OK for: streamx@2.28.1 want: ^1.1.0
2757 silly placeDep ROOT tagged-tag@1.0.0 OK for: type-fest@5.8.0 want: ^1.0.0
2758 silly placeDep ROOT @noble/hashes@2.3.0 OK for: uniku@0.5.0 want: ^2.2.0
2759 silly fetch manifest msw@^2.4.9
2760 silly packumentCache full:https://registry.npmjs.org/msw cache-miss
2761 http fetch GET 200 https://registry.npmjs.org/msw 414ms (cache miss)
2762 silly packumentCache full:https://registry.npmjs.org/msw set size:undefined disposed:false
2763 silly fetch manifest typescript@>= 4.8.x
2764 silly packumentCache full:https://registry.npmjs.org/typescript cache-miss
2765 http cache https://registry.npmjs.org/typescript 907ms (cache hit)
2766 silly packumentCache full:https://registry.npmjs.org/typescript set size:15597675 disposed:false
2767 silly placeDep ROOT @vitest/expect@4.1.11 OK for: vitest@4.1.11 want: 4.1.11
2768 silly placeDep ROOT @vitest/mocker@4.1.11 OK for: vitest@4.1.11 want: 4.1.11
2769 silly placeDep ROOT @vitest/pretty-format@4.1.11 OK for: vitest@4.1.11 want: 4.1.11
2770 silly placeDep ROOT @vitest/runner@4.1.11 OK for: vitest@4.1.11 want: 4.1.11
2771 silly placeDep ROOT @vitest/snapshot@4.1.11 OK for: vitest@4.1.11 want: 4.1.11
2772 silly placeDep ROOT @vitest/spy@4.1.11 OK for: vitest@4.1.11 want: 4.1.11
2773 silly placeDep ROOT @vitest/utils@4.1.11 OK for: vitest@4.1.11 want: 4.1.11
2774 silly placeDep ROOT es-module-lexer@2.3.2 OK for: vitest@4.1.11 want: ^2.0.0
2775 silly placeDep ROOT expect-type@1.4.0 OK for: vitest@4.1.11 want: ^1.3.0
2776 silly placeDep ROOT obug@2.1.4 OK for: vitest@4.1.11 want: ^2.1.1
2777 silly placeDep node_modules/vitest picomatch@4.0.7 OK for: vitest@4.1.11 want: ^4.0.3
2778 silly placeDep node_modules/vitest std-env@4.2.0 OK for: vitest@4.1.11 want: ^4.0.0-rc.1
2779 silly placeDep ROOT tinybench@2.9.0 OK for: vitest@4.1.11 want: ^2.9.0
2780 silly placeDep ROOT tinyexec@1.3.0 OK for: vitest@4.1.11 want: ^1.0.2
2781 silly placeDep ROOT tinyrainbow@3.1.1 OK for: vitest@4.1.11 want: ^3.1.0
2782 silly placeDep ROOT vite@8.2.2 OK for: vitest@4.1.11 want: ^6.0.0 || ^7.0.0 || ^8.0.0
2783 silly placeDep ROOT why-is-node-running@2.3.0 OK for: vitest@4.1.11 want: ^2.3.0
2784 silly fetch manifest chai@^6.2.2
2785 silly packumentCache full:https://registry.npmjs.org/chai cache-miss
2786 silly fetch manifest @types/chai@^5.2.2
2787 silly packumentCache full:https://registry.npmjs.org/@types%2fchai cache-miss
2788 silly fetch manifest estree-walker@^3.0.3
2789 silly packumentCache full:https://registry.npmjs.org/estree-walker cache-hit
2790 silly fetch manifest rolldown@~1.2.4
2791 silly packumentCache full:https://registry.npmjs.org/rolldown cache-miss
2792 http cache https://registry.npmjs.org/rolldown 127ms (cache hit)
2793 silly packumentCache full:https://registry.npmjs.org/rolldown set size:3801673 disposed:false
2794 silly fetch manifest picomatch@^4.0.5
2795 silly packumentCache full:https://registry.npmjs.org/picomatch cache-hit
2796 silly fetch manifest lightningcss@^1.33.0
2797 silly packumentCache full:https://registry.npmjs.org/lightningcss cache-miss
2798 http fetch GET 200 https://registry.npmjs.org/@types%2fchai 407ms (cache miss)
2799 silly packumentCache full:https://registry.npmjs.org/@types%2fchai set size:undefined disposed:false
2800 silly fetch manifest fsevents@~2.3.3
2801 silly packumentCache full:https://registry.npmjs.org/fsevents cache-miss
2802 http fetch GET 200 https://registry.npmjs.org/chai 449ms (cache miss)
2803 silly packumentCache full:https://registry.npmjs.org/chai set size:undefined disposed:false
2804 silly fetch manifest siginfo@^2.0.0
2805 silly packumentCache full:https://registry.npmjs.org/siginfo cache-miss
2806 http fetch GET 200 https://registry.npmjs.org/lightningcss 302ms (cache miss)
2807 silly packumentCache full:https://registry.npmjs.org/lightningcss set size:undefined disposed:false
2808 silly fetch manifest stackback@0.0.2
2809 silly packumentCache full:https://registry.npmjs.org/stackback cache-miss
2810 http fetch GET 200 https://registry.npmjs.org/siginfo 225ms (cache miss)
2811 silly packumentCache full:https://registry.npmjs.org/siginfo set size:undefined disposed:false
2812 http fetch GET 200 https://registry.npmjs.org/fsevents 267ms (cache miss)
2813 silly packumentCache full:https://registry.npmjs.org/fsevents set size:undefined disposed:false
2814 http fetch GET 200 https://registry.npmjs.org/stackback 274ms (cache miss)
2815 silly packumentCache full:https://registry.npmjs.org/stackback set size:undefined disposed:false
2816 silly placeDep ROOT @types/chai@5.2.3 OK for: @vitest/expect@4.1.11 want: ^5.2.2
2817 silly placeDep ROOT chai@6.2.2 OK for: @vitest/expect@4.1.11 want: ^6.2.2
2818 silly fetch manifest @types/deep-eql@*
2819 silly packumentCache full:https://registry.npmjs.org/@types%2fdeep-eql cache-miss
2820 silly fetch manifest assertion-error@^2.0.1
2821 silly packumentCache full:https://registry.npmjs.org/assertion-error cache-miss
2822 http fetch GET 200 https://registry.npmjs.org/assertion-error 226ms (cache miss)
2823 silly packumentCache full:https://registry.npmjs.org/assertion-error set size:undefined disposed:false
2824 http fetch GET 200 https://registry.npmjs.org/@types%2fdeep-eql 250ms (cache miss)
2825 silly packumentCache full:https://registry.npmjs.org/@types%2fdeep-eql set size:undefined disposed:false
2826 silly placeDep ROOT @types/deep-eql@4.0.2 OK for: @types/chai@5.2.3 want: *
2827 silly placeDep ROOT assertion-error@2.0.1 OK for: @types/chai@5.2.3 want: ^2.0.1
2828 silly placeDep node_modules/@vitest/mocker estree-walker@3.0.3 OK for: @vitest/mocker@4.1.11 want: ^3.0.3
2829 silly placeDep ROOT fsevents@2.3.3 OK for: vite@8.2.2 want: ~2.3.3
2830 silly placeDep node_modules/vite lightningcss@1.33.0 OK for: vite@8.2.2 want: ^1.33.0
2831 silly placeDep node_modules/vite picomatch@4.0.7 OK for: vite@8.2.2 want: ^4.0.5
2832 silly placeDep node_modules/vite rolldown@1.2.6 OK for: vite@8.2.2 want: ~1.2.4
2833 silly fetch manifest lightningcss-darwin-x64@1.33.0
2834 silly packumentCache full:https://registry.npmjs.org/lightningcss-darwin-x64 cache-miss
2835 silly fetch manifest lightningcss-linux-x64-gnu@1.33.0
2836 silly packumentCache full:https://registry.npmjs.org/lightningcss-linux-x64-gnu cache-miss
2837 silly fetch manifest lightningcss-win32-x64-msvc@1.33.0
2838 silly packumentCache full:https://registry.npmjs.org/lightningcss-win32-x64-msvc cache-miss
2839 http fetch GET 200 https://registry.npmjs.org/lightningcss-win32-x64-msvc 259ms (cache miss)
2840 silly packumentCache full:https://registry.npmjs.org/lightningcss-win32-x64-msvc set size:undefined disposed:false
2841 silly fetch manifest lightningcss-win32-arm64-msvc@1.33.0
2842 silly packumentCache full:https://registry.npmjs.org/lightningcss-win32-arm64-msvc cache-miss
2843 http fetch GET 200 https://registry.npmjs.org/lightningcss-linux-x64-gnu 275ms (cache miss)
2844 silly packumentCache full:https://registry.npmjs.org/lightningcss-linux-x64-gnu set size:undefined disposed:false
2845 silly fetch manifest lightningcss-darwin-arm64@1.33.0
2846 silly packumentCache full:https://registry.npmjs.org/lightningcss-darwin-arm64 cache-miss
2847 http fetch GET 200 https://registry.npmjs.org/lightningcss-darwin-x64 317ms (cache miss)
2848 silly packumentCache full:https://registry.npmjs.org/lightningcss-darwin-x64 set size:undefined disposed:false
2849 silly fetch manifest lightningcss-linux-arm64-gnu@1.33.0
2850 silly packumentCache full:https://registry.npmjs.org/lightningcss-linux-arm64-gnu cache-miss
2851 http fetch GET 200 https://registry.npmjs.org/lightningcss-win32-arm64-msvc 275ms (cache miss)
2852 silly packumentCache full:https://registry.npmjs.org/lightningcss-win32-arm64-msvc set size:undefined disposed:false
2853 silly fetch manifest lightningcss-linux-arm-gnueabihf@1.33.0
2854 silly packumentCache full:https://registry.npmjs.org/lightningcss-linux-arm-gnueabihf cache-miss
2855 http fetch GET 200 https://registry.npmjs.org/lightningcss-darwin-arm64 277ms (cache miss)
2856 silly packumentCache full:https://registry.npmjs.org/lightningcss-darwin-arm64 set size:undefined disposed:false
2857 silly fetch manifest lightningcss-linux-arm64-musl@1.33.0
2858 silly packumentCache full:https://registry.npmjs.org/lightningcss-linux-arm64-musl cache-miss
2859 http fetch GET 200 https://registry.npmjs.org/lightningcss-linux-arm64-gnu 255ms (cache miss)
2860 silly packumentCache full:https://registry.npmjs.org/lightningcss-linux-arm64-gnu set size:undefined disposed:false
2861 silly fetch manifest lightningcss-linux-x64-musl@1.33.0
2862 silly packumentCache full:https://registry.npmjs.org/lightningcss-linux-x64-musl cache-miss
2863 http fetch GET 200 https://registry.npmjs.org/lightningcss-linux-arm-gnueabihf 312ms (cache miss)
2864 silly packumentCache full:https://registry.npmjs.org/lightningcss-linux-arm-gnueabihf set size:undefined disposed:false
2865 silly fetch manifest lightningcss-freebsd-x64@1.33.0
2866 silly packumentCache full:https://registry.npmjs.org/lightningcss-freebsd-x64 cache-miss
2867 http fetch GET 200 https://registry.npmjs.org/lightningcss-linux-arm64-musl 302ms (cache miss)
2868 silly packumentCache full:https://registry.npmjs.org/lightningcss-linux-arm64-musl set size:undefined disposed:false
2869 silly fetch manifest lightningcss-android-arm64@1.33.0
2870 silly packumentCache full:https://registry.npmjs.org/lightningcss-android-arm64 cache-miss
2871 http fetch GET 200 https://registry.npmjs.org/lightningcss-linux-x64-musl 319ms (cache miss)
2872 silly packumentCache full:https://registry.npmjs.org/lightningcss-linux-x64-musl set size:undefined disposed:false
2873 silly fetch manifest @oxc-project/types@=0.147.0
2874 silly packumentCache full:https://registry.npmjs.org/@oxc-project%2ftypes cache-miss
2875 http cache https://registry.npmjs.org/@oxc-project%2ftypes 35ms (cache hit)
2876 silly packumentCache full:https://registry.npmjs.org/@oxc-project%2ftypes set size:251561 disposed:false
2877 silly fetch manifest @rolldown/binding-darwin-x64@1.2.6
2878 silly packumentCache full:https://registry.npmjs.org/@rolldown%2fbinding-darwin-x64 cache-miss
2879 http cache https://registry.npmjs.org/@rolldown%2fbinding-darwin-x64 119ms (cache hit)
2880 silly packumentCache full:https://registry.npmjs.org/@rolldown%2fbinding-darwin-x64 set size:1391472 disposed:false
2881 silly fetch manifest @rolldown/binding-freebsd-x64@1.2.6
2882 silly packumentCache full:https://registry.npmjs.org/@rolldown%2fbinding-freebsd-x64 cache-miss
2883 http fetch GET 200 https://registry.npmjs.org/lightningcss-android-arm64 372ms (cache miss)
2884 silly packumentCache full:https://registry.npmjs.org/lightningcss-android-arm64 set size:undefined disposed:false
2885 silly fetch manifest @rolldown/binding-darwin-arm64@1.2.6
2886 silly packumentCache full:https://registry.npmjs.org/@rolldown%2fbinding-darwin-arm64 cache-miss
2887 http cache https://registry.npmjs.org/@rolldown%2fbinding-freebsd-x64 106ms (cache hit)
2888 silly packumentCache full:https://registry.npmjs.org/@rolldown%2fbinding-freebsd-x64 set size:1071221 disposed:false
2889 silly fetch manifest @rolldown/binding-android-arm64@1.2.6
2890 silly packumentCache full:https://registry.npmjs.org/@rolldown%2fbinding-android-arm64 cache-miss
2891 http fetch GET 200 https://registry.npmjs.org/lightningcss-freebsd-x64 428ms (cache miss)
2892 silly packumentCache full:https://registry.npmjs.org/lightningcss-freebsd-x64 set size:undefined disposed:false
2893 silly fetch manifest @rolldown/binding-linux-x64-gnu@1.2.6
2894 silly packumentCache full:https://registry.npmjs.org/@rolldown%2fbinding-linux-x64-gnu cache-miss
2895 http cache https://registry.npmjs.org/@rolldown%2fbinding-darwin-arm64 119ms (cache hit)
2896 silly packumentCache full:https://registry.npmjs.org/@rolldown%2fbinding-darwin-arm64 set size:1403297 disposed:false
2897 silly fetch manifest @rolldown/binding-linux-x64-musl@1.2.6
2898 silly packumentCache full:https://registry.npmjs.org/@rolldown%2fbinding-linux-x64-musl cache-miss
2899 http cache https://registry.npmjs.org/@rolldown%2fbinding-android-arm64 144ms (cache hit)
2900 silly packumentCache full:https://registry.npmjs.org/@rolldown%2fbinding-android-arm64 set size:177845 disposed:false
2901 silly fetch manifest @rolldown/binding-win32-x64-msvc@1.2.6
2902 silly packumentCache full:https://registry.npmjs.org/@rolldown%2fbinding-win32-x64-msvc cache-miss
2903 http cache https://registry.npmjs.org/@rolldown%2fbinding-linux-x64-gnu 156ms (cache hit)
2904 silly packumentCache full:https://registry.npmjs.org/@rolldown%2fbinding-linux-x64-gnu set size:1417124 disposed:false
2905 silly fetch manifest @rolldown/binding-linux-arm64-gnu@1.2.6
2906 silly packumentCache full:https://registry.npmjs.org/@rolldown%2fbinding-linux-arm64-gnu cache-miss
2907 http cache https://registry.npmjs.org/@rolldown%2fbinding-linux-x64-musl 189ms (cache hit)
2908 silly packumentCache full:https://registry.npmjs.org/@rolldown%2fbinding-linux-x64-musl set size:1421827 disposed:false
2909 silly fetch manifest @rolldown/binding-linux-ppc64-gnu@1.2.6
2910 silly packumentCache full:https://registry.npmjs.org/@rolldown%2fbinding-linux-ppc64-gnu cache-miss
2911 http cache https://registry.npmjs.org/@rolldown%2fbinding-win32-x64-msvc 240ms (cache hit)
2912 silly packumentCache full:https://registry.npmjs.org/@rolldown%2fbinding-win32-x64-msvc set size:1409718 disposed:false
2913 silly fetch manifest @rolldown/binding-linux-s390x-gnu@1.2.6
2914 silly packumentCache full:https://registry.npmjs.org/@rolldown%2fbinding-linux-s390x-gnu cache-miss
2915 http cache https://registry.npmjs.org/@rolldown%2fbinding-linux-arm64-gnu 241ms (cache hit)
2916 silly packumentCache full:https://registry.npmjs.org/@rolldown%2fbinding-linux-arm64-gnu set size:1428983 disposed:false
2917 silly fetch manifest @rolldown/binding-android-arm-eabi@1.2.6
2918 silly packumentCache full:https://registry.npmjs.org/@rolldown%2fbinding-android-arm-eabi cache-miss
2919 http cache https://registry.npmjs.org/@rolldown%2fbinding-linux-ppc64-gnu 307ms (cache hit)
2920 silly packumentCache full:https://registry.npmjs.org/@rolldown%2fbinding-linux-ppc64-gnu set size:65570 disposed:false
2921 silly fetch manifest @rolldown/binding-linux-arm64-musl@1.2.6
2922 silly packumentCache full:https://registry.npmjs.org/@rolldown%2fbinding-linux-arm64-musl cache-miss
2923 http cache https://registry.npmjs.org/@rolldown%2fbinding-linux-s390x-gnu 339ms (cache hit)
2924 silly packumentCache full:https://registry.npmjs.org/@rolldown%2fbinding-linux-s390x-gnu set size:65567 disposed:false
2925 silly fetch manifest @rolldown/binding-win32-arm64-msvc@1.2.6
2926 silly packumentCache full:https://registry.npmjs.org/@rolldown%2fbinding-win32-arm64-msvc cache-miss
2927 http cache https://registry.npmjs.org/@rolldown%2fbinding-linux-arm64-musl 175ms (cache hit)
2928 silly packumentCache full:https://registry.npmjs.org/@rolldown%2fbinding-linux-arm64-musl set size:1433652 disposed:false
2929 silly fetch manifest @rolldown/binding-openharmony-arm64@1.2.6
2930 silly packumentCache full:https://registry.npmjs.org/@rolldown%2fbinding-openharmony-arm64 cache-miss
2931 http cache https://registry.npmjs.org/@rolldown%2fbinding-win32-arm64-msvc 198ms (cache hit)
2932 silly packumentCache full:https://registry.npmjs.org/@rolldown%2fbinding-win32-arm64-msvc set size:1423920 disposed:false
2933 silly fetch manifest @rolldown/binding-linux-arm-gnueabihf@1.2.6
2934 silly packumentCache full:https://registry.npmjs.org/@rolldown%2fbinding-linux-arm-gnueabihf cache-miss
2935 http fetch GET 200 https://registry.npmjs.org/@rolldown%2fbinding-android-arm-eabi 407ms (cache miss)
2936 silly packumentCache full:https://registry.npmjs.org/@rolldown%2fbinding-android-arm-eabi set size:undefined disposed:false
2937 http cache https://registry.npmjs.org/@rolldown%2fbinding-openharmony-arm64 196ms (cache hit)
2938 silly packumentCache full:https://registry.npmjs.org/@rolldown%2fbinding-openharmony-arm64 set size:139947 disposed:false
2939 http cache https://registry.npmjs.org/@rolldown%2fbinding-linux-arm-gnueabihf 90ms (cache hit)
2940 silly packumentCache full:https://registry.npmjs.org/@rolldown%2fbinding-linux-arm-gnueabihf set size:1438601 disposed:false
2941 silly placeDep ROOT vscode-languageserver-protocol@3.18.2 OK for: vscode-languageserver@10.1.0 want: 3.18.2
2942 silly fetch manifest vscode-jsonrpc@9.0.1
2943 silly packumentCache full:https://registry.npmjs.org/vscode-jsonrpc cache-miss
2944 silly fetch manifest vscode-languageserver-types@3.18.0
2945 silly packumentCache full:https://registry.npmjs.org/vscode-languageserver-types cache-miss
2946 http fetch GET 200 https://registry.npmjs.org/vscode-jsonrpc 315ms (cache miss)
2947 silly packumentCache full:https://registry.npmjs.org/vscode-jsonrpc set size:undefined disposed:false
2948 http fetch GET 200 https://registry.npmjs.org/vscode-languageserver-types 331ms (cache miss)
2949 silly packumentCache full:https://registry.npmjs.org/vscode-languageserver-types set size:undefined disposed:false
2950 silly placeDep ROOT vscode-jsonrpc@9.0.1 OK for: vscode-languageserver-protocol@3.18.2 want: 9.0.1
2951 silly placeDep ROOT vscode-languageserver-types@3.18.0 OK for: vscode-languageserver-protocol@3.18.2 want: 3.18.0
2952 silly placeDep ROOT tr46@0.0.3 OK for: whatwg-url@5.0.0 want: ~0.0.3
2953 silly placeDep ROOT webidl-conversions@3.0.1 OK for: whatwg-url@5.0.0 want: ^3.0.0
2954 silly placeDep ROOT siginfo@2.0.0 OK for: why-is-node-running@2.3.0 want: ^2.0.0
2955 silly placeDep ROOT stackback@0.0.2 OK for: why-is-node-running@2.3.0 want: 0.0.2
2956 silly placeDep ROOT @cloudflare/workerd-darwin-64@1.20260704.1 OK for: workerd@1.20260704.1 want: 1.20260704.1
2957 silly placeDep ROOT @cloudflare/workerd-darwin-arm64@1.20260704.1 OK for: workerd@1.20260704.1 want: 1.20260704.1
2958 silly placeDep ROOT @cloudflare/workerd-linux-64@1.20260704.1 OK for: workerd@1.20260704.1 want: 1.20260704.1
2959 silly placeDep ROOT @cloudflare/workerd-linux-arm64@1.20260704.1 OK for: workerd@1.20260704.1 want: 1.20260704.1
2960 silly placeDep ROOT @cloudflare/workerd-windows-64@1.20260704.1 OK for: workerd@1.20260704.1 want: 1.20260704.1
2961 silly placeDep node_modules/wrap-ansi ansi-styles@6.2.3 OK for: wrap-ansi@10.0.1 want: ^6.2.3
2962 silly placeDep ROOT is-wsl@3.1.1 OK for: wsl-utils@1.0.0 want: ^3.1.0
2963 silly placeDep node_modules/wsl-utils powershell-utils@0.1.0 OK for: wsl-utils@1.0.0 want: ^0.1.0
2964 silly placeDep ROOT cliui@9.0.1 OK for: yargs@18.1.0 want: ^9.0.1
2965 silly placeDep ROOT get-caller-file@2.0.5 OK for: yargs@18.1.0 want: ^2.0.5
2966 silly placeDep ROOT y18n@5.0.8 OK for: yargs@18.1.0 want: ^5.0.5
2967 silly placeDep ROOT yargs-parser@22.0.0 OK for: yargs@18.1.0 want: ^22.0.0
2968 silly fetch manifest string-width@^7.2.0
2969 silly packumentCache full:https://registry.npmjs.org/string-width cache-hit
2970 silly placeDep node_modules/cliui string-width@7.2.0 OK for: cliui@9.0.1 want: ^7.2.0
2971 silly placeDep node_modules/cliui wrap-ansi@9.0.2 OK for: cliui@9.0.1 want: ^9.0.0
2972 silly fetch manifest emoji-regex@^10.3.0
2973 silly packumentCache full:https://registry.npmjs.org/emoji-regex cache-miss
2974 http fetch GET 200 https://registry.npmjs.org/emoji-regex 251ms (cache miss)
2975 silly packumentCache full:https://registry.npmjs.org/emoji-regex set size:undefined disposed:false
2976 silly placeDep ROOT pend@1.2.0 OK for: yauzl@3.4.0 want: ~1.2.0
2977 silly placeDep ROOT grammex@3.1.13 OK for: zeptomatch@2.1.0 want: ^3.1.11
2978 silly placeDep ROOT graphmatch@1.1.1 OK for: zeptomatch@2.1.0 want: ^1.1.0
2979 silly placeDep node_modules/@octokit/plugin-paginate-rest @octokit/openapi-types@27.0.0 OK for: @octokit/types@16.0.0 want: ^27.0.0
2980 silly placeDep node_modules/@octokit/plugin-rest-endpoint-methods @octokit/openapi-types@27.0.0 OK for: @octokit/types@16.0.0 want: ^27.0.0
2981 silly placeDep node_modules/@rolldown/binding-wasm32-wasi @emnapi/wasi-threads@1.2.2 OK for: @emnapi/core@1.11.1 want: 1.2.2
2982 silly placeDep node_modules/alchemy @clack/core@1.4.3 OK for: @clack/prompts@1.7.0 want: 1.4.3
2983 silly placeDep node_modules/alchemy glob-parent@5.1.2 OK for: fast-glob@3.3.3 want: ^5.1.2
2984 silly placeDep node_modules/cliui emoji-regex@10.6.0 OK for: string-width@7.2.0 want: ^10.3.0
2985 silly placeDep node_modules/cliui ansi-styles@6.2.3 OK for: wrap-ansi@9.0.2 want: ^6.2.1
2986 silly placeDep node_modules/glob brace-expansion@5.0.9 OK for: minimatch@10.2.6 want: ^5.0.8
2987 silly fetch manifest balanced-match@^4.0.2
2988 silly packumentCache full:https://registry.npmjs.org/balanced-match cache-miss
2989 http fetch GET 200 https://registry.npmjs.org/balanced-match 348ms (cache miss)
2990 silly packumentCache full:https://registry.npmjs.org/balanced-match set size:undefined disposed:false
2991 silly placeDep node_modules/glob balanced-match@4.0.4 OK for: brace-expansion@5.0.9 want: ^4.0.2
2992 silly placeDep node_modules/ink/node_modules/wrap-ansi string-width@7.2.0 OK for: wrap-ansi@9.0.2 want: ^7.0.0
2993 silly placeDep node_modules/vite lightningcss-android-arm64@1.33.0 OK for: lightningcss@1.33.0 want: 1.33.0
2994 silly placeDep node_modules/vite lightningcss-darwin-arm64@1.33.0 OK for: lightningcss@1.33.0 want: 1.33.0
2995 silly placeDep node_modules/vite lightningcss-darwin-x64@1.33.0 OK for: lightningcss@1.33.0 want: 1.33.0
2996 silly placeDep node_modules/vite lightningcss-freebsd-x64@1.33.0 OK for: lightningcss@1.33.0 want: 1.33.0
2997 silly placeDep node_modules/vite lightningcss-linux-arm-gnueabihf@1.33.0 OK for: lightningcss@1.33.0 want: 1.33.0
2998 silly placeDep node_modules/vite lightningcss-linux-arm64-gnu@1.33.0 OK for: lightningcss@1.33.0 want: 1.33.0
2999 silly placeDep node_modules/vite lightningcss-linux-arm64-musl@1.33.0 OK for: lightningcss@1.33.0 want: 1.33.0
3000 silly placeDep node_modules/vite lightningcss-linux-x64-gnu@1.33.0 OK for: lightningcss@1.33.0 want: 1.33.0
3001 silly placeDep node_modules/vite lightningcss-linux-x64-musl@1.33.0 OK for: lightningcss@1.33.0 want: 1.33.0
3002 silly placeDep node_modules/vite lightningcss-win32-arm64-msvc@1.33.0 OK for: lightningcss@1.33.0 want: 1.33.0
3003 silly placeDep node_modules/vite lightningcss-win32-x64-msvc@1.33.0 OK for: lightningcss@1.33.0 want: 1.33.0
3004 silly placeDep node_modules/vite @oxc-project/types@0.147.0 OK for: rolldown@1.2.6 want: =0.147.0
3005 silly placeDep ROOT @rolldown/binding-android-arm-eabi@1.2.6 OK for: rolldown@1.2.6 want: 1.2.6
3006 silly placeDep node_modules/vite @rolldown/binding-android-arm64@1.2.6 OK for: rolldown@1.2.6 want: 1.2.6
3007 silly placeDep node_modules/vite @rolldown/binding-darwin-arm64@1.2.6 OK for: rolldown@1.2.6 want: 1.2.6
3008 silly placeDep node_modules/vite @rolldown/binding-darwin-x64@1.2.6 OK for: rolldown@1.2.6 want: 1.2.6
3009 silly placeDep node_modules/vite @rolldown/binding-freebsd-x64@1.2.6 OK for: rolldown@1.2.6 want: 1.2.6
3010 silly placeDep node_modules/vite @rolldown/binding-linux-arm-gnueabihf@1.2.6 OK for: rolldown@1.2.6 want: 1.2.6
3011 silly placeDep node_modules/vite @rolldown/binding-linux-arm64-gnu@1.2.6 OK for: rolldown@1.2.6 want: 1.2.6
3012 silly placeDep node_modules/vite @rolldown/binding-linux-arm64-musl@1.2.6 OK for: rolldown@1.2.6 want: 1.2.6
3013 silly placeDep node_modules/vite @rolldown/binding-linux-ppc64-gnu@1.2.6 OK for: rolldown@1.2.6 want: 1.2.6
3014 silly placeDep node_modules/vite @rolldown/binding-linux-s390x-gnu@1.2.6 OK for: rolldown@1.2.6 want: 1.2.6
3015 silly placeDep node_modules/vite @rolldown/binding-linux-x64-gnu@1.2.6 OK for: rolldown@1.2.6 want: 1.2.6
3016 silly placeDep node_modules/vite @rolldown/binding-linux-x64-musl@1.2.6 OK for: rolldown@1.2.6 want: 1.2.6
3017 silly placeDep node_modules/vite @rolldown/binding-openharmony-arm64@1.2.6 OK for: rolldown@1.2.6 want: 1.2.6
3018 silly placeDep node_modules/vite @rolldown/binding-win32-arm64-msvc@1.2.6 OK for: rolldown@1.2.6 want: 1.2.6
3019 silly placeDep node_modules/vite @rolldown/binding-win32-x64-msvc@1.2.6 OK for: rolldown@1.2.6 want: 1.2.6
3020 silly placeDep node_modules/ink emoji-regex@10.6.0 OK for: string-width@7.2.0 want: ^10.3.0
3021 silly reify moves {}
3022 silly audit bulk request {
3022 silly audit   '@alloc/quick-lru': [ '5.2.0' ],
3022 silly audit   '@babel/code-frame': [ '7.29.7' ],
3022 silly audit   '@babel/compat-data': [ '7.29.7' ],
3022 silly audit   '@babel/core': [ '7.29.7' ],
3022 silly audit   '@babel/generator': [ '7.29.8' ],
3022 silly audit   '@babel/helper-compilation-targets': [ '7.29.7' ],
3022 silly audit   '@babel/helper-globals': [ '7.29.7' ],
3022 silly audit   '@babel/helper-module-imports': [ '7.29.7' ],
3022 silly audit   '@babel/helper-module-transforms': [ '7.29.7' ],
3022 silly audit   '@babel/helper-string-parser': [ '7.29.7' ],
3022 silly audit   '@babel/helper-validator-identifier': [ '7.29.7' ],
3022 silly audit   '@babel/helper-validator-option': [ '7.29.7' ],
3022 silly audit   '@babel/helpers': [ '7.29.7' ],
3022 silly audit   '@babel/parser': [ '7.29.8' ],
3022 silly audit   '@babel/template': [ '7.29.7' ],
3022 silly audit   '@babel/traverse': [ '7.29.8' ],
3022 silly audit   '@babel/types': [ '7.29.8' ],
3022 silly audit   '@emnapi/core': [ '1.10.0', '1.11.1' ],
3022 silly audit   '@emnapi/runtime': [ '1.11.3', '1.10.0', '1.11.1' ],
3022 silly audit   '@emnapi/wasi-threads': [ '1.2.1', '1.2.2' ],
3022 silly audit   '@eslint-community/eslint-utils': [ '4.10.1', '4.9.1' ],
3022 silly audit   'eslint-visitor-keys': [ '3.4.3', '5.0.1', '4.2.1' ],
3022 silly audit   '@eslint-community/regexpp': [ '4.12.2' ],
3022 silly audit   '@eslint/config-array': [ '0.21.2' ],
3022 silly audit   '@eslint/config-helpers': [ '0.4.2' ],
3022 silly audit   '@eslint/core': [ '0.17.0' ],
3022 silly audit   '@eslint/eslintrc': [ '3.3.6' ],
3022 silly audit   '@eslint/js': [ '9.39.5' ],
3022 silly audit   '@eslint/object-schema': [ '2.1.7' ],
3022 silly audit   '@eslint/plugin-kit': [ '0.4.1' ],
3022 silly audit   '@humanfs/core': [ '0.19.2' ],
3022 silly audit   '@humanfs/node': [ '0.16.8' ],
3022 silly audit   '@humanfs/types': [ '0.15.0' ],
3022 silly audit   '@humanwhocodes/module-importer': [ '1.0.1' ],
3022 silly audit   '@humanwhocodes/retry': [ '0.4.3' ],
3022 silly audit   '@img/colour': [ '1.1.0' ],
3022 silly audit   '@img/sharp-darwin-arm64': [ '0.35.4' ],
3022 silly audit   '@img/sharp-darwin-x64': [ '0.35.4' ],
3022 silly audit   '@img/sharp-freebsd-wasm32': [ '0.35.4' ],
3022 silly audit   '@img/sharp-libvips-darwin-arm64': [ '1.3.3' ],
3022 silly audit   '@img/sharp-libvips-darwin-x64': [ '1.3.3' ],
3022 silly audit   '@img/sharp-libvips-linux-arm': [ '1.3.3' ],
3022 silly audit   '@img/sharp-libvips-linux-arm64': [ '1.3.3' ],
3022 silly audit   '@img/sharp-libvips-linux-ppc64': [ '1.3.3' ],
3022 silly audit   '@img/sharp-libvips-linux-riscv64': [ '1.3.3' ],
3022 silly audit   '@img/sharp-libvips-linux-s390x': [ '1.3.3' ],
3022 silly audit   '@img/sharp-libvips-linux-x64': [ '1.3.3' ],
3022 silly audit   '@img/sharp-libvips-linuxmusl-arm64': [ '1.3.3' ],
3022 silly audit   '@img/sharp-libvips-linuxmusl-x64': [ '1.3.3' ],
3022 silly audit   '@img/sharp-linux-arm': [ '0.35.4' ],
3022 silly audit   '@img/sharp-linux-arm64': [ '0.35.4' ],
3022 silly audit   '@img/sharp-linux-ppc64': [ '0.35.4' ],
3022 silly audit   '@img/sharp-linux-riscv64': [ '0.35.4' ],
3022 silly audit   '@img/sharp-linux-s390x': [ '0.35.4' ],
3022 silly audit   '@img/sharp-linux-x64': [ '0.35.4' ],
3022 silly audit   '@img/sharp-linuxmusl-arm64': [ '0.35.4' ],
3022 silly audit   '@img/sharp-linuxmusl-x64': [ '0.35.4' ],
3022 silly audit   '@img/sharp-wasm32': [ '0.35.4' ],
3022 silly audit   '@img/sharp-webcontainers-wasm32': [ '0.35.4' ],
3022 silly audit   '@img/sharp-win32-arm64': [ '0.35.4' ],
3022 silly audit   '@img/sharp-win32-ia32': [ '0.35.4' ],
3022 silly audit   '@img/sharp-win32-x64': [ '0.35.4' ],
3022 silly audit   '@jridgewell/gen-mapping': [ '0.3.13' ],
3022 silly audit   '@jridgewell/remapping': [ '2.3.5' ],
3022 silly audit   '@jridgewell/resolve-uri': [ '3.1.2' ],
3022 silly audit   '@jridgewell/sourcemap-codec': [ '1.5.5' ],
3022 silly audit   '@jridgewell/trace-mapping': [ '0.3.31' ],
3022 silly audit   '@napi-rs/wasm-runtime': [ '1.2.3' ],
3022 silly audit   '@next/env': [ '16.3.3' ],
3022 silly audit   '@next/eslint-plugin-next': [ '16.3.3' ],
3022 silly audit   '@next/swc-darwin-arm64': [ '16.3.3' ],
3022 silly audit   '@next/swc-darwin-x64': [ '16.3.3' ],
3022 silly audit   '@next/swc-linux-arm64-gnu': [ '16.3.3' ],
3022 silly audit   '@next/swc-linux-arm64-musl': [ '16.3.3' ],
3022 silly audit   '@next/swc-linux-x64-gnu': [ '16.3.3' ],
3022 silly audit   '@next/swc-linux-x64-musl': [ '16.3.3' ],
3022 silly audit   '@next/swc-win32-arm64-msvc': [ '16.3.3' ],
3022 silly audit   '@next/swc-win32-x64-msvc': [ '16.3.3' ],
3022 silly audit   '@nodelib/fs.scandir': [ '2.1.5' ],
3022 silly audit   '@nodelib/fs.stat': [ '2.0.5' ],
3022 silly audit   '@nodelib/fs.walk': [ '1.2.8' ],
3022 silly audit   '@nolyfill/is-core-module': [ '1.0.39' ],
3022 silly audit   '@prisma/client': [ '7.10.0' ],
3022 silly audit   '@prisma/client-runtime-utils': [ '7.10.0' ],
3022 silly audit   '@rtsao/scc': [ '1.1.0' ],
3022 silly audit   '@swc/helpers': [ '0.5.23' ],
3022 silly audit   '@tailwindcss/node': [ '4.3.3' ],
3022 silly audit   '@tailwindcss/oxide': [ '4.3.3' ],
3022 silly audit   '@tailwindcss/oxide-android-arm64': [ '4.3.3' ],
3022 silly audit   '@tailwindcss/oxide-darwin-arm64': [ '4.3.3' ],
3022 silly audit   '@tailwindcss/oxide-darwin-x64': [ '4.3.3' ],
3022 silly audit   '@tailwindcss/oxide-freebsd-x64': [ '4.3.3' ],
3022 silly audit   '@tailwindcss/oxide-linux-arm-gnueabihf': [ '4.3.3' ],
3022 silly audit   '@tailwindcss/oxide-linux-arm64-gnu': [ '4.3.3' ],
3022 silly audit   '@tailwindcss/oxide-linux-arm64-musl': [ '4.3.3' ],
3022 silly audit   '@tailwindcss/oxide-linux-x64-gnu': [ '4.3.3' ],
3022 silly audit   '@tailwindcss/oxide-linux-x64-musl': [ '4.3.3' ],
3022 silly audit   '@tailwindcss/oxide-wasm32-wasi': [ '4.3.3' ],
3022 silly audit   '@tailwindcss/oxide-win32-arm64-msvc': [ '4.3.3' ],
3022 silly audit   '@tailwindcss/oxide-win32-x64-msvc': [ '4.3.3' ],
3022 silly audit   '@tailwindcss/postcss': [ '4.3.3' ],
3022 silly audit   '@tybys/wasm-util': [ '0.10.3' ],
3022 silly audit   '@types/estree': [ '1.0.9' ],
3022 silly audit   '@types/json-schema': [ '7.0.15' ],
3022 silly audit   '@types/json5': [ '0.0.29' ],
3022 silly audit   '@types/node': [ '20.19.43' ],
3022 silly audit   '@types/react': [ '19.2.18' ],
3022 silly audit   '@types/react-dom': [ '19.2.5' ],
3022 silly audit   '@typescript-eslint/eslint-plugin': [ '8.68.0' ],
3022 silly audit   ignore: [ '7.0.6', '5.3.2' ],
3022 silly audit   '@typescript-eslint/parser': [ '8.68.0' ],
3022 silly audit   '@typescript-eslint/project-service': [ '8.68.0' ],
3022 silly audit   '@typescript-eslint/scope-manager': [ '8.68.0' ],
3022 silly audit   '@typescript-eslint/tsconfig-utils': [ '8.68.0' ],
3022 silly audit   '@typescript-eslint/type-utils': [ '8.68.0' ],
3022 silly audit   '@typescript-eslint/types': [ '8.68.0' ],
3022 silly audit   '@typescript-eslint/typescript-estree': [ '8.68.0' ],
3022 silly audit   'balanced-match': [ '4.0.4', '1.0.2' ],
3022 silly audit   'brace-expansion': [ '5.0.9', '1.1.18' ],
3022 silly audit   minimatch: [ '10.2.6', '3.1.5' ],
3022 silly audit   semver: [ '7.8.5', '6.3.1' ],
3022 silly audit   '@typescript-eslint/utils': [ '8.68.0' ],
3022 silly audit   '@typescript-eslint/visitor-keys': [ '8.68.0' ],
3022 silly audit   '@unrs/resolver-binding-android-arm-eabi': [ '1.12.2' ],
3022 silly audit   '@unrs/resolver-binding-android-arm64': [ '1.12.2' ],
3022 silly audit   '@unrs/resolver-binding-darwin-arm64': [ '1.12.2' ],
3022 silly audit   '@unrs/resolver-binding-darwin-x64': [ '1.12.2' ],
3022 silly audit   '@unrs/resolver-binding-freebsd-x64': [ '1.12.2' ],
3022 silly audit   '@unrs/resolver-binding-linux-arm-gnueabihf': [ '1.12.2' ],
3022 silly audit   '@unrs/resolver-binding-linux-arm-musleabihf': [ '1.12.2' ],
3022 silly audit   '@unrs/resolver-binding-linux-arm64-gnu': [ '1.12.2' ],
3022 silly audit   '@unrs/resolver-binding-linux-arm64-musl': [ '1.12.2' ],
3022 silly audit   '@unrs/resolver-binding-linux-loong64-gnu': [ '1.12.2' ],
3022 silly audit   '@unrs/resolver-binding-linux-loong64-musl': [ '1.12.2' ],
3022 silly audit   '@unrs/resolver-binding-linux-ppc64-gnu': [ '1.12.2' ],
3022 silly audit   '@unrs/resolver-binding-linux-riscv64-gnu': [ '1.12.2' ],
3022 silly audit   '@unrs/resolver-binding-linux-riscv64-musl': [ '1.12.2' ],
3022 silly audit   '@unrs/resolver-binding-linux-s390x-gnu': [ '1.12.2' ],
3022 silly audit   '@unrs/resolver-binding-linux-x64-gnu': [ '1.12.2' ],
3022 silly audit   '@unrs/resolver-binding-linux-x64-musl': [ '1.12.2' ],
3022 silly audit   '@unrs/resolver-binding-openharmony-arm64': [ '1.12.2' ],
3022 silly audit   '@unrs/resolver-binding-wasm32-wasi': [ '1.12.2' ],
3022 silly audit   '@unrs/resolver-binding-win32-arm64-msvc': [ '1.12.2' ],
3022 silly audit   '@unrs/resolver-binding-win32-ia32-msvc': [ '1.12.2' ],
3022 silly audit   '@unrs/resolver-binding-win32-x64-msvc': [ '1.12.2' ],
3022 silly audit   acorn: [ '8.18.0' ],
3022 silly audit   'acorn-jsx': [ '5.3.2' ],
3022 silly audit   ajv: [ '6.15.0' ],
3022 silly audit   'ansi-styles': [ '4.3.0', '6.2.3' ],
3022 silly audit   argparse: [ '2.0.1' ],
3022 silly audit   'aria-query': [ '5.3.2' ],
3022 silly audit   'array-buffer-byte-length': [ '1.0.2' ],
3022 silly audit   'array-includes': [ '3.1.9' ],
3022 silly audit   'array.prototype.findlast': [ '1.2.5' ],
3022 silly audit   'array.prototype.findlastindex': [ '1.2.6' ],
3022 silly audit   'array.prototype.flat': [ '1.3.3' ],
3022 silly audit   'array.prototype.flatmap': [ '1.3.3' ],
3022 silly audit   'array.prototype.tosorted': [ '1.1.4' ],
3022 silly audit   'arraybuffer.prototype.slice': [ '1.0.4' ],
3022 silly audit   'ast-types-flow': [ '0.0.8' ],
3022 silly audit   'async-function': [ '1.0.0' ],
3022 silly audit   'available-typed-arrays': [ '1.0.7' ],
3022 silly audit   'axe-core': [ '4.13.0' ],
3022 silly audit   'axobject-query': [ '4.1.0' ],
3022 silly audit   'baseline-browser-mapping': [ '2.11.19' ],
3022 silly audit   braces: [ '3.0.3' ],
3022 silly audit   browserslist: [ '4.28.8' ],
3022 silly audit   'call-bind': [ '1.0.9' ],
3022 silly audit   'call-bind-apply-helpers': [ '1.0.2' ],
3022 silly audit   'call-bound': [ '1.0.4' ],
3022 silly audit   callsites: [ '3.1.0' ],
3022 silly audit   'caniuse-lite': [ '1.0.30001810' ],
3022 silly audit   chalk: [ '4.1.2', '5.6.2' ],
3022 silly audit   'client-only': [ '0.0.1' ],
3022 silly audit   'color-convert': [ '2.0.1' ],
3022 silly audit   'color-name': [ '1.1.4' ],
3022 silly audit   'concat-map': [ '0.0.1' ],
3022 silly audit   'convert-source-map': [ '2.0.0' ],
3022 silly audit   'cross-spawn': [ '7.0.6' ],
3022 silly audit   csstype: [ '3.2.3' ],
3022 silly audit   'damerau-levenshtein': [ '1.0.8' ],
3022 silly audit   'data-view-buffer': [ '1.0.2' ],
3022 silly audit   'data-view-byte-length': [ '1.0.2' ],
3022 silly audit   'data-view-byte-offset': [ '1.0.1' ],
3022 silly audit   debug: [ '4.4.3', '3.2.7' ],
3022 silly audit   'deep-is': [ '0.1.4' ],
3022 silly audit   'define-data-property': [ '1.1.4' ],
3022 silly audit   'define-properties': [ '1.2.1' ],
3022 silly audit   'detect-libc': [ '2.1.2', '2.0.2' ],
3022 silly audit   doctrine: [ '2.1.0' ],
3022 silly audit   'dunder-proto': [ '1.0.1' ],
3022 silly audit   'electron-to-chromium': [ '1.5.415' ],
3022 silly audit   'emoji-regex': [ '9.2.2', '10.6.0' ],
3022 silly audit   'enhanced-resolve': [ '5.24.5' ],
3022 silly audit   'es-abstract': [ '1.24.2' ],
3022 silly audit   'es-abstract-get': [ '1.0.0' ],
3022 silly audit   'es-define-property': [ '1.0.1' ],
3022 silly audit   'es-errors': [ '1.3.0' ],
3022 silly audit   'es-iterator-helpers': [ '1.4.0' ],
3022 silly audit   'es-object-atoms': [ '1.1.2' ],
3022 silly audit   'es-set-tostringtag': [ '2.1.0' ],
3022 silly audit   'es-shim-unscopables': [ '1.1.0' ],
3022 silly audit   'es-to-primitive': [ '1.3.4' ],
3022 silly audit   escalade: [ '3.2.0' ],
3022 silly audit   'escape-string-regexp': [ '4.0.0', '2.0.0' ],
3022 silly audit   eslint: [ '9.39.5' ],
3022 silly audit   'eslint-config-next': [ '16.3.3' ],
3022 silly audit   globals: [ '16.4.0', '14.0.0' ],
3022 silly audit   'eslint-import-resolver-node': [ '0.3.10' ],
3022 silly audit   'eslint-import-resolver-typescript': [ '3.10.1' ],
3022 silly audit   'eslint-module-utils': [ '2.14.0' ],
3022 silly audit   'eslint-plugin-import': [ '2.32.0' ],
3022 silly audit   'eslint-plugin-jsx-a11y': [ '6.10.2' ],
3022 silly audit   'eslint-plugin-react': [ '7.37.5' ],
3022 silly audit   'eslint-plugin-react-hooks': [ '7.1.1' ],
3022 silly audit   'eslint-scope': [ '8.4.0' ],
3022 silly audit   espree: [ '10.4.0' ],
3022 silly audit   esquery: [ '1.7.0' ],
3022 silly audit   esrecurse: [ '4.3.0' ],
3022 silly audit   estraverse: [ '5.3.0' ],
3022 silly audit   esutils: [ '2.0.3' ],
3022 silly audit   'fast-deep-equal': [ '3.1.3' ],
3022 silly audit   'fast-glob': [ '3.3.1', '3.3.3' ],
3022 silly audit   'glob-parent': [ '5.1.2', '6.0.2' ],
3022 silly audit   'fast-json-stable-stringify': [ '2.1.0' ],
3022 silly audit   'fast-levenshtein': [ '2.0.6' ],
3022 silly audit   fastq: [ '1.20.1' ],
3022 silly audit   'file-entry-cache': [ '8.0.0' ],
3022 silly audit   'fill-range': [ '7.1.1' ],
3022 silly audit   'find-up': [ '5.0.0' ],
3022 silly audit   'flat-cache': [ '4.0.1' ],
3022 silly audit   flatted: [ '3.4.4' ],
3022 silly audit   'for-each': [ '0.3.5' ],
3022 silly audit   'function-bind': [ '1.1.2' ],
3022 silly audit   'function.prototype.name': [ '1.2.0' ],
3022 silly audit   'functions-have-names': [ '1.2.3' ],
3022 silly audit   'generator-function': [ '2.0.1' ],
3022 silly audit   gensync: [ '1.0.0-beta.2' ],
3022 silly audit   'get-intrinsic': [ '1.3.0' ],
3022 silly audit   'get-proto': [ '1.0.1' ],
3022 silly audit   'get-symbol-description': [ '1.1.0' ],
3022 silly audit   'get-tsconfig': [ '4.14.3' ],
3022 silly audit   globalthis: [ '1.0.4' ],
3022 silly audit   gopd: [ '1.2.0' ],
3022 silly audit   'graceful-fs': [ '4.2.11' ],
3022 silly audit   'has-bigints': [ '1.1.0' ],
3022 silly audit   'has-flag': [ '4.0.0' ],
3022 silly audit   'has-property-descriptors': [ '1.0.2' ],
3022 silly audit   'has-proto': [ '1.2.0' ],
3022 silly audit   'has-symbols': [ '1.1.0' ],
3022 silly audit   'has-tostringtag': [ '1.0.2' ],
3022 silly audit   hasown: [ '2.0.4' ],
3022 silly audit   'hermes-estree': [ '0.25.1' ],
3022 silly audit   'hermes-parser': [ '0.25.1' ],
3022 silly audit   'import-fresh': [ '3.3.1' ],
3022 silly audit   imurmurhash: [ '0.1.4' ],
3022 silly audit   'internal-slot': [ '1.1.0' ],
3022 silly audit   'is-array-buffer': [ '3.0.5' ],
3022 silly audit   'is-async-function': [ '2.1.1' ],
3022 silly audit   'is-bigint': [ '1.1.0' ],
3022 silly audit   'is-boolean-object': [ '1.2.2' ],
3022 silly audit   'is-bun-module': [ '2.0.0' ],
3022 silly audit   'is-callable': [ '1.2.7' ],
3022 silly audit   'is-core-module': [ '2.16.2' ],
3022 silly audit   'is-data-view': [ '1.0.2' ],
3022 silly audit   'is-date-object': [ '1.1.0' ],
3022 silly audit   'is-document.all': [ '1.0.0' ],
3022 silly audit   'is-extglob': [ '2.1.1' ],
3022 silly audit   'is-finalizationregistry': [ '1.1.1' ],
3022 silly audit   'is-generator-function': [ '1.1.2' ],
3022 silly audit   'is-glob': [ '4.0.3' ],
3022 silly audit   'is-map': [ '2.0.3' ],
3022 silly audit   'is-negative-zero': [ '2.0.3' ],
3022 silly audit   'is-number': [ '7.0.0' ],
3022 silly audit   'is-number-object': [ '1.1.1' ],
3022 silly audit   'is-regex': [ '1.2.1' ],
3022 silly audit   'is-set': [ '2.0.3' ],
3022 silly audit   'is-shared-array-buffer': [ '1.0.4' ],
3022 silly audit   'is-string': [ '1.1.1' ],
3022 silly audit   'is-symbol': [ '1.1.1' ],
3022 silly audit   'is-typed-array': [ '1.1.15' ],
3022 silly audit   'is-weakmap': [ '2.0.2' ],
3022 silly audit   'is-weakref': [ '1.1.1' ],
3022 silly audit   'is-weakset': [ '2.0.4' ],
3022 silly audit   isarray: [ '2.0.5', '1.0.0' ],
3022 silly audit   isexe: [ '2.0.0' ],
3022 silly audit   'iterator.prototype': [ '1.1.5' ],
3022 silly audit   jiti: [ '2.7.0' ],
3022 silly audit   'js-tokens': [ '4.0.0' ],
3022 silly audit   'js-yaml': [ '4.3.2' ],
3022 silly audit   jsesc: [ '3.1.0' ],
3022 silly audit   'json-buffer': [ '3.0.1' ],
3022 silly audit   'json-schema-traverse': [ '0.4.1' ],
3022 silly audit   'json-stable-stringify-without-jsonify': [ '1.0.1' ],
3022 silly audit   json5: [ '2.2.3', '1.0.2' ],
3022 silly audit   'jsx-ast-utils': [ '3.3.5' ],
3022 silly audit   keyv: [ '4.5.4' ],
3022 silly audit   'language-subtag-registry': [ '0.3.23' ],
3022 silly audit   'language-tags': [ '1.0.9' ],
3022 silly audit   levn: [ '0.4.1' ],
3022 silly audit   lightningcss: [ '1.32.0', '1.33.0' ],
3022 silly audit   'lightningcss-android-arm64': [ '1.32.0', '1.33.0' ],
3022 silly audit   'lightningcss-darwin-arm64': [ '1.32.0', '1.33.0' ],
3022 silly audit   'lightningcss-darwin-x64': [ '1.32.0', '1.33.0' ],
3022 silly audit   'lightningcss-freebsd-x64': [ '1.32.0', '1.33.0' ],
3022 silly audit   'lightningcss-linux-arm-gnueabihf': [ '1.32.0', '1.33.0' ],
3022 silly audit   'lightningcss-linux-arm64-gnu': [ '1.32.0', '1.33.0' ],
3022 silly audit   'lightningcss-linux-arm64-musl': [ '1.32.0', '1.33.0' ],
3022 silly audit   'lightningcss-linux-x64-gnu': [ '1.32.0', '1.33.0' ],
3022 silly audit   'lightningcss-linux-x64-musl': [ '1.32.0', '1.33.0' ],
3022 silly audit   'lightningcss-win32-arm64-msvc': [ '1.32.0', '1.33.0' ],
3022 silly audit   'lightningcss-win32-x64-msvc': [ '1.32.0', '1.33.0' ],
3022 silly audit   'locate-path': [ '6.0.0' ],
3022 silly audit   'lodash.merge': [ '4.6.2' ],
3022 silly audit   'loose-envify': [ '1.4.0' ],
3022 silly audit   'lru-cache': [ '5.1.1', '11.5.2' ],
3022 silly audit   'magic-string': [ '0.30.21' ],
3022 silly audit   'math-intrinsics': [ '1.1.0' ],
3022 silly audit   merge2: [ '1.4.1' ],
3022 silly audit   micromatch: [ '4.0.8' ],
3022 silly audit   minimist: [ '1.2.8' ],
3022 silly audit   ms: [ '2.1.3' ],
3022 silly audit   nanoid: [ '3.3.18' ],
3022 silly audit   'napi-postinstall': [ '0.3.4' ],
3022 silly audit   'natural-compare': [ '1.4.0' ],
3022 silly audit   next: [ '16.3.3' ],
3022 silly audit   postcss: [ '8.5.23', '8.5.26' ],
3022 silly audit   'node-exports-info': [ '1.6.2' ],
3022 silly audit   'node-releases': [ '2.0.53' ],
3022 silly audit   'object-assign': [ '4.1.1' ],
3022 silly audit   'object-inspect': [ '1.13.4' ],
3022 silly audit   'object-keys': [ '1.1.1' ],
3022 silly audit   'object.assign': [ '4.1.7' ],
3022 silly audit   'object.entries': [ '1.1.9' ],
3022 silly audit   'object.fromentries': [ '2.0.8' ],
3022 silly audit   'object.groupby': [ '1.0.3' ],
3022 silly audit   'object.values': [ '1.2.1' ],
3022 silly audit   optionator: [ '0.9.4' ],
3022 silly audit   'own-keys': [ '1.0.2' ],
3022 silly audit   'p-limit': [ '3.1.0' ],
3022 silly audit   'p-locate': [ '5.0.0' ],
3022 silly audit   'parent-module': [ '1.0.1' ],
3022 silly audit   'path-exists': [ '4.0.0' ],
3022 silly audit   'path-key': [ '3.1.1', '4.0.0' ],
3022 silly audit   'path-parse': [ '1.0.7' ],
3022 silly audit   picocolors: [ '1.1.1' ],
3022 silly audit   picomatch: [ '2.3.2', '4.0.7' ],
3022 silly audit   'possible-typed-array-names': [ '1.1.0' ],
3022 silly audit   'prelude-ls': [ '1.2.1' ],
3022 silly audit   'prop-types': [ '15.8.1' ],
3022 silly audit   punycode: [ '2.3.1' ],
3022 silly audit   'queue-microtask': [ '1.2.3' ],
3022 silly audit   react: [ '19.2.8' ],
3022 silly audit   'react-dom': [ '19.2.8' ],
3022 silly audit   'react-is': [ '16.13.1' ],
3022 silly audit   'reflect.getprototypeof': [ '1.0.10' ],
3022 silly audit   'regexp.prototype.flags': [ '1.5.4' ],
3022 silly audit   resolve: [ '2.0.0-next.7' ],
3022 silly audit   'resolve-from': [ '4.0.0', '5.0.0' ],
3022 silly audit   'resolve-pkg-maps': [ '1.0.0' ],
3022 silly audit   reusify: [ '1.1.0' ],
3022 silly audit   'run-parallel': [ '1.2.0' ],
3022 silly audit   'safe-array-concat': [ '1.1.4' ],
3022 silly audit   'safe-push-apply': [ '1.0.0' ],
3022 silly audit   'safe-regex-test': [ '1.1.0' ],
3022 silly audit   scheduler: [ '0.27.0' ],
3022 silly audit   'set-function-length': [ '1.2.2' ],
3022 silly audit   'set-function-name': [ '2.0.2' ],
3022 silly audit   'set-proto': [ '1.0.0' ],
3022 silly audit   sharp: [ '0.35.4' ],
3022 silly audit   'shebang-command': [ '2.0.0' ],
3022 silly audit   'shebang-regex': [ '3.0.0' ],
3022 silly audit   'side-channel': [ '1.1.1' ],
3022 silly audit   'side-channel-list': [ '1.0.1' ],
3022 silly audit   'side-channel-map': [ '1.0.1' ],
3022 silly audit   'side-channel-weakmap': [ '1.0.2' ],
3022 silly audit   'source-map-js': [ '1.2.1' ],
3022 silly audit   'stable-hash': [ '0.0.5' ],
3022 silly audit   'stop-iteration-iterator': [ '1.1.0' ],
3022 silly audit   'string.prototype.includes': [ '2.0.1' ],
3022 silly audit   'string.prototype.matchall': [ '4.0.12' ],
3022 silly audit   'string.prototype.repeat': [ '1.0.0' ],
3022 silly audit   'string.prototype.trim': [ '1.2.11' ],
3022 silly audit   'string.prototype.trimend': [ '1.0.10' ],
3022 silly audit   'string.prototype.trimstart': [ '1.0.8' ],
3022 silly audit   'strip-bom': [ '3.0.0' ],
3022 silly audit   'strip-json-comments': [ '3.1.1' ],
3022 silly audit   'styled-jsx': [ '5.1.6' ],
3022 silly audit   'supports-color': [ '7.2.0' ],
3022 silly audit   'supports-preserve-symlinks-flag': [ '1.0.0' ],
3022 silly audit   tailwindcss: [ '4.3.3' ],
3022 silly audit   tapable: [ '2.3.3' ],
3022 silly audit   tinyglobby: [ '0.2.17' ],
3022 silly audit   fdir: [ '6.5.0' ],
3022 silly audit   'to-regex-range': [ '5.0.1' ],
3022 silly audit   'ts-api-utils': [ '2.5.0' ],
3022 silly audit   'tsconfig-paths': [ '3.15.0' ],
3022 silly audit   tslib: [ '2.8.1' ],
3022 silly audit   'type-check': [ '0.4.0' ],
3022 silly audit   'typed-array-buffer': [ '1.0.3' ],
3022 silly audit   'typed-array-byte-length': [ '1.0.3' ],
3022 silly audit   'typed-array-byte-offset': [ '1.0.4' ],
3022 silly audit   'typed-array-length': [ '1.0.8' ],
3022 silly audit   typescript: [ '5.9.3' ],
3022 silly audit   'typescript-eslint': [ '8.68.0' ],
3022 silly audit   'unbox-primitive': [ '1.1.0' ],
3022 silly audit   'undici-types': [ '6.21.0' ],
3022 silly audit   'unrs-resolver': [ '1.12.2' ],
3022 silly audit   'update-browserslist-db': [ '1.3.1' ],
3022 silly audit   'uri-js': [ '4.4.1' ],
3022 silly audit   which: [ '2.0.2' ],
3022 silly audit   'which-boxed-primitive': [ '1.1.1' ],
3022 silly audit   'which-builtin-type': [ '1.2.1' ],
3022 silly audit   'which-collection': [ '1.0.2' ],
3022 silly audit   'which-typed-array': [ '1.1.22' ],
3022 silly audit   'word-wrap': [ '1.2.5' ],
3022 silly audit   yallist: [ '3.1.1', '5.0.0' ],
3022 silly audit   'yocto-queue': [ '0.1.0' ],
3022 silly audit   zod: [ '4.4.3' ],
3022 silly audit   'zod-validation-error': [ '4.0.2' ],
3022 silly audit   prisma: [ '8.0.0-rc.12' ],
3022 silly audit   '@manypkg/tools': [ '2.1.2' ],
3022 silly audit   '@prisma/cli-engine': [ '0.3.0' ],
3022 silly audit   '@prisma/management-api-sdk': [ '1.69.0' ],
3022 silly audit   '@prisma/composer-cli': [ '0.16.0' ],
3022 silly audit   '@prisma/compute-sdk': [ '0.42.0' ],
3022 silly audit   '@prisma/orm-toolchain': [ '8.0.0-rc.8' ],
3022 silly audit   '@vercel/detect-agent': [ '1.2.5' ],
3022 silly audit   'better-result': [ '2.10.0' ],
3022 silly audit   dotenv: [ '17.4.2' ],
3022 silly audit   execa: [ '9.6.1' ],
3022 silly audit   open: [ '11.0.1' ],
3022 silly audit   jju: [ '1.4.0' ],
3022 silly audit   yaml: [ '2.9.0' ],
3022 silly audit   '@clack/prompts': [ '1.5.0', '1.7.0' ],
3022 silly audit   '@stricli/core': [ '1.3.0' ],
3022 silly audit   c12: [ '3.3.4' ],
3022 silly audit   colorette: [ '2.0.20' ],
3022 silly audit   'package-manager-detector': [ '1.8.0' ],
3022 silly audit   'string-width': [ '8.2.2', '7.2.0' ],
3022 silly audit   '@clack/core': [ '1.4.0', '1.4.3' ],
3022 silly audit   'fast-string-width': [ '3.0.2' ],
3022 silly audit   'fast-wrap-ansi': [ '0.2.2' ],
3022 silly audit   sisteransi: [ '1.0.5' ],
3022 silly audit   '@prisma/composer': [ '0.16.0' ],
3022 silly audit   alchemy: [ '2.0.0-beta.74' ],
3022 silly audit   effect: [ '4.0.0-rc.112' ],
3022 silly audit   esbuild: [ '0.28.2' ],
3022 silly audit   '@effect/sql-d1': [ '4.0.0-rc.112' ],
3022 silly audit   '@effect/sql-sqlite-do': [ '4.0.0-rc.112' ],
3022 silly audit   '@standard-schema/spec': [ '1.1.0' ],
3022 silly audit   arktype: [ '2.2.3' ],
3022 silly audit   '@cloudflare/workers-types': [ '5.20260827.1' ],
3022 silly audit   '@vercel/nft': [ '1.11.0' ],
3022 silly audit   magicast: [ '0.5.4' ],
3022 silly audit   'tar-stream': [ '3.2.1' ],
3022 silly audit   'tiny-invariant': [ '1.3.3' ],
3022 silly audit   ws: [ '8.21.3' ],
3022 silly audit   'openapi-fetch': [ '0.14.0' ],
3022 silly audit   '@prisma/orm-framework': [ '8.0.0-rc.8' ],
3022 silly audit   'ci-info': [ '4.4.0' ],
3022 silly audit   clipanion: [ '4.0.0-rc.4' ],
3022 silly audit   'closest-match': [ '1.3.3' ],
3022 silly audit   'jsonc-parser': [ '3.3.1' ],
3022 silly audit   pathe: [ '2.0.3' ],
3022 silly audit   prettier: [ '3.9.6' ],
3022 silly audit   'strip-ansi': [ '7.2.0' ],
3022 silly audit   'vscode-languageserver': [ '10.1.0' ],
3022 silly audit   'vscode-languageserver-textdocument': [ '1.0.12' ],
3022 silly audit   'wrap-ansi': [ '10.0.1', '9.0.2' ],
3022 silly audit   uniku: [ '0.5.0' ],
3022 silly audit   '@mapbox/node-pre-gyp': [ '2.0.3' ],
3022 silly audit   '@rollup/pluginutils': [ '5.4.0' ],
3022 silly audit   'acorn-import-attributes': [ '1.9.5' ],
3022 silly audit   'async-sema': [ '3.1.1' ],
3022 silly audit   bindings: [ '1.5.0' ],
3022 silly audit   'estree-walker': [ '2.0.2', '3.0.3' ],
3022 silly audit   glob: [ '13.0.6' ],
3022 silly audit   'node-gyp-build': [ '4.8.4' ],
3022 silly audit   consola: [ '3.4.2' ],
3022 silly audit   'https-proxy-agent': [ '7.0.6' ],
3022 silly audit   'node-fetch': [ '2.7.0' ],
3022 silly audit   nopt: [ '8.1.0' ],
3022 silly audit   tar: [ '7.5.22' ],
3022 silly audit   '@alchemy.run/cloudflare-runtime': [ '2.0.0-beta.74' ],
3022 silly audit   '@distilled.cloud/cloudflare': [ '1.0.0-rc.6' ],
3022 silly audit   '@alchemy.run/floci': [ '2.0.0-beta.74' ],
3022 silly audit   '@alchemy.run/node-utils': [ '2.0.0-beta.74' ],
3022 silly audit   '@aws-sdk/credential-providers': [ '3.1119.0' ],
3022 silly audit   '@distilled.cloud/aws': [ '1.0.0-rc.6' ],
3022 silly audit   '@distilled.cloud/axiom': [ '1.0.0-rc.6' ],
3022 silly audit   '@distilled.cloud/core': [ '1.0.0-rc.6' ],
3022 silly audit   '@distilled.cloud/fly-io': [ '1.0.0-rc.6' ],
3022 silly audit   '@distilled.cloud/hetzner': [ '1.0.0-rc.6' ],
3022 silly audit   '@distilled.cloud/neon': [ '1.0.0-rc.6' ],
3022 silly audit   '@distilled.cloud/planetscale': [ '1.0.0-rc.6' ],
3022 silly audit   '@effect/vitest': [ '4.0.0-rc.112' ],
3022 silly audit   vitest: [ '4.1.11' ],
3022 silly audit   '@libsql/client': [ '0.17.4' ],
3022 silly audit   '@octokit/rest': [ '22.0.1' ],
3022 silly audit   '@octokit/webhooks': [ '14.2.0' ],
3022 silly audit   '@prisma/dev': [ '0.20.0' ],
3022 silly audit   '@smithy/node-config-provider': [ '4.6.2' ],
3022 silly audit   '@smithy/shared-ini-file-loader': [ '4.7.2' ],
3022 silly audit   '@smithy/types': [ '4.17.2' ],
3022 silly audit   '@types/aws-lambda': [ '8.10.162' ],
3022 silly audit   aws4fetch: [ '1.0.20' ],
3022 silly audit   capnweb: [ '0.6.1' ],
3022 silly audit   'fast-xml-parser': [ '5.11.1' ],
3022 silly audit   ink: [ '6.8.0' ],
3022 silly audit   jszip: [ '3.10.1' ],
3022 silly audit   'libsodium-wrappers': [ '0.8.4' ],
3022 silly audit   rolldown: [ '1.1.5', '1.2.6' ],
3022 silly audit   undici: [ '7.29.0' ],
3022 silly audit   '@cloudflare/unenv-preset': [ '2.16.1' ],
3022 silly audit   unenv: [ '2.0.0-rc.24' ],
3022 silly audit   '@puppeteer/browsers': [ '3.2.1' ],
3022 silly audit   'capnp-es': [ '0.0.14' ],
3022 silly audit   workerd: [ '1.20260704.1' ],
3022 silly audit   yauzl: [ '3.4.0' ],
3022 silly audit   '@aws-sdk/core': [ '3.977.9' ],
3022 silly audit   '@aws-sdk/credential-provider-cognito-identity': [ '3.972.69' ],
3022 silly audit   '@aws-sdk/credential-provider-env': [ '3.972.70' ],
3022 silly audit   '@aws-sdk/credential-provider-http': [ '3.972.72' ],
3022 silly audit   '@aws-sdk/credential-provider-ini': [ '3.973.15' ],
3022 silly audit   '@aws-sdk/credential-provider-login': [ '3.972.77' ],
3022 silly audit   '@aws-sdk/credential-provider-node': [ '3.972.81' ],
3022 silly audit   '@aws-sdk/credential-provider-process': [ '3.972.70' ],
3022 silly audit   '@aws-sdk/credential-provider-sso': [ '3.973.14' ],
3022 silly audit   '@aws-sdk/credential-provider-web-identity': [ '3.972.76' ],
3022 silly audit   '@aws-sdk/nested-clients': [ '3.997.44' ],
3022 silly audit   '@aws-sdk/types': [ '3.974.5' ],
3022 silly audit   '@smithy/core': [ '3.33.3' ],
3022 silly audit   '@smithy/credential-provider-imds': [ '4.5.2' ],
3022 silly audit   '@aws-sdk/xml-builder': [ '3.972.40' ],
3022 silly audit   '@aws/lambda-invoke-store': [ '0.3.0' ],
3022 silly audit   '@smithy/signature-v4': [ '5.7.3' ],
3022 silly audit   bowser: [ '2.14.1' ],
3022 silly audit   '@smithy/fetch-http-handler': [ '5.7.2' ],
3022 silly audit   '@smithy/node-http-handler': [ '4.11.3' ],
3022 silly audit   '@aws-sdk/token-providers': [ '3.1116.0' ],
3022 silly audit   '@aws-sdk/signature-v4-multi-region': [ '3.996.46' ],
3022 silly audit   '@aws-crypto/crc32': [ '5.2.0' ],
3022 silly audit   '@aws-crypto/util': [ '5.2.0' ],
3022 silly audit   '@smithy/util-base64': [ '4.6.2' ],
3022 silly audit   '@smithy/util-utf8': [ '2.3.0' ],
3022 silly audit   '@libsql/core': [ '0.17.4' ],
3022 silly audit   '@libsql/hrana-client': [ '0.10.0' ],
3022 silly audit   'js-base64': [ '3.9.3' ],
3022 silly audit   libsql: [ '0.5.29' ],
3022 silly audit   'promise-limit': [ '2.7.0' ],
3022 silly audit   '@libsql/isomorphic-ws': [ '0.1.5' ],
3022 silly audit   '@types/ws': [ '8.18.1' ],
3022 silly audit   '@octokit/core': [ '7.0.7' ],
3022 silly audit   '@octokit/plugin-paginate-rest': [ '14.0.0' ],
3022 silly audit   '@octokit/plugin-request-log': [ '6.0.0' ],
3022 silly audit   '@octokit/plugin-rest-endpoint-methods': [ '17.0.0' ],
3022 silly audit   '@octokit/auth-token': [ '6.0.0' ],
3022 silly audit   '@octokit/graphql': [ '9.0.4' ],
3022 silly audit   '@octokit/request': [ '10.0.15' ],
3022 silly audit   '@octokit/request-error': [ '7.1.1' ],
3022 silly audit   '@octokit/types': [ '17.0.0', '16.0.0' ],
3022 silly audit   'before-after-hook': [ '4.0.0' ],
3022 silly audit   'universal-user-agent': [ '7.0.3' ],
3022 silly audit   '@octokit/endpoint': [ '11.0.4' ],
3022 silly audit   'content-type': [ '3.0.0' ],
3022 silly audit   'json-with-bigint': [ '3.5.12' ],
3022 silly audit   '@octokit/openapi-types': [ '28.0.0', '27.0.0' ],
3022 silly audit   '@octokit/openapi-webhooks-types': [ '12.1.0' ],
3022 silly audit   '@octokit/webhooks-methods': [ '6.0.0' ],
3022 silly audit   '@electric-sql/pglite': [ '0.3.15' ],
3022 silly audit   '@electric-sql/pglite-socket': [ '0.0.20' ],
3022 silly audit   '@electric-sql/pglite-tools': [ '0.2.20' ],
3022 silly audit   '@hono/node-server': [ '1.19.9' ],
3022 silly audit   hono: [ '4.11.4' ],
3022 silly audit   '@mrleebo/prisma-ast': [ '0.13.1' ],
3022 silly audit   '@prisma/get-platform': [ '7.2.0' ],
3022 silly audit   '@prisma/query-plan-executor': [ '7.2.0' ],
3022 silly audit   'foreground-child': [ '3.3.1' ],
3022 silly audit   'get-port-please': [ '3.2.0' ],
3022 silly audit   'http-status-codes': [ '2.3.0' ],
3022 silly audit   'proper-lockfile': [ '4.1.2' ],
3022 silly audit   remeda: [ '2.33.4' ],
3022 silly audit   'std-env': [ '3.10.0', '4.2.0' ],
3022 silly audit   valibot: [ '1.2.0' ],
3022 silly audit   zeptomatch: [ '2.1.0' ],
3022 silly audit   chevrotain: [ '10.5.0' ],
3022 silly audit   lilconfig: [ '2.1.0' ],
3022 silly audit   '@prisma/debug': [ '7.2.0' ],
3022 silly audit   'modern-tar': [ '0.8.4' ],
3022 silly audit   yargs: [ '18.1.0' ],
3022 silly audit   '@smithy/util-buffer-from': [ '2.2.0' ],
3022 silly audit   '@smithy/is-array-buffer': [ '2.2.0' ],
3022 silly audit   '@ark/schema': [ '0.56.2' ],
3022 silly audit   '@ark/util': [ '0.56.2' ],
3022 silly audit   arkregex: [ '0.0.8' ],
3022 silly audit   'file-uri-to-path': [ '1.0.0' ],
3022 silly audit   chokidar: [ '5.0.0' ],
3022 silly audit   confbox: [ '0.2.4' ],
3022 silly audit   defu: [ '6.1.7' ],
3022 silly audit   exsolve: [ '1.1.1' ],
3022 silly audit   giget: [ '3.3.1' ],
3022 silly audit   ohash: [ '2.0.12' ],
3022 silly audit   'perfect-debounce': [ '2.1.0' ],
3022 silly audit   'pkg-types': [ '2.3.1' ],
3022 silly audit   rc9: [ '3.0.1' ],
3022 silly audit   '@chevrotain/cst-dts-gen': [ '10.5.0' ],
3022 silly audit   '@chevrotain/gast': [ '10.5.0' ],
3022 silly audit   '@chevrotain/types': [ '10.5.0' ],
3022 silly audit   '@chevrotain/utils': [ '10.5.0' ],
3022 silly audit   lodash: [ '4.17.21' ],
3022 silly audit   'regexp-to-ast': [ '0.5.0' ],
3022 silly audit   readdirp: [ '5.1.1' ],
3022 silly audit   typanion: [ '3.14.0' ],
3022 silly audit   'fast-check': [ '4.9.0' ],
3022 silly audit   msgpackr: [ '2.0.6' ],
3022 silly audit   '@esbuild/aix-ppc64': [ '0.28.2' ],
3022 silly audit   '@esbuild/android-arm': [ '0.28.2' ],
3022 silly audit   '@esbuild/android-arm64': [ '0.28.2' ],
3022 silly audit   '@esbuild/android-x64': [ '0.28.2' ],
3022 silly audit   '@esbuild/darwin-arm64': [ '0.28.2' ],
3022 silly audit   '@esbuild/darwin-x64': [ '0.28.2' ],
3022 silly audit   '@esbuild/freebsd-arm64': [ '0.28.2' ],
3022 silly audit   '@esbuild/freebsd-x64': [ '0.28.2' ],
3022 silly audit   '@esbuild/linux-arm': [ '0.28.2' ],
3022 silly audit   '@esbuild/linux-arm64': [ '0.28.2' ],
3022 silly audit   '@esbuild/linux-ia32': [ '0.28.2' ],
3022 silly audit   '@esbuild/linux-loong64': [ '0.28.2' ],
3022 silly audit   '@esbuild/linux-mips64el': [ '0.28.2' ],
3022 silly audit   '@esbuild/linux-ppc64': [ '0.28.2' ],
3022 silly audit   '@esbuild/linux-riscv64': [ '0.28.2' ],
3022 silly audit   '@esbuild/linux-s390x': [ '0.28.2' ],
3022 silly audit   '@esbuild/linux-x64': [ '0.28.2' ],
3022 silly audit   '@esbuild/netbsd-arm64': [ '0.28.2' ],
3022 silly audit   '@esbuild/netbsd-x64': [ '0.28.2' ],
3022 silly audit   '@esbuild/openbsd-arm64': [ '0.28.2' ],
3022 silly audit   '@esbuild/openbsd-x64': [ '0.28.2' ],
3022 silly audit   '@esbuild/openharmony-arm64': [ '0.28.2' ],
3022 silly audit   '@esbuild/sunos-x64': [ '0.28.2' ],
3022 silly audit   '@esbuild/win32-arm64': [ '0.28.2' ],
3022 silly audit   '@esbuild/win32-ia32': [ '0.28.2' ],
3022 silly audit   '@esbuild/win32-x64': [ '0.28.2' ],
3022 silly audit   '@sindresorhus/merge-streams': [ '4.0.0' ],
3022 silly audit   figures: [ '6.1.0' ],
3022 silly audit   'get-stream': [ '9.0.1' ],
3022 silly audit   'human-signals': [ '8.0.1' ],
3022 silly audit   'is-plain-obj': [ '4.1.0' ],
3022 silly audit   'is-stream': [ '4.0.1' ],
3022 silly audit   'npm-run-path': [ '6.0.0' ],
3022 silly audit   'pretty-ms': [ '9.3.0' ],
3022 silly audit   'signal-exit': [ '4.1.0', '3.0.7' ],
3022 silly audit   'strip-final-newline': [ '4.0.0' ],
3022 silly audit   yoctocolors: [ '2.2.0' ],
3022 silly audit   'pure-rand': [ '8.4.2' ],
3022 silly audit   'fast-string-truncated-width': [ '3.0.3' ],
3022 silly audit   '@nodable/entities': [ '3.0.0' ],
3022 silly audit   'fast-xml-builder': [ '1.3.1' ],
3022 silly audit   'is-unsafe': [ '2.0.2' ],
3022 silly audit   'path-expression-matcher': [ '1.6.2' ],
3022 silly audit   strnum: [ '2.4.2' ],
3022 silly audit   'xml-naming': [ '0.3.0' ],
3022 silly audit   'is-unicode-supported': [ '2.1.0' ],
3022 silly audit   '@sec-ant/readable-stream': [ '0.4.1' ],
3022 silly audit   minipass: [ '7.1.3' ],
3022 silly audit   'path-scurry': [ '2.0.2' ],
3022 silly audit   'agent-base': [ '7.1.4' ],
3022 silly audit   '@alcalzone/ansi-tokenize': [ '0.2.5' ],
3022 silly audit   'ansi-escapes': [ '7.3.0' ],
3022 silly audit   'auto-bind': [ '5.0.1' ],
3022 silly audit   'cli-boxes': [ '3.0.0' ],
3022 silly audit   'cli-cursor': [ '4.0.0' ],
3022 silly audit   'cli-truncate': [ '5.2.0' ],
3022 silly audit   'code-excerpt': [ '4.0.0' ],
3022 silly audit   'es-toolkit': [ '1.51.0' ],
3022 silly audit   'indent-string': [ '5.0.0' ],
3022 silly audit   'is-in-ci': [ '2.0.0' ],
3022 silly audit   'patch-console': [ '2.0.0' ],
3022 silly audit   'react-reconciler': [ '0.33.0' ],
3022 silly audit   'slice-ansi': [ '8.0.0' ],
3022 silly audit   'stack-utils': [ '2.0.6' ],
3022 silly audit   'terminal-size': [ '4.0.1' ],
3022 silly audit   'type-fest': [ '5.8.0' ],
3022 silly audit   'widest-line': [ '6.0.0' ],
3022 silly audit   'yoga-layout': [ '3.2.1' ],
3022 silly audit   'is-fullwidth-code-point': [ '5.1.0' ],
3022 silly audit   environment: [ '1.1.0' ],
3022 silly audit   'restore-cursor': [ '4.0.0' ],
3022 silly audit   'convert-to-spaces': [ '2.0.1' ],
3022 silly audit   'get-east-asian-width': [ '1.6.0' ],
3022 silly audit   lie: [ '3.3.0' ],
3022 silly audit   pako: [ '1.0.11' ],
3022 silly audit   'readable-stream': [ '2.3.8' ],
3022 silly audit   setimmediate: [ '1.0.5' ],
3022 silly audit   libsodium: [ '0.8.4' ],
3022 silly audit   '@libsql/darwin-arm64': [ '0.5.29' ],
3022 silly audit   '@libsql/darwin-x64': [ '0.5.29' ],
3022 silly audit   '@libsql/linux-arm-gnueabihf': [ '0.5.29' ],
3022 silly audit   '@libsql/linux-arm-musleabihf': [ '0.5.29' ],
3022 silly audit   '@libsql/linux-arm64-gnu': [ '0.5.29' ],
3022 silly audit   '@libsql/linux-arm64-musl': [ '0.5.29' ],
3022 silly audit   '@libsql/linux-x64-gnu': [ '0.5.29' ],
3022 silly audit   '@libsql/linux-x64-musl': [ '0.5.29' ],
3022 silly audit   '@libsql/win32-x64-msvc': [ '0.5.29' ],
3022 silly audit   '@neon-rs/load': [ '0.0.4' ],
3022 silly audit   immediate: [ '3.0.6' ],
3022 silly audit   'msgpackr-extract': [ '3.0.4' ],
3022 silly audit   '@msgpackr-extract/msgpackr-extract-darwin-arm64': [ '3.0.4' ],
3022 silly audit   '@msgpackr-extract/msgpackr-extract-darwin-x64': [ '3.0.4' ],
3022 silly audit   '@msgpackr-extract/msgpackr-extract-linux-arm': [ '3.0.4' ],
3022 silly audit   '@msgpackr-extract/msgpackr-extract-linux-arm64': [ '3.0.4' ],
3022 silly audit   '@msgpackr-extract/msgpackr-extract-linux-x64': [ '3.0.4' ],
3022 silly audit   '@msgpackr-extract/msgpackr-extract-win32-x64': [ '3.0.4' ],
3022 silly audit   'node-gyp-build-optional-packages': [ '5.2.2' ],
3022 silly audit   'whatwg-url': [ '5.0.0' ],
3022 silly audit   abbrev: [ '3.0.1' ],
3022 silly audit   'unicorn-magic': [ '0.3.0' ],
3022 silly audit   'default-browser': [ '5.5.1' ],
3022 silly audit   'define-lazy-prop': [ '3.0.0' ],
3022 silly audit   'is-in-ssh': [ '1.0.0' ],
3022 silly audit   'is-inside-container': [ '1.0.0' ],
3022 silly audit   'powershell-utils': [ '0.2.0', '0.1.0' ],
3022 silly audit   'wsl-utils': [ '1.0.0' ],
3022 silly audit   'bundle-name': [ '4.1.0' ],
3022 silly audit   'default-browser-id': [ '5.0.1' ],
3022 silly audit   'run-applescript': [ '7.1.0' ],
3022 silly audit   'is-docker': [ '3.0.0' ],
3022 silly audit   'openapi-typescript-helpers': [ '0.0.15' ],
3022 silly audit   'parse-ms': [ '4.0.0' ],
3022 silly audit   retry: [ '0.12.0' ],
3022 silly audit   destr: [ '2.0.5' ],
3022 silly audit   'core-util-is': [ '1.0.3' ],
3022 silly audit   inherits: [ '2.0.4' ],
3022 silly audit   'process-nextick-args': [ '2.0.1' ],
3022 silly audit   'safe-buffer': [ '5.1.2' ],
3022 silly audit   string_decoder: [ '1.1.1' ],
3022 silly audit   'util-deprecate': [ '1.0.2' ],
3022 silly audit   onetime: [ '5.1.2' ],
3022 silly audit   'mimic-fn': [ '2.1.0' ],
3022 silly audit   '@oxc-project/types': [ '0.139.0', '0.147.0' ],
3022 silly audit   '@rolldown/binding-android-arm64': [ '1.1.5', '1.2.6' ],
3022 silly audit   '@rolldown/binding-darwin-arm64': [ '1.1.5', '1.2.6' ],
3022 silly audit   '@rolldown/binding-darwin-x64': [ '1.1.5', '1.2.6' ],
3022 silly audit   '@rolldown/binding-freebsd-x64': [ '1.1.5', '1.2.6' ],
3022 silly audit   '@rolldown/binding-linux-arm-gnueabihf': [ '1.1.5', '1.2.6' ],
3022 silly audit   '@rolldown/binding-linux-arm64-gnu': [ '1.1.5', '1.2.6' ],
3022 silly audit   '@rolldown/binding-linux-arm64-musl': [ '1.1.5', '1.2.6' ],
3022 silly audit   '@rolldown/binding-linux-ppc64-gnu': [ '1.1.5', '1.2.6' ],
3022 silly audit   '@rolldown/binding-linux-s390x-gnu': [ '1.1.5', '1.2.6' ],
3022 silly audit   '@rolldown/binding-linux-x64-gnu': [ '1.1.5', '1.2.6' ],
3022 silly audit   '@rolldown/binding-linux-x64-musl': [ '1.1.5', '1.2.6' ],
3022 silly audit   '@rolldown/binding-openharmony-arm64': [ '1.1.5', '1.2.6' ],
3022 silly audit   '@rolldown/binding-wasm32-wasi': [ '1.1.5' ],
3022 silly audit   '@rolldown/binding-win32-arm64-msvc': [ '1.1.5', '1.2.6' ],
3022 silly audit   '@rolldown/binding-win32-x64-msvc': [ '1.1.5', '1.2.6' ],
3022 silly audit   '@rolldown/pluginutils': [ '1.0.1' ],
3022 silly audit   'ansi-regex': [ '6.3.0' ],
3022 silly audit   anynum: [ '1.0.1' ],
3022 silly audit   '@isaacs/fs-minipass': [ '4.0.1' ],
3022 silly audit   chownr: [ '3.0.0' ],
3022 silly audit   minizlib: [ '3.1.0' ],
3022 silly audit   b4a: [ '1.8.1' ],
3022 silly audit   'bare-fs': [ '4.8.1' ],
3022 silly audit   'fast-fifo': [ '1.3.2' ],
3022 silly audit   streamx: [ '2.28.1' ],
3022 silly audit   'bare-events': [ '2.9.2' ],
3022 silly audit   'bare-path': [ '3.1.1' ],
3022 silly audit   'bare-stream': [ '2.13.4' ],
3022 silly audit   'bare-url': [ '2.5.2' ],
3022 silly audit   teex: [ '1.0.1' ],
3022 silly audit   'events-universal': [ '1.0.1' ],
3022 silly audit   'text-decoder': [ '1.2.7' ],
3022 silly audit   'tagged-tag': [ '1.0.0' ],
3022 silly audit   '@noble/hashes': [ '2.3.0' ],
3022 silly audit   '@vitest/expect': [ '4.1.11' ],
3022 silly audit   '@vitest/mocker': [ '4.1.11' ],
3022 silly audit   '@vitest/pretty-format': [ '4.1.11' ],
3022 silly audit   '@vitest/runner': [ '4.1.11' ],
3022 silly audit   '@vitest/snapshot': [ '4.1.11' ],
3022 silly audit   '@vitest/spy': [ '4.1.11' ],
3022 silly audit   '@vitest/utils': [ '4.1.11' ],
3022 silly audit   'es-module-lexer': [ '2.3.2' ],
3022 silly audit   'expect-type': [ '1.4.0' ],
3022 silly audit   obug: [ '2.1.4' ],
3022 silly audit   tinybench: [ '2.9.0' ],
3022 silly audit   tinyexec: [ '1.3.0' ],
3022 silly audit   tinyrainbow: [ '3.1.1' ],
3022 silly audit   vite: [ '8.2.2' ],
3022 silly audit   'why-is-node-running': [ '2.3.0' ],
3022 silly audit   '@types/chai': [ '5.2.3' ],
3022 silly audit   chai: [ '6.2.2' ],
3022 silly audit   '@types/deep-eql': [ '4.0.2' ],
3022 silly audit   'assertion-error': [ '2.0.1' ],
3022 silly audit   fsevents: [ '2.3.3' ],
3022 silly audit   'vscode-languageserver-protocol': [ '3.18.2' ],
3022 silly audit   'vscode-jsonrpc': [ '9.0.1' ],
3022 silly audit   'vscode-languageserver-types': [ '3.18.0' ],
3022 silly audit   tr46: [ '0.0.3' ],
3022 silly audit   'webidl-conversions': [ '3.0.1' ],
3022 silly audit   siginfo: [ '2.0.0' ],
3022 silly audit   stackback: [ '0.0.2' ],
3022 silly audit   '@cloudflare/workerd-darwin-64': [ '1.20260704.1' ],
3022 silly audit   '@cloudflare/workerd-darwin-arm64': [ '1.20260704.1' ],
3022 silly audit   '@cloudflare/workerd-linux-64': [ '1.20260704.1' ],
3022 silly audit   '@cloudflare/workerd-linux-arm64': [ '1.20260704.1' ],
3022 silly audit   '@cloudflare/workerd-windows-64': [ '1.20260704.1' ],
3022 silly audit   'is-wsl': [ '3.1.1' ],
3022 silly audit   cliui: [ '9.0.1' ],
3022 silly audit   'get-caller-file': [ '2.0.5' ],
3022 silly audit   y18n: [ '5.0.8' ],
3022 silly audit   'yargs-parser': [ '22.0.0' ],
3022 silly audit   pend: [ '1.2.0' ],
3022 silly audit   grammex: [ '3.1.13' ],
3022 silly audit   graphmatch: [ '1.1.1' ],
3022 silly audit   '@rolldown/binding-android-arm-eabi': [ '1.2.6' ]
3022 silly audit }
3023 http cache graphmatch@https://registry.npmjs.org/graphmatch/-/graphmatch-1.1.1.tgz 0ms (cache hit)
3024 http cache grammex@https://registry.npmjs.org/grammex/-/grammex-3.1.13.tgz 0ms (cache hit)
3025 http cache pend@https://registry.npmjs.org/pend/-/pend-1.2.0.tgz 0ms (cache hit)
3026 http cache yargs-parser@https://registry.npmjs.org/yargs-parser/-/yargs-parser-22.0.0.tgz 0ms (cache hit)
3027 http cache y18n@https://registry.npmjs.org/y18n/-/y18n-5.0.8.tgz 0ms (cache hit)
3028 http cache get-caller-file@https://registry.npmjs.org/get-caller-file/-/get-caller-file-2.0.5.tgz 0ms (cache hit)
3029 http cache cliui@https://registry.npmjs.org/cliui/-/cliui-9.0.1.tgz 0ms (cache hit)
3030 http cache is-wsl@https://registry.npmjs.org/is-wsl/-/is-wsl-3.1.1.tgz 0ms (cache hit)
3031 http cache @cloudflare/workerd-windows-64@https://registry.npmjs.org/@cloudflare/workerd-windows-64/-/workerd-windows-64-1.20260704.1.tgz 0ms (cache hit)
3032 http cache siginfo@https://registry.npmjs.org/siginfo/-/siginfo-2.0.0.tgz 0ms (cache hit)
3033 http cache stackback@https://registry.npmjs.org/stackback/-/stackback-0.0.2.tgz 0ms (cache hit)
3034 http cache webidl-conversions@https://registry.npmjs.org/webidl-conversions/-/webidl-conversions-3.0.1.tgz 0ms (cache hit)
3035 http cache tr46@https://registry.npmjs.org/tr46/-/tr46-0.0.3.tgz 0ms (cache hit)
3036 http cache vscode-languageserver-types@https://registry.npmjs.org/vscode-languageserver-types/-/vscode-languageserver-types-3.18.0.tgz 0ms (cache hit)
3037 http cache vscode-jsonrpc@https://registry.npmjs.org/vscode-jsonrpc/-/vscode-jsonrpc-9.0.1.tgz 0ms (cache hit)
3038 http cache vscode-languageserver-protocol@https://registry.npmjs.org/vscode-languageserver-protocol/-/vscode-languageserver-protocol-3.18.2.tgz 0ms (cache hit)
3039 http cache assertion-error@https://registry.npmjs.org/assertion-error/-/assertion-error-2.0.1.tgz 0ms (cache hit)
3040 http cache @types/deep-eql@https://registry.npmjs.org/@types/deep-eql/-/deep-eql-4.0.2.tgz 0ms (cache hit)
3041 http cache chai@https://registry.npmjs.org/chai/-/chai-6.2.2.tgz 0ms (cache hit)
3042 http cache @types/chai@https://registry.npmjs.org/@types/chai/-/chai-5.2.3.tgz 0ms (cache hit)
3043 http cache why-is-node-running@https://registry.npmjs.org/why-is-node-running/-/why-is-node-running-2.3.0.tgz 0ms (cache hit)
3044 http cache vite@https://registry.npmjs.org/vite/-/vite-8.2.2.tgz 0ms (cache hit)
3045 http cache tinyrainbow@https://registry.npmjs.org/tinyrainbow/-/tinyrainbow-3.1.1.tgz 0ms (cache hit)
3046 http cache tinyexec@https://registry.npmjs.org/tinyexec/-/tinyexec-1.3.0.tgz 0ms (cache hit)
3047 http cache tinybench@https://registry.npmjs.org/tinybench/-/tinybench-2.9.0.tgz 0ms (cache hit)
3048 http cache obug@https://registry.npmjs.org/obug/-/obug-2.1.4.tgz 0ms (cache hit)
3049 http cache expect-type@https://registry.npmjs.org/expect-type/-/expect-type-1.4.0.tgz 0ms (cache hit)
3050 http cache es-module-lexer@https://registry.npmjs.org/es-module-lexer/-/es-module-lexer-2.3.2.tgz 0ms (cache hit)
3051 http cache @vitest/utils@https://registry.npmjs.org/@vitest/utils/-/utils-4.1.11.tgz 0ms (cache hit)
3052 http cache @vitest/snapshot@https://registry.npmjs.org/@vitest/snapshot/-/snapshot-4.1.11.tgz 0ms (cache hit)
3053 http cache @vitest/spy@https://registry.npmjs.org/@vitest/spy/-/spy-4.1.11.tgz 0ms (cache hit)
3054 http cache @vitest/runner@https://registry.npmjs.org/@vitest/runner/-/runner-4.1.11.tgz 0ms (cache hit)
3055 http cache @vitest/pretty-format@https://registry.npmjs.org/@vitest/pretty-format/-/pretty-format-4.1.11.tgz 0ms (cache hit)
3056 http cache @vitest/mocker@https://registry.npmjs.org/@vitest/mocker/-/mocker-4.1.11.tgz 0ms (cache hit)
3057 http cache @vitest/expect@https://registry.npmjs.org/@vitest/expect/-/expect-4.1.11.tgz 0ms (cache hit)
3058 http cache tagged-tag@https://registry.npmjs.org/tagged-tag/-/tagged-tag-1.0.0.tgz 0ms (cache hit)
3059 http cache @noble/hashes@https://registry.npmjs.org/@noble/hashes/-/hashes-2.3.0.tgz 0ms (cache hit)
3060 http cache text-decoder@https://registry.npmjs.org/text-decoder/-/text-decoder-1.2.7.tgz 0ms (cache hit)
3061 http cache events-universal@https://registry.npmjs.org/events-universal/-/events-universal-1.0.1.tgz 0ms (cache hit)
3062 http cache teex@https://registry.npmjs.org/teex/-/teex-1.0.1.tgz 0ms (cache hit)
3063 http cache bare-url@https://registry.npmjs.org/bare-url/-/bare-url-2.5.2.tgz 0ms (cache hit)
3064 http cache bare-stream@https://registry.npmjs.org/bare-stream/-/bare-stream-2.13.4.tgz 1ms (cache hit)
3065 http cache bare-events@https://registry.npmjs.org/bare-events/-/bare-events-2.9.2.tgz 0ms (cache hit)
3066 http cache streamx@https://registry.npmjs.org/streamx/-/streamx-2.28.1.tgz 0ms (cache hit)
3067 http cache fast-fifo@https://registry.npmjs.org/fast-fifo/-/fast-fifo-1.3.2.tgz 1ms (cache hit)
3068 http cache bare-fs@https://registry.npmjs.org/bare-fs/-/bare-fs-4.8.1.tgz 0ms (cache hit)
3069 http cache b4a@https://registry.npmjs.org/b4a/-/b4a-1.8.1.tgz 0ms (cache hit)
3070 http cache minizlib@https://registry.npmjs.org/minizlib/-/minizlib-3.1.0.tgz 0ms (cache hit)
3071 http cache chownr@https://registry.npmjs.org/chownr/-/chownr-3.0.0.tgz 0ms (cache hit)
3072 http cache @isaacs/fs-minipass@https://registry.npmjs.org/@isaacs/fs-minipass/-/fs-minipass-4.0.1.tgz 0ms (cache hit)
3073 http cache anynum@https://registry.npmjs.org/anynum/-/anynum-1.0.1.tgz 0ms (cache hit)
3074 http cache ansi-regex@https://registry.npmjs.org/ansi-regex/-/ansi-regex-6.3.0.tgz 0ms (cache hit)
3075 http cache @rolldown/pluginutils@https://registry.npmjs.org/@rolldown/pluginutils/-/pluginutils-1.0.1.tgz 0ms (cache hit)
3076 http cache @rolldown/binding-win32-x64-msvc@https://registry.npmjs.org/@rolldown/binding-win32-x64-msvc/-/binding-win32-x64-msvc-1.1.5.tgz 0ms (cache hit)
3077 http cache @oxc-project/types@https://registry.npmjs.org/@oxc-project/types/-/types-0.139.0.tgz 0ms (cache hit)
3078 http cache mimic-fn@https://registry.npmjs.org/mimic-fn/-/mimic-fn-2.1.0.tgz 0ms (cache hit)
3079 http cache onetime@https://registry.npmjs.org/onetime/-/onetime-5.1.2.tgz 0ms (cache hit)
3080 http cache util-deprecate@https://registry.npmjs.org/util-deprecate/-/util-deprecate-1.0.2.tgz 0ms (cache hit)
3081 http cache string_decoder@https://registry.npmjs.org/string_decoder/-/string_decoder-1.1.1.tgz 0ms (cache hit)
3082 http cache process-nextick-args@https://registry.npmjs.org/process-nextick-args/-/process-nextick-args-2.0.1.tgz 0ms (cache hit)
3083 http cache safe-buffer@https://registry.npmjs.org/safe-buffer/-/safe-buffer-5.1.2.tgz 0ms (cache hit)
3084 http cache inherits@https://registry.npmjs.org/inherits/-/inherits-2.0.4.tgz 0ms (cache hit)
3085 http cache core-util-is@https://registry.npmjs.org/core-util-is/-/core-util-is-1.0.3.tgz 0ms (cache hit)
3086 http cache retry@https://registry.npmjs.org/retry/-/retry-0.12.0.tgz 0ms (cache hit)
3087 http cache destr@https://registry.npmjs.org/destr/-/destr-2.0.5.tgz 0ms (cache hit)
3088 http cache openapi-typescript-helpers@https://registry.npmjs.org/openapi-typescript-helpers/-/openapi-typescript-helpers-0.0.15.tgz 0ms (cache hit)
3089 http cache is-docker@https://registry.npmjs.org/is-docker/-/is-docker-3.0.0.tgz 0ms (cache hit)
3090 http cache run-applescript@https://registry.npmjs.org/run-applescript/-/run-applescript-7.1.0.tgz 0ms (cache hit)
3091 http cache default-browser-id@https://registry.npmjs.org/default-browser-id/-/default-browser-id-5.0.1.tgz 0ms (cache hit)
3092 http cache bundle-name@https://registry.npmjs.org/bundle-name/-/bundle-name-4.1.0.tgz 0ms (cache hit)
3093 http cache wsl-utils@https://registry.npmjs.org/wsl-utils/-/wsl-utils-1.0.0.tgz 0ms (cache hit)
3094 http cache powershell-utils@https://registry.npmjs.org/powershell-utils/-/powershell-utils-0.2.0.tgz 0ms (cache hit)
3095 http cache bare-path@https://registry.npmjs.org/bare-path/-/bare-path-3.1.1.tgz 0ms (cache hit)
3096 http cache is-inside-container@https://registry.npmjs.org/is-inside-container/-/is-inside-container-1.0.0.tgz 0ms (cache hit)
3097 http cache is-in-ssh@https://registry.npmjs.org/is-in-ssh/-/is-in-ssh-1.0.0.tgz 0ms (cache hit)
3098 http cache define-lazy-prop@https://registry.npmjs.org/define-lazy-prop/-/define-lazy-prop-3.0.0.tgz 0ms (cache hit)
3099 http cache default-browser@https://registry.npmjs.org/default-browser/-/default-browser-5.5.1.tgz 0ms (cache hit)
3100 http cache unicorn-magic@https://registry.npmjs.org/unicorn-magic/-/unicorn-magic-0.3.0.tgz 0ms (cache hit)
3101 http cache abbrev@https://registry.npmjs.org/abbrev/-/abbrev-3.0.1.tgz 0ms (cache hit)
3102 http cache whatwg-url@https://registry.npmjs.org/whatwg-url/-/whatwg-url-5.0.0.tgz 0ms (cache hit)
3103 http cache node-gyp-build-optional-packages@https://registry.npmjs.org/node-gyp-build-optional-packages/-/node-gyp-build-optional-packages-5.2.2.tgz 0ms (cache hit)
3104 http cache @msgpackr-extract/msgpackr-extract-win32-x64@https://registry.npmjs.org/@msgpackr-extract/msgpackr-extract-win32-x64/-/msgpackr-extract-win32-x64-3.0.4.tgz 0ms (cache hit)
3105 http cache msgpackr-extract@https://registry.npmjs.org/msgpackr-extract/-/msgpackr-extract-3.0.4.tgz 0ms (cache hit)
3106 http cache immediate@https://registry.npmjs.org/immediate/-/immediate-3.0.6.tgz 0ms (cache hit)
3107 http cache @neon-rs/load@https://registry.npmjs.org/@neon-rs/load/-/load-0.0.4.tgz 0ms (cache hit)
3108 http cache libsodium@https://registry.npmjs.org/libsodium/-/libsodium-0.8.4.tgz 0ms (cache hit)
3109 http cache setimmediate@https://registry.npmjs.org/setimmediate/-/setimmediate-1.0.5.tgz 0ms (cache hit)
3110 http cache readable-stream@https://registry.npmjs.org/readable-stream/-/readable-stream-2.3.8.tgz 0ms (cache hit)
3111 http cache pako@https://registry.npmjs.org/pako/-/pako-1.0.11.tgz 0ms (cache hit)
3112 http cache lie@https://registry.npmjs.org/lie/-/lie-3.3.0.tgz 0ms (cache hit)
3113 http cache get-east-asian-width@https://registry.npmjs.org/get-east-asian-width/-/get-east-asian-width-1.6.0.tgz 0ms (cache hit)
3114 http cache parse-ms@https://registry.npmjs.org/parse-ms/-/parse-ms-4.0.0.tgz 0ms (cache hit)
3115 http cache restore-cursor@https://registry.npmjs.org/restore-cursor/-/restore-cursor-4.0.0.tgz 0ms (cache hit)
3116 http cache environment@https://registry.npmjs.org/environment/-/environment-1.1.0.tgz 0ms (cache hit)
3117 http cache is-fullwidth-code-point@https://registry.npmjs.org/is-fullwidth-code-point/-/is-fullwidth-code-point-5.1.0.tgz 0ms (cache hit)
3118 http cache yoga-layout@https://registry.npmjs.org/yoga-layout/-/yoga-layout-3.2.1.tgz 0ms (cache hit)
3119 http cache widest-line@https://registry.npmjs.org/widest-line/-/widest-line-6.0.0.tgz 0ms (cache hit)
3120 http cache type-fest@https://registry.npmjs.org/type-fest/-/type-fest-5.8.0.tgz 0ms (cache hit)
3121 http cache terminal-size@https://registry.npmjs.org/terminal-size/-/terminal-size-4.0.1.tgz 0ms (cache hit)
3122 http cache slice-ansi@https://registry.npmjs.org/slice-ansi/-/slice-ansi-8.0.0.tgz 0ms (cache hit)
3123 http cache react-reconciler@https://registry.npmjs.org/react-reconciler/-/react-reconciler-0.33.0.tgz 0ms (cache hit)
3124 http cache patch-console@https://registry.npmjs.org/patch-console/-/patch-console-2.0.0.tgz 0ms (cache hit)
3125 http cache is-in-ci@https://registry.npmjs.org/is-in-ci/-/is-in-ci-2.0.0.tgz 0ms (cache hit)
3126 http cache indent-string@https://registry.npmjs.org/indent-string/-/indent-string-5.0.0.tgz 0ms (cache hit)
3127 http cache es-toolkit@https://registry.npmjs.org/es-toolkit/-/es-toolkit-1.51.0.tgz 0ms (cache hit)
3128 http cache code-excerpt@https://registry.npmjs.org/code-excerpt/-/code-excerpt-4.0.0.tgz 0ms (cache hit)
3129 http cache cli-truncate@https://registry.npmjs.org/cli-truncate/-/cli-truncate-5.2.0.tgz 0ms (cache hit)
3130 http cache cli-cursor@https://registry.npmjs.org/cli-cursor/-/cli-cursor-4.0.0.tgz 0ms (cache hit)
3131 http cache convert-to-spaces@https://registry.npmjs.org/convert-to-spaces/-/convert-to-spaces-2.0.1.tgz 0ms (cache hit)
3132 http cache stack-utils@https://registry.npmjs.org/stack-utils/-/stack-utils-2.0.6.tgz 0ms (cache hit)
3133 http cache @libsql/win32-x64-msvc@https://registry.npmjs.org/@libsql/win32-x64-msvc/-/win32-x64-msvc-0.5.29.tgz 0ms (cache hit)
3134 http cache ansi-escapes@https://registry.npmjs.org/ansi-escapes/-/ansi-escapes-7.3.0.tgz 0ms (cache hit)
3135 http cache @alcalzone/ansi-tokenize@https://registry.npmjs.org/@alcalzone/ansi-tokenize/-/ansi-tokenize-0.2.5.tgz 0ms (cache hit)
3136 http cache agent-base@https://registry.npmjs.org/agent-base/-/agent-base-7.1.4.tgz 0ms (cache hit)
3137 http cache minipass@https://registry.npmjs.org/minipass/-/minipass-7.1.3.tgz 0ms (cache hit)
3138 http cache path-scurry@https://registry.npmjs.org/path-scurry/-/path-scurry-2.0.2.tgz 0ms (cache hit)
3139 http cache @sec-ant/readable-stream@https://registry.npmjs.org/@sec-ant/readable-stream/-/readable-stream-0.4.1.tgz 0ms (cache hit)
3140 http cache is-unicode-supported@https://registry.npmjs.org/is-unicode-supported/-/is-unicode-supported-2.1.0.tgz 0ms (cache hit)
3141 http cache xml-naming@https://registry.npmjs.org/xml-naming/-/xml-naming-0.3.0.tgz 0ms (cache hit)
3142 http cache strnum@https://registry.npmjs.org/strnum/-/strnum-2.4.2.tgz 0ms (cache hit)
3143 http cache path-expression-matcher@https://registry.npmjs.org/path-expression-matcher/-/path-expression-matcher-1.6.2.tgz 0ms (cache hit)
3144 http cache is-unsafe@https://registry.npmjs.org/is-unsafe/-/is-unsafe-2.0.2.tgz 0ms (cache hit)
3145 http cache @nodable/entities@https://registry.npmjs.org/@nodable/entities/-/entities-3.0.0.tgz 0ms (cache hit)
3146 http cache auto-bind@https://registry.npmjs.org/auto-bind/-/auto-bind-5.0.1.tgz 0ms (cache hit)
3147 http cache fast-string-truncated-width@https://registry.npmjs.org/fast-string-truncated-width/-/fast-string-truncated-width-3.0.3.tgz 0ms (cache hit)
3148 http cache pure-rand@https://registry.npmjs.org/pure-rand/-/pure-rand-8.4.2.tgz 0ms (cache hit)
3149 http cache yoctocolors@https://registry.npmjs.org/yoctocolors/-/yoctocolors-2.2.0.tgz 0ms (cache hit)
3150 http cache strip-final-newline@https://registry.npmjs.org/strip-final-newline/-/strip-final-newline-4.0.0.tgz 0ms (cache hit)
3151 http cache signal-exit@https://registry.npmjs.org/signal-exit/-/signal-exit-4.1.0.tgz 0ms (cache hit)
3152 http cache pretty-ms@https://registry.npmjs.org/pretty-ms/-/pretty-ms-9.3.0.tgz 0ms (cache hit)
3153 http cache npm-run-path@https://registry.npmjs.org/npm-run-path/-/npm-run-path-6.0.0.tgz 0ms (cache hit)
3154 http cache is-plain-obj@https://registry.npmjs.org/is-plain-obj/-/is-plain-obj-4.1.0.tgz 0ms (cache hit)
3155 http cache human-signals@https://registry.npmjs.org/human-signals/-/human-signals-8.0.1.tgz 0ms (cache hit)
3156 http cache get-stream@https://registry.npmjs.org/get-stream/-/get-stream-9.0.1.tgz 0ms (cache hit)
3157 http cache figures@https://registry.npmjs.org/figures/-/figures-6.1.0.tgz 0ms (cache hit)
3158 http cache @sindresorhus/merge-streams@https://registry.npmjs.org/@sindresorhus/merge-streams/-/merge-streams-4.0.0.tgz 0ms (cache hit)
3159 http cache @esbuild/win32-x64@https://registry.npmjs.org/@esbuild/win32-x64/-/win32-x64-0.28.2.tgz 0ms (cache hit)
3160 http cache msgpackr@https://registry.npmjs.org/msgpackr/-/msgpackr-2.0.6.tgz 0ms (cache hit)
3161 http cache fast-check@https://registry.npmjs.org/fast-check/-/fast-check-4.9.0.tgz 0ms (cache hit)
3162 http cache typanion@https://registry.npmjs.org/typanion/-/typanion-3.14.0.tgz 0ms (cache hit)
3163 http cache readdirp@https://registry.npmjs.org/readdirp/-/readdirp-5.1.1.tgz 0ms (cache hit)
3164 http cache regexp-to-ast@https://registry.npmjs.org/regexp-to-ast/-/regexp-to-ast-0.5.0.tgz 0ms (cache hit)
3165 http cache lodash@https://registry.npmjs.org/lodash/-/lodash-4.17.21.tgz 0ms (cache hit)
3166 http cache @chevrotain/types@https://registry.npmjs.org/@chevrotain/types/-/types-10.5.0.tgz 0ms (cache hit)
3167 http cache @chevrotain/utils@https://registry.npmjs.org/@chevrotain/utils/-/utils-10.5.0.tgz 0ms (cache hit)
3168 http cache @chevrotain/gast@https://registry.npmjs.org/@chevrotain/gast/-/gast-10.5.0.tgz 0ms (cache hit)
3169 http cache @chevrotain/cst-dts-gen@https://registry.npmjs.org/@chevrotain/cst-dts-gen/-/cst-dts-gen-10.5.0.tgz 0ms (cache hit)
3170 http cache rc9@https://registry.npmjs.org/rc9/-/rc9-3.0.1.tgz 0ms (cache hit)
3171 http cache pkg-types@https://registry.npmjs.org/pkg-types/-/pkg-types-2.3.1.tgz 0ms (cache hit)
3172 http cache perfect-debounce@https://registry.npmjs.org/perfect-debounce/-/perfect-debounce-2.1.0.tgz 0ms (cache hit)
3173 http cache ohash@https://registry.npmjs.org/ohash/-/ohash-2.0.12.tgz 0ms (cache hit)
3174 http cache giget@https://registry.npmjs.org/giget/-/giget-3.3.1.tgz 0ms (cache hit)
3175 http cache exsolve@https://registry.npmjs.org/exsolve/-/exsolve-1.1.1.tgz 0ms (cache hit)
3176 http cache defu@https://registry.npmjs.org/defu/-/defu-6.1.7.tgz 0ms (cache hit)
3177 http cache confbox@https://registry.npmjs.org/confbox/-/confbox-0.2.4.tgz 0ms (cache hit)
3178 http cache chokidar@https://registry.npmjs.org/chokidar/-/chokidar-5.0.0.tgz 0ms (cache hit)
3179 http cache file-uri-to-path@https://registry.npmjs.org/file-uri-to-path/-/file-uri-to-path-1.0.0.tgz 0ms (cache hit)
3180 http cache arkregex@https://registry.npmjs.org/arkregex/-/arkregex-0.0.8.tgz 0ms (cache hit)
3181 http cache @ark/util@https://registry.npmjs.org/@ark/util/-/util-0.56.2.tgz 0ms (cache hit)
3182 http cache @ark/schema@https://registry.npmjs.org/@ark/schema/-/schema-0.56.2.tgz 0ms (cache hit)
3183 http cache yargs@https://registry.npmjs.org/yargs/-/yargs-18.1.0.tgz 0ms (cache hit)
3184 http cache @smithy/is-array-buffer@https://registry.npmjs.org/@smithy/is-array-buffer/-/is-array-buffer-2.2.0.tgz 0ms (cache hit)
3185 http cache @smithy/util-buffer-from@https://registry.npmjs.org/@smithy/util-buffer-from/-/util-buffer-from-2.2.0.tgz 0ms (cache hit)
3186 http cache modern-tar@https://registry.npmjs.org/modern-tar/-/modern-tar-0.8.4.tgz 0ms (cache hit)
3187 http cache @prisma/debug@https://registry.npmjs.org/@prisma/debug/-/debug-7.2.0.tgz 0ms (cache hit)
3188 http cache lilconfig@https://registry.npmjs.org/lilconfig/-/lilconfig-2.1.0.tgz 0ms (cache hit)
3189 http cache chevrotain@https://registry.npmjs.org/chevrotain/-/chevrotain-10.5.0.tgz 0ms (cache hit)
3190 http cache zeptomatch@https://registry.npmjs.org/zeptomatch/-/zeptomatch-2.1.0.tgz 0ms (cache hit)
3191 http cache valibot@https://registry.npmjs.org/valibot/-/valibot-1.2.0.tgz 0ms (cache hit)
3192 http cache std-env@https://registry.npmjs.org/std-env/-/std-env-3.10.0.tgz 0ms (cache hit)
3193 http cache remeda@https://registry.npmjs.org/remeda/-/remeda-2.33.4.tgz 0ms (cache hit)
3194 http cache proper-lockfile@https://registry.npmjs.org/proper-lockfile/-/proper-lockfile-4.1.2.tgz 1ms (cache hit)
3195 http cache http-status-codes@https://registry.npmjs.org/http-status-codes/-/http-status-codes-2.3.0.tgz 0ms (cache hit)
3196 http cache foreground-child@https://registry.npmjs.org/foreground-child/-/foreground-child-3.3.1.tgz 0ms (cache hit)
3197 http cache is-stream@https://registry.npmjs.org/is-stream/-/is-stream-4.0.1.tgz 0ms (cache hit)
3198 http cache get-port-please@https://registry.npmjs.org/get-port-please/-/get-port-please-3.2.0.tgz 0ms (cache hit)
3199 http cache @prisma/get-platform@https://registry.npmjs.org/@prisma/get-platform/-/get-platform-7.2.0.tgz 0ms (cache hit)
3200 http cache @mrleebo/prisma-ast@https://registry.npmjs.org/@mrleebo/prisma-ast/-/prisma-ast-0.13.1.tgz 0ms (cache hit)
3201 http cache fast-xml-builder@https://registry.npmjs.org/fast-xml-builder/-/fast-xml-builder-1.3.1.tgz 0ms (cache hit)
3202 http cache hono@https://registry.npmjs.org/hono/-/hono-4.11.4.tgz 0ms (cache hit)
3203 http cache @hono/node-server@https://registry.npmjs.org/@hono/node-server/-/node-server-1.19.9.tgz 0ms (cache hit)
3204 http cache @electric-sql/pglite-tools@https://registry.npmjs.org/@electric-sql/pglite-tools/-/pglite-tools-0.2.20.tgz 0ms (cache hit)
3205 http cache @electric-sql/pglite-socket@https://registry.npmjs.org/@electric-sql/pglite-socket/-/pglite-socket-0.0.20.tgz 0ms (cache hit)
3206 http cache @electric-sql/pglite@https://registry.npmjs.org/@electric-sql/pglite/-/pglite-0.3.15.tgz 0ms (cache hit)
3207 http cache @octokit/webhooks-methods@https://registry.npmjs.org/@octokit/webhooks-methods/-/webhooks-methods-6.0.0.tgz 0ms (cache hit)
3208 http cache @octokit/openapi-webhooks-types@https://registry.npmjs.org/@octokit/openapi-webhooks-types/-/openapi-webhooks-types-12.1.0.tgz 0ms (cache hit)
3209 http cache json-with-bigint@https://registry.npmjs.org/json-with-bigint/-/json-with-bigint-3.5.12.tgz 0ms (cache hit)
3210 http cache content-type@https://registry.npmjs.org/content-type/-/content-type-3.0.0.tgz 0ms (cache hit)
3211 http cache @octokit/endpoint@https://registry.npmjs.org/@octokit/endpoint/-/endpoint-11.0.4.tgz 0ms (cache hit)
3212 http cache @octokit/openapi-types@https://registry.npmjs.org/@octokit/openapi-types/-/openapi-types-28.0.0.tgz 0ms (cache hit)
3213 http cache @prisma/query-plan-executor@https://registry.npmjs.org/@prisma/query-plan-executor/-/query-plan-executor-7.2.0.tgz 0ms (cache hit)
3214 http cache universal-user-agent@https://registry.npmjs.org/universal-user-agent/-/universal-user-agent-7.0.3.tgz 0ms (cache hit)
3215 http cache before-after-hook@https://registry.npmjs.org/before-after-hook/-/before-after-hook-4.0.0.tgz 0ms (cache hit)
3216 http cache @octokit/types@https://registry.npmjs.org/@octokit/types/-/types-17.0.0.tgz 0ms (cache hit)
3217 http cache @octokit/request-error@https://registry.npmjs.org/@octokit/request-error/-/request-error-7.1.1.tgz 0ms (cache hit)
3218 http cache @octokit/request@https://registry.npmjs.org/@octokit/request/-/request-10.0.15.tgz 0ms (cache hit)
3219 http cache @octokit/auth-token@https://registry.npmjs.org/@octokit/auth-token/-/auth-token-6.0.0.tgz 0ms (cache hit)
3220 http cache @octokit/plugin-rest-endpoint-methods@https://registry.npmjs.org/@octokit/plugin-rest-endpoint-methods/-/plugin-rest-endpoint-methods-17.0.0.tgz 0ms (cache hit)
3221 http cache @octokit/plugin-request-log@https://registry.npmjs.org/@octokit/plugin-request-log/-/plugin-request-log-6.0.0.tgz 0ms (cache hit)
3222 http cache @octokit/core@https://registry.npmjs.org/@octokit/core/-/core-7.0.7.tgz 0ms (cache hit)
3223 http cache @octokit/plugin-paginate-rest@https://registry.npmjs.org/@octokit/plugin-paginate-rest/-/plugin-paginate-rest-14.0.0.tgz 0ms (cache hit)
3224 http cache @types/ws@https://registry.npmjs.org/@types/ws/-/ws-8.18.1.tgz 0ms (cache hit)
3225 http cache @libsql/isomorphic-ws@https://registry.npmjs.org/@libsql/isomorphic-ws/-/isomorphic-ws-0.1.5.tgz 0ms (cache hit)
3226 http cache promise-limit@https://registry.npmjs.org/promise-limit/-/promise-limit-2.7.0.tgz 0ms (cache hit)
3227 http cache libsql@https://registry.npmjs.org/libsql/-/libsql-0.5.29.tgz 0ms (cache hit)
3228 http cache js-base64@https://registry.npmjs.org/js-base64/-/js-base64-3.9.3.tgz 1ms (cache hit)
3229 http cache @libsql/hrana-client@https://registry.npmjs.org/@libsql/hrana-client/-/hrana-client-0.10.0.tgz 0ms (cache hit)
3230 http cache @smithy/util-base64@https://registry.npmjs.org/@smithy/util-base64/-/util-base64-4.6.2.tgz 0ms (cache hit)
3231 http cache @smithy/util-utf8@https://registry.npmjs.org/@smithy/util-utf8/-/util-utf8-2.3.0.tgz 0ms (cache hit)
3232 http cache @libsql/core@https://registry.npmjs.org/@libsql/core/-/core-0.17.4.tgz 0ms (cache hit)
3233 http cache @aws-crypto/util@https://registry.npmjs.org/@aws-crypto/util/-/util-5.2.0.tgz 0ms (cache hit)
3234 http cache @aws-crypto/crc32@https://registry.npmjs.org/@aws-crypto/crc32/-/crc32-5.2.0.tgz 0ms (cache hit)
3235 http cache @aws-sdk/signature-v4-multi-region@https://registry.npmjs.org/@aws-sdk/signature-v4-multi-region/-/signature-v4-multi-region-3.996.46.tgz 0ms (cache hit)
3236 http cache @aws-sdk/token-providers@https://registry.npmjs.org/@aws-sdk/token-providers/-/token-providers-3.1116.0.tgz 0ms (cache hit)
3237 http cache @smithy/fetch-http-handler@https://registry.npmjs.org/@smithy/fetch-http-handler/-/fetch-http-handler-5.7.2.tgz 0ms (cache hit)
3238 http cache @smithy/node-http-handler@https://registry.npmjs.org/@smithy/node-http-handler/-/node-http-handler-4.11.3.tgz 0ms (cache hit)
3239 http cache bowser@https://registry.npmjs.org/bowser/-/bowser-2.14.1.tgz 0ms (cache hit)
3240 http cache @smithy/signature-v4@https://registry.npmjs.org/@smithy/signature-v4/-/signature-v4-5.7.3.tgz 0ms (cache hit)
3241 http cache @aws/lambda-invoke-store@https://registry.npmjs.org/@aws/lambda-invoke-store/-/lambda-invoke-store-0.3.0.tgz 0ms (cache hit)
3242 http cache @aws-sdk/xml-builder@https://registry.npmjs.org/@aws-sdk/xml-builder/-/xml-builder-3.972.40.tgz 0ms (cache hit)
3243 http cache @smithy/credential-provider-imds@https://registry.npmjs.org/@smithy/credential-provider-imds/-/credential-provider-imds-4.5.2.tgz 0ms (cache hit)
3244 http cache @aws-sdk/types@https://registry.npmjs.org/@aws-sdk/types/-/types-3.974.5.tgz 0ms (cache hit)
3245 http cache @smithy/core@https://registry.npmjs.org/@smithy/core/-/core-3.33.3.tgz 0ms (cache hit)
3246 http cache @aws-sdk/nested-clients@https://registry.npmjs.org/@aws-sdk/nested-clients/-/nested-clients-3.997.44.tgz 0ms (cache hit)
3247 http cache @aws-sdk/credential-provider-web-identity@https://registry.npmjs.org/@aws-sdk/credential-provider-web-identity/-/credential-provider-web-identity-3.972.76.tgz 0ms (cache hit)
3248 http cache @aws-sdk/credential-provider-sso@https://registry.npmjs.org/@aws-sdk/credential-provider-sso/-/credential-provider-sso-3.973.14.tgz 0ms (cache hit)
3249 http cache @aws-sdk/credential-provider-process@https://registry.npmjs.org/@aws-sdk/credential-provider-process/-/credential-provider-process-3.972.70.tgz 0ms (cache hit)
3250 http cache @aws-sdk/credential-provider-node@https://registry.npmjs.org/@aws-sdk/credential-provider-node/-/credential-provider-node-3.972.81.tgz 4ms (cache hit)
3251 http cache @aws-sdk/credential-provider-ini@https://registry.npmjs.org/@aws-sdk/credential-provider-ini/-/credential-provider-ini-3.973.15.tgz 0ms (cache hit)
3252 http cache @aws-sdk/credential-provider-env@https://registry.npmjs.org/@aws-sdk/credential-provider-env/-/credential-provider-env-3.972.70.tgz 0ms (cache hit)
3253 http cache @aws-sdk/core@https://registry.npmjs.org/@aws-sdk/core/-/core-3.977.9.tgz 0ms (cache hit)
3254 http cache @aws-sdk/credential-provider-http@https://registry.npmjs.org/@aws-sdk/credential-provider-http/-/credential-provider-http-3.972.72.tgz 0ms (cache hit)
3255 http cache yauzl@https://registry.npmjs.org/yauzl/-/yauzl-3.4.0.tgz 0ms (cache hit)
3256 http cache @puppeteer/browsers@https://registry.npmjs.org/@puppeteer/browsers/-/browsers-3.2.1.tgz 0ms (cache hit)
3257 http cache @aws-sdk/credential-provider-login@https://registry.npmjs.org/@aws-sdk/credential-provider-login/-/credential-provider-login-3.972.77.tgz 0ms (cache hit)
3258 http cache workerd@https://registry.npmjs.org/workerd/-/workerd-1.20260704.1.tgz 0ms (cache hit)
3259 http cache unenv@https://registry.npmjs.org/unenv/-/unenv-2.0.0-rc.24.tgz 0ms (cache hit)
3260 http cache @cloudflare/unenv-preset@https://registry.npmjs.org/@cloudflare/unenv-preset/-/unenv-preset-2.16.1.tgz 5ms (cache hit)
3261 http cache rolldown@https://registry.npmjs.org/rolldown/-/rolldown-1.1.5.tgz 0ms (cache hit)
3262 http cache undici@https://registry.npmjs.org/undici/-/undici-7.29.0.tgz 0ms (cache hit)
3263 http cache libsodium-wrappers@https://registry.npmjs.org/libsodium-wrappers/-/libsodium-wrappers-0.8.4.tgz 0ms (cache hit)
3264 http cache capnp-es@https://registry.npmjs.org/capnp-es/-/capnp-es-0.0.14.tgz 0ms (cache hit)
3265 http cache jszip@https://registry.npmjs.org/jszip/-/jszip-3.10.1.tgz 0ms (cache hit)
3266 http cache ink@https://registry.npmjs.org/ink/-/ink-6.8.0.tgz 0ms (cache hit)
3267 http cache fast-xml-parser@https://registry.npmjs.org/fast-xml-parser/-/fast-xml-parser-5.11.1.tgz 0ms (cache hit)
3268 http cache capnweb@https://registry.npmjs.org/capnweb/-/capnweb-0.6.1.tgz 0ms (cache hit)
3269 http cache aws4fetch@https://registry.npmjs.org/aws4fetch/-/aws4fetch-1.0.20.tgz 1ms (cache hit)
3270 http cache @types/aws-lambda@https://registry.npmjs.org/@types/aws-lambda/-/aws-lambda-8.10.162.tgz 0ms (cache hit)
3271 http cache @smithy/types@https://registry.npmjs.org/@smithy/types/-/types-4.17.2.tgz 0ms (cache hit)
3272 http cache @smithy/shared-ini-file-loader@https://registry.npmjs.org/@smithy/shared-ini-file-loader/-/shared-ini-file-loader-4.7.2.tgz 0ms (cache hit)
3273 http cache @smithy/node-config-provider@https://registry.npmjs.org/@smithy/node-config-provider/-/node-config-provider-4.6.2.tgz 0ms (cache hit)
3274 http cache @prisma/dev@https://registry.npmjs.org/@prisma/dev/-/dev-0.20.0.tgz 0ms (cache hit)
3275 http cache @octokit/webhooks@https://registry.npmjs.org/@octokit/webhooks/-/webhooks-14.2.0.tgz 0ms (cache hit)
3276 http cache @octokit/rest@https://registry.npmjs.org/@octokit/rest/-/rest-22.0.1.tgz 0ms (cache hit)
3277 http cache @libsql/client@https://registry.npmjs.org/@libsql/client/-/client-0.17.4.tgz 0ms (cache hit)
3278 http cache @effect/vitest@https://registry.npmjs.org/@effect/vitest/-/vitest-4.0.0-rc.112.tgz 0ms (cache hit)
3279 http cache vitest@https://registry.npmjs.org/vitest/-/vitest-4.1.11.tgz 0ms (cache hit)
3280 http cache @distilled.cloud/planetscale@https://registry.npmjs.org/@distilled.cloud/planetscale/-/planetscale-1.0.0-rc.6.tgz 0ms (cache hit)
3281 http cache @distilled.cloud/neon@https://registry.npmjs.org/@distilled.cloud/neon/-/neon-1.0.0-rc.6.tgz 0ms (cache hit)
3282 http cache @distilled.cloud/hetzner@https://registry.npmjs.org/@distilled.cloud/hetzner/-/hetzner-1.0.0-rc.6.tgz 0ms (cache hit)
3283 http cache @distilled.cloud/fly-io@https://registry.npmjs.org/@distilled.cloud/fly-io/-/fly-io-1.0.0-rc.6.tgz 0ms (cache hit)
3284 http cache @distilled.cloud/core@https://registry.npmjs.org/@distilled.cloud/core/-/core-1.0.0-rc.6.tgz 0ms (cache hit)
3285 http cache @distilled.cloud/axiom@https://registry.npmjs.org/@distilled.cloud/axiom/-/axiom-1.0.0-rc.6.tgz 0ms (cache hit)
3286 http cache @distilled.cloud/aws@https://registry.npmjs.org/@distilled.cloud/aws/-/aws-1.0.0-rc.6.tgz 0ms (cache hit)
3287 http cache @aws-sdk/credential-providers@https://registry.npmjs.org/@aws-sdk/credential-providers/-/credential-providers-3.1119.0.tgz 0ms (cache hit)
3288 http cache @alchemy.run/node-utils@https://registry.npmjs.org/@alchemy.run/node-utils/-/node-utils-2.0.0-beta.74.tgz 0ms (cache hit)
3289 http cache @aws-sdk/credential-provider-cognito-identity@https://registry.npmjs.org/@aws-sdk/credential-provider-cognito-identity/-/credential-provider-cognito-identity-3.972.69.tgz 0ms (cache hit)
3290 http cache @alchemy.run/floci@https://registry.npmjs.org/@alchemy.run/floci/-/floci-2.0.0-beta.74.tgz 0ms (cache hit)
3291 http cache @distilled.cloud/cloudflare@https://registry.npmjs.org/@distilled.cloud/cloudflare/-/cloudflare-1.0.0-rc.6.tgz 1ms (cache hit)
3292 http cache tar@https://registry.npmjs.org/tar/-/tar-7.5.22.tgz 0ms (cache hit)
3293 http cache @alchemy.run/cloudflare-runtime@https://registry.npmjs.org/@alchemy.run/cloudflare-runtime/-/cloudflare-runtime-2.0.0-beta.74.tgz 5ms (cache hit)
3294 http cache nopt@https://registry.npmjs.org/nopt/-/nopt-8.1.0.tgz 0ms (cache hit)
3295 http cache node-fetch@https://registry.npmjs.org/node-fetch/-/node-fetch-2.7.0.tgz 0ms (cache hit)
3296 http cache https-proxy-agent@https://registry.npmjs.org/https-proxy-agent/-/https-proxy-agent-7.0.6.tgz 0ms (cache hit)
3297 http cache consola@https://registry.npmjs.org/consola/-/consola-3.4.2.tgz 6ms (cache hit)
3298 http cache node-gyp-build@https://registry.npmjs.org/node-gyp-build/-/node-gyp-build-4.8.4.tgz 0ms (cache hit)
3299 http cache async-sema@https://registry.npmjs.org/async-sema/-/async-sema-3.1.1.tgz 0ms (cache hit)
3300 http cache estree-walker@https://registry.npmjs.org/estree-walker/-/estree-walker-2.0.2.tgz 0ms (cache hit)
3301 http cache acorn-import-attributes@https://registry.npmjs.org/acorn-import-attributes/-/acorn-import-attributes-1.9.5.tgz 0ms (cache hit)
3302 http cache @rollup/pluginutils@https://registry.npmjs.org/@rollup/pluginutils/-/pluginutils-5.4.0.tgz 0ms (cache hit)
3303 http cache bindings@https://registry.npmjs.org/bindings/-/bindings-1.5.0.tgz 0ms (cache hit)
3304 http cache @mapbox/node-pre-gyp@https://registry.npmjs.org/@mapbox/node-pre-gyp/-/node-pre-gyp-2.0.3.tgz 0ms (cache hit)
3305 http cache uniku@https://registry.npmjs.org/uniku/-/uniku-0.5.0.tgz 0ms (cache hit)
3306 http cache wrap-ansi@https://registry.npmjs.org/wrap-ansi/-/wrap-ansi-10.0.1.tgz 0ms (cache hit)
3307 http cache vscode-languageserver@https://registry.npmjs.org/vscode-languageserver/-/vscode-languageserver-10.1.0.tgz 0ms (cache hit)
3308 http cache vscode-languageserver-textdocument@https://registry.npmjs.org/vscode-languageserver-textdocument/-/vscode-languageserver-textdocument-1.0.12.tgz 0ms (cache hit)
3309 http cache strip-ansi@https://registry.npmjs.org/strip-ansi/-/strip-ansi-7.2.0.tgz 0ms (cache hit)
3310 http cache prettier@https://registry.npmjs.org/prettier/-/prettier-3.9.6.tgz 0ms (cache hit)
3311 http cache pathe@https://registry.npmjs.org/pathe/-/pathe-2.0.3.tgz 0ms (cache hit)
3312 http cache glob@https://registry.npmjs.org/glob/-/glob-13.0.6.tgz 0ms (cache hit)
3313 http cache jsonc-parser@https://registry.npmjs.org/jsonc-parser/-/jsonc-parser-3.3.1.tgz 0ms (cache hit)
3314 http cache closest-match@https://registry.npmjs.org/closest-match/-/closest-match-1.3.3.tgz 0ms (cache hit)
3315 http cache clipanion@https://registry.npmjs.org/clipanion/-/clipanion-4.0.0-rc.4.tgz 1ms (cache hit)
3316 http cache ci-info@https://registry.npmjs.org/ci-info/-/ci-info-4.4.0.tgz 0ms (cache hit)
3317 http cache @prisma/orm-framework@https://registry.npmjs.org/@prisma/orm-framework/-/orm-framework-8.0.0-rc.8.tgz 0ms (cache hit)
3318 http cache openapi-fetch@https://registry.npmjs.org/openapi-fetch/-/openapi-fetch-0.14.0.tgz 0ms (cache hit)
3319 http cache ws@https://registry.npmjs.org/ws/-/ws-8.21.3.tgz 0ms (cache hit)
3320 http cache tiny-invariant@https://registry.npmjs.org/tiny-invariant/-/tiny-invariant-1.3.3.tgz 0ms (cache hit)
3321 http cache tar-stream@https://registry.npmjs.org/tar-stream/-/tar-stream-3.2.1.tgz 1ms (cache hit)
3322 http cache magicast@https://registry.npmjs.org/magicast/-/magicast-0.5.4.tgz 0ms (cache hit)
3323 http cache @cloudflare/workers-types@https://registry.npmjs.org/@cloudflare/workers-types/-/workers-types-5.20260827.1.tgz 0ms (cache hit)
3324 http cache arktype@https://registry.npmjs.org/arktype/-/arktype-2.2.3.tgz 0ms (cache hit)
3325 http cache @standard-schema/spec@https://registry.npmjs.org/@standard-schema/spec/-/spec-1.1.0.tgz 0ms (cache hit)
3326 http cache @effect/sql-sqlite-do@https://registry.npmjs.org/@effect/sql-sqlite-do/-/sql-sqlite-do-4.0.0-rc.112.tgz 0ms (cache hit)
3327 http cache @vercel/nft@https://registry.npmjs.org/@vercel/nft/-/nft-1.11.0.tgz 0ms (cache hit)
3328 http cache @effect/sql-d1@https://registry.npmjs.org/@effect/sql-d1/-/sql-d1-4.0.0-rc.112.tgz 0ms (cache hit)
3329 http cache effect@https://registry.npmjs.org/effect/-/effect-4.0.0-rc.112.tgz 0ms (cache hit)
3330 http cache esbuild@https://registry.npmjs.org/esbuild/-/esbuild-0.28.2.tgz 0ms (cache hit)
3331 http cache alchemy@https://registry.npmjs.org/alchemy/-/alchemy-2.0.0-beta.74.tgz 0ms (cache hit)
3332 http cache @prisma/composer@https://registry.npmjs.org/@prisma/composer/-/composer-0.16.0.tgz 0ms (cache hit)
3333 http cache sisteransi@https://registry.npmjs.org/sisteransi/-/sisteransi-1.0.5.tgz 1ms (cache hit)
3334 http cache fast-wrap-ansi@https://registry.npmjs.org/fast-wrap-ansi/-/fast-wrap-ansi-0.2.2.tgz 0ms (cache hit)
3335 http cache fast-string-width@https://registry.npmjs.org/fast-string-width/-/fast-string-width-3.0.2.tgz 0ms (cache hit)
3336 http cache @clack/core@https://registry.npmjs.org/@clack/core/-/core-1.4.0.tgz 0ms (cache hit)
3337 http cache string-width@https://registry.npmjs.org/string-width/-/string-width-8.2.2.tgz 0ms (cache hit)
3338 http cache package-manager-detector@https://registry.npmjs.org/package-manager-detector/-/package-manager-detector-1.8.0.tgz 0ms (cache hit)
3339 http cache colorette@https://registry.npmjs.org/colorette/-/colorette-2.0.20.tgz 0ms (cache hit)
3340 http cache c12@https://registry.npmjs.org/c12/-/c12-3.3.4.tgz 0ms (cache hit)
3341 http cache @stricli/core@https://registry.npmjs.org/@stricli/core/-/core-1.3.0.tgz 0ms (cache hit)
3342 http cache @clack/prompts@https://registry.npmjs.org/@clack/prompts/-/prompts-1.5.0.tgz 0ms (cache hit)
3343 http cache yaml@https://registry.npmjs.org/yaml/-/yaml-2.9.0.tgz 0ms (cache hit)
3344 http cache jju@https://registry.npmjs.org/jju/-/jju-1.4.0.tgz 0ms (cache hit)
3345 http cache open@https://registry.npmjs.org/open/-/open-11.0.1.tgz 0ms (cache hit)
3346 http cache execa@https://registry.npmjs.org/execa/-/execa-9.6.1.tgz 0ms (cache hit)
3347 http cache dotenv@https://registry.npmjs.org/dotenv/-/dotenv-17.4.2.tgz 0ms (cache hit)
3348 http cache @prisma/orm-toolchain@https://registry.npmjs.org/@prisma/orm-toolchain/-/orm-toolchain-8.0.0-rc.8.tgz 0ms (cache hit)
3349 http cache @vercel/detect-agent@https://registry.npmjs.org/@vercel/detect-agent/-/detect-agent-1.2.5.tgz 0ms (cache hit)
3350 http cache better-result@https://registry.npmjs.org/better-result/-/better-result-2.10.0.tgz 0ms (cache hit)
3351 http cache @prisma/compute-sdk@https://registry.npmjs.org/@prisma/compute-sdk/-/compute-sdk-0.42.0.tgz 0ms (cache hit)
3352 http cache @prisma/composer-cli@https://registry.npmjs.org/@prisma/composer-cli/-/composer-cli-0.16.0.tgz 0ms (cache hit)
3353 http cache @prisma/management-api-sdk@https://registry.npmjs.org/@prisma/management-api-sdk/-/management-api-sdk-1.69.0.tgz 0ms (cache hit)
3354 http cache @prisma/cli-engine@https://registry.npmjs.org/@prisma/cli-engine/-/cli-engine-0.3.0.tgz 0ms (cache hit)
3355 http cache @manypkg/tools@https://registry.npmjs.org/@manypkg/tools/-/tools-2.1.2.tgz 0ms (cache hit)
3356 http cache @octokit/graphql@https://registry.npmjs.org/@octokit/graphql/-/graphql-9.0.4.tgz 0ms (cache hit)
3357 http fetch POST 200 https://registry.npmjs.org/-/npm/v1/security/advisories/bulk 2899ms
3358 silly audit report {
3358 silly audit report   '@hono/node-server': [
3358 silly audit report     {
3358 silly audit report       id: 1114170,
3358 silly audit report       url: 'https://github.com/advisories/GHSA-wc8c-qw6v-h7f6',
3358 silly audit report       title: '@hono/node-server has authorization bypass for protected static paths via encoded slashes in Serve Static Middleware',
3358 silly audit report       severity: 'high',
3358 silly audit report       vulnerable_versions: '<1.19.10',
3358 silly audit report       cwe: [Array],
3358 silly audit report       cvss: [Object]
3358 silly audit report     },
3358 silly audit report     {
3358 silly audit report       id: 1116281,
3358 silly audit report       url: 'https://github.com/advisories/GHSA-92pp-h63x-v22m',
3358 silly audit report       title: '@hono/node-server: Middleware bypass via repeated slashes in serveStatic',
3358 silly audit report       severity: 'moderate',
3358 silly audit report       vulnerable_versions: '<1.19.13',
3358 silly audit report       cwe: [Array],
3358 silly audit report       cvss: [Object]
3358 silly audit report     },
3358 silly audit report     {
3358 silly audit report       id: 1139322,
3358 silly audit report       url: 'https://github.com/advisories/GHSA-frvp-7c67-39w9',
3358 silly audit report       title: 'Node.js Adapter for Hono: Path traversal in `serve-static` on Windows via encoded backslash (`%5C`)',
3358 silly audit report       severity: 'moderate',
3358 silly audit report       vulnerable_versions: '<1.19.15',
3358 silly audit report       cwe: [Array],
3358 silly audit report       cvss: [Object]
3358 silly audit report     }
3358 silly audit report   ],
3358 silly audit report   hono: [
3358 silly audit report     {
3358 silly audit report       id: 1117915,
3358 silly audit report       url: 'https://github.com/advisories/GHSA-qp7p-654g-cw7p',
3358 silly audit report       title: 'Hono has CSS Declaration Injection via Style Object Values in JSX SSR',
3358 silly audit report       severity: 'moderate',
3358 silly audit report       vulnerable_versions: '<4.12.18',
3358 silly audit report       cwe: [Array],
3358 silly audit report       cvss: [Object]
3358 silly audit report     },
3358 silly audit report     {
3358 silly audit report       id: 1118963,
3358 silly audit report       url: 'https://github.com/advisories/GHSA-hm8q-7f3q-5f36',
3358 silly audit report       title: 'Hono has improper validation of NumericDate claims (exp, nbf, iat) in JWT verify()',
3358 silly audit report       severity: 'low',
3358 silly audit report       vulnerable_versions: '<4.12.18',
3358 silly audit report       cwe: [Array],
3358 silly audit report       cvss: [Object]
3358 silly audit report     },
3358 silly audit report     {
3358 silly audit report       id: 1118964,
3358 silly audit report       url: 'https://github.com/advisories/GHSA-p77w-8qqv-26rm',
3358 silly audit report       title: "Hono's Cache Middleware ignores Vary: Authorization / Vary: Cookie leading to cross-user cache leakage",
3358 silly audit report       severity: 'moderate',
3358 silly audit report       vulnerable_versions: '<4.12.18',
3358 silly audit report       cwe: [Array],
3358 silly audit report       cvss: [Object]
3358 silly audit report     },
3358 silly audit report     {
3358 silly audit report       id: 1118982,
3358 silly audit report       url: 'https://github.com/advisories/GHSA-9vqf-7f2p-gf9v',
3358 silly audit report       title: 'Hono: bodyLimit() can be bypassed for chunked / unknown-length requests',
3358 silly audit report       severity: 'moderate',
3358 silly audit report       vulnerable_versions: '<4.12.16',
3358 silly audit report       cwe: [Array],
3358 silly audit report       cvss: [Object]
3358 silly audit report     },
3358 silly audit report     {
3358 silly audit report       id: 1118983,
3358 silly audit report       url: 'https://github.com/advisories/GHSA-69xw-7hcm-h432',
3358 silly audit report       title: 'hono/jsx has Unvalidated JSX Tag Names that May Allow HTML Injection',
3358 silly audit report       severity: 'moderate',
3358 silly audit report       vulnerable_versions: '<4.12.16',
3358 silly audit report       cwe: [Array],
3358 silly audit report       cvss: [Object]
3358 silly audit report     },
3358 silly audit report     {
3358 silly audit report       id: 1112644,
3358 silly audit report       url: 'https://github.com/advisories/GHSA-9r54-q6cx-xmh5',
3358 silly audit report       title: 'Hono vulnerable to XSS through ErrorBoundary component ',
3358 silly audit report       severity: 'moderate',
3358 silly audit report       vulnerable_versions: '<4.11.7',
3358 silly audit report       cwe: [Array],
3358 silly audit report       cvss: [Object]
3358 silly audit report     },
3358 silly audit report     {
3358 silly audit report       id: 1112677,
3358 silly audit report       url: 'https://github.com/advisories/GHSA-6wqw-2p9w-4vw4',
3358 silly audit report       title: 'Hono cache middleware ignores "Cache-Control: private" leading to Web Cache Deception',
3358 silly audit report       severity: 'moderate',
3358 silly audit report       vulnerable_versions: '<4.11.7',
3358 silly audit report       cwe: [Array],
3358 silly audit report       cvss: [Object]
3358 silly audit report     },
3358 silly audit report     {
3358 silly audit report       id: 1112678,
3358 silly audit report       url: 'https://github.com/advisories/GHSA-r354-f388-2fhh',
3358 silly audit report       title: 'Hono IPv4 address validation bypass in IP Restriction Middleware allows IP spoofing',
3358 silly audit report       severity: 'moderate',
3358 silly audit report       vulnerable_versions: '<4.11.7',
3358 silly audit report       cwe: [Array],
3358 silly audit report       cvss: [Object]
3358 silly audit report     },
3358 silly audit report     {
3358 silly audit report       id: 1112911,
3358 silly audit report       url: 'https://github.com/advisories/GHSA-w332-q679-j88p',
3358 silly audit report       title: 'Hono has an Arbitrary Key Read in Serve static Middleware (Cloudflare Workers Adapter)',
3358 silly audit report       severity: 'moderate',
3358 silly audit report       vulnerable_versions: '<4.11.7',
3358 silly audit report       cwe: [Array],
3358 silly audit report       cvss: [Object]
3358 silly audit report     },
3358 silly audit report     {
3358 silly audit report       id: 1113311,
3358 silly audit report       url: 'https://github.com/advisories/GHSA-gq3j-xvxp-8hrf',
3358 silly audit report       title: 'Hono added timing comparison hardening in basicAuth and bearerAuth',
3358 silly audit report       severity: 'low',
3358 silly audit report       vulnerable_versions: '<4.11.10',
3358 silly audit report       cwe: [Array],
3358 silly audit report       cvss: [Object]
3358 silly audit report     },
3358 silly audit report     {
3358 silly audit report       id: 1120082,
3358 silly audit report       url: 'https://github.com/advisories/GHSA-xrhx-7g5j-rcj5',
3358 silly audit report       title: 'Hono: IP Restriction bypasses static deny rules for non-canonical IPv6 ',
3358 silly audit report       severity: 'moderate',
3358 silly audit report       vulnerable_versions: '<4.12.21',
3358 silly audit report       cwe: [Array],
3358 silly audit report       cvss: [Object]
3358 silly audit report     },
3358 silly audit report     {
3358 silly audit report       id: 1120083,
3358 silly audit report       url: 'https://github.com/advisories/GHSA-3hrh-pfw6-9m5x',
3358 silly audit report       title: 'Hono: Cookie helper does not sanitize sameSite and priority, allowing Set-Cookie injection',
3358 silly audit report       severity: 'moderate',
3358 silly audit report       vulnerable_versions: '<4.12.21',
3358 silly audit report       cwe: [Array],
3358 silly audit report       cvss: [Object]
3358 silly audit report     },
3358 silly audit report     {
3358 silly audit report       id: 1120084,
3358 silly audit report       url: 'https://github.com/advisories/GHSA-f577-qrjj-4474',
3358 silly audit report       title: 'Hono: JWT middleware accepts any Authorization scheme, not only Bearer',
3358 silly audit report       severity: 'moderate',
3358 silly audit report       vulnerable_versions: '<4.12.21',
3358 silly audit report       cwe: [Array],
3358 silly audit report       cvss: [Object]
3358 silly audit report     },
3358 silly audit report     {
3358 silly audit report       id: 1120085,
3358 silly audit report       url: 'https://github.com/advisories/GHSA-2gcr-mfcq-wcc3',
3358 silly audit report       title: 'Hono: app.mount() strips mount prefix using undecoded path, causing incorrect routing for percent-encoded paths',
3358 silly audit report       severity: 'moderate',
3358 silly audit report       vulnerable_versions: '<4.12.21',
3358 silly audit report       cwe: [Array],
3358 silly audit report       cvss: [Object]
3358 silly audit report     },
3358 silly audit report     {
3358 silly audit report       id: 1114004,
3358 silly audit report       url: 'https://github.com/advisories/GHSA-5pq2-9x2x-5p6w',
3358 silly audit report       title: 'Hono Vulnerable to Cookie Attribute Injection via Unsanitized domain and path in setCookie()',
3358 silly audit report       severity: 'moderate',
3358 silly audit report       vulnerable_versions: '<4.12.4',
3358 silly audit report       cwe: [Array],
3358 silly audit report       cvss: [Object]
3358 silly audit report     },
3358 silly audit report     {
3358 silly audit report       id: 1114005,
3358 silly audit report       url: 'https://github.com/advisories/GHSA-p6xx-57qc-3wxr',
3358 silly audit report       title: 'Hono Vulnerable to SSE Control Field Injection via CR/LF in writeSSE()',
3358 silly audit report       severity: 'moderate',
3358 silly audit report       vulnerable_versions: '<4.12.4',
3358 silly audit report       cwe: [Array],
3358 silly audit report       cvss: [Object]
3358 silly audit report     },
3358 silly audit report     {
3358 silly audit report       id: 1114006,
3358 silly audit report       url: 'https://github.com/advisories/GHSA-q5qw-h33p-qvwr',
3358 silly audit report       title: 'Hono vulnerable to arbitrary file access via serveStatic vulnerability ',
3358 silly audit report       severity: 'high',
3358 silly audit report       vulnerable_versions: '<4.12.4',
3358 silly audit report       cwe: [Array],
3358 silly audit report       cvss: [Object]
3358 silly audit report     },
3358 silly audit report     {
3358 silly audit report       id: 1114341,
3358 silly audit report       url: 'https://github.com/advisories/GHSA-v8w9-8mx6-g223',
3358 silly audit report       title: 'Hono vulnerable to Prototype Pollution possible through __proto__ key allowed in parseBody({ dot: true })',
3358 silly audit report       severity: 'moderate',
3358 silly audit report       vulnerable_versions: '<4.12.7',
3358 silly audit report       cwe: [Array],
3358 silly audit report       cvss: [Object]
3358 silly audit report     },
3358 silly audit report     {
3358 silly audit report       id: 1130733,
3358 silly audit report       url: 'https://github.com/advisories/GHSA-8j4g-w8fx-2239',
3358 silly audit report       title: 'Hono: ReDoS in CORS middleware via Access-Control-Request-Headers',
3358 silly audit report       severity: 'moderate',
3358 silly audit report       vulnerable_versions: '<4.12.34',
3358 silly audit report       cwe: [Array],
3358 silly audit report       cvss: [Object]
3358 silly audit report     },
3358 silly audit report     {
3358 silly audit report       id: 1121418,
3358 silly audit report       url: 'https://github.com/advisories/GHSA-458j-xx4x-4375',
3358 silly audit report       title: 'hono Improperly Handles JSX Attribute Names Allows HTML Injection in hono/jsx SSR',
3358 silly audit report       severity: 'moderate',
3358 silly audit report       vulnerable_versions: '<4.12.14',
3358 silly audit report       cwe: [Array],
3358 silly audit report       cvss: [Object]
3358 silly audit report     },
3358 silly audit report     {
3358 silly audit report       id: 1116244,
3358 silly audit report       url: 'https://github.com/advisories/GHSA-26pp-8wgv-hjvm',
3358 silly audit report       title: 'Hono missing validation of cookie name on write path in setCookie()',
3358 silly audit report       severity: 'moderate',
3358 silly audit report       vulnerable_versions: '<4.12.12',
3358 silly audit report       cwe: [Array],
3358 silly audit report       cvss: [Object]
3358 silly audit report     },
3358 silly audit report     {
3358 silly audit report       id: 1116277,
3358 silly audit report       url: 'https://github.com/advisories/GHSA-r5rp-j6wh-rvv4',
3358 silly audit report       title: 'Hono: Non-breaking space prefix bypass in cookie name handling in getCookie()',
3358 silly audit report       severity: 'moderate',
3358 silly audit report       vulnerable_versions: '<4.12.12',
3358 silly audit report       cwe: [Array],
3358 silly audit report       cvss: [Object]
3358 silly audit report     },
3358 silly audit report     {
3358 silly audit report       id: 1116279,
3358 silly audit report       url: 'https://github.com/advisories/GHSA-xf4j-xp2r-rqqx',
3358 silly audit report       title: 'Hono: Path traversal in toSSG() allows writing files outside the output directory',
3358 silly audit report       severity: 'moderate',
3358 silly audit report       vulnerable_versions: '>=4.0.0 <=4.12.11',
3358 silly audit report       cwe: [Array],
3358 silly audit report       cvss: [Object]
3358 silly audit report     },
3358 silly audit report     {
3358 silly audit report       id: 1116280,
3358 silly audit report       url: 'https://github.com/advisories/GHSA-wmmm-f939-6g9c',
3358 silly audit report       title: 'Hono: Middleware bypass via repeated slashes in serveStatic',
3358 silly audit report       severity: 'moderate',
3358 silly audit report       vulnerable_versions: '<4.12.12',
3358 silly audit report       cwe: [Array],
3358 silly audit report       cvss: [Object]
3358 silly audit report     },
3358 silly audit report     {
3358 silly audit report       id: 1117087,
3358 silly audit report       url: 'https://github.com/advisories/GHSA-xpcf-pg52-r92g',
3358 silly audit report       title: 'Hono has incorrect IP matching in ipRestriction() for IPv4-mapped IPv6 addresses',
3358 silly audit report       severity: 'moderate',
3358 silly audit report       vulnerable_versions: '<4.12.12',
3358 silly audit report       cwe: [Array],
3358 silly audit report       cvss: [Object]
3358 silly audit report     },
3358 silly audit report     {
3358 silly audit report       id: 1123997,
3358 silly audit report       url: 'https://github.com/advisories/GHSA-rv63-4mwf-qqc2',
3358 silly audit report       title: 'hono: Body Limit Middleware can be bypassed on AWS Lambda by understating `Content-Length`',
3358 silly audit report       severity: 'moderate',
3358 silly audit report       vulnerable_versions: '<4.12.25',
3358 silly audit report       cwe: [Array],
3358 silly audit report       cvss: [Object]
3358 silly audit report     },
3358 silly audit report     {
3358 silly audit report       id: 1123998,
3358 silly audit report       url: 'https://github.com/advisories/GHSA-wgpf-jwqj-8h8p',
3358 silly audit report       title: 'hono: Lambda@Edge adapter keeps only the last value of a repeated request header, dropping the rest',
3358 silly audit report       severity: 'moderate',
3358 silly audit report       vulnerable_versions: '<4.12.25',
3358 silly audit report       cwe: [Array],
3358 silly audit report       cvss: [Object]
3358 silly audit report     },
3358 silly audit report     {
3358 silly audit report       id: 1123999,
3358 silly audit report       url: 'https://github.com/advisories/GHSA-88fw-hqm2-52qc',
3358 silly audit report       title: 'hono: CORS Middleware reflects any Origin with credentials when `origin` defaults to the wildcard',
3358 silly audit report       severity: 'high',
3358 silly audit report       vulnerable_versions: '<4.12.25',
3358 silly audit report       cwe: [Array],
3358 silly audit report       cvss: [Object]
3358 silly audit report     },
3358 silly audit report     {
3358 silly audit report       id: 1124000,
3358 silly audit report       url: 'https://github.com/advisories/GHSA-wwfh-h76j-fc44',
3358 silly audit report       title: 'hono: Path traversal in `serve-static` on Windows via encoded backslash (`%5C`)',
3358 silly audit report       severity: 'moderate',
3358 silly audit report       vulnerable_versions: '<4.12.25',
3358 silly audit report       cwe: [Array],
3358 silly audit report       cvss: [Object]
3358 silly audit report     },
3358 silly audit report     {
3358 silly audit report       id: 1124001,
3358 silly audit report       url: 'https://github.com/advisories/GHSA-j6c9-x7qj-28xf',
3358 silly audit report       title: 'hono: AWS Lambda adapter merges multiple `Set-Cookie` headers into one value, dropping cookies on ALB single-header and Lattice',
3358 silly audit report       severity: 'moderate',
3358 silly audit report       vulnerable_versions: '<4.12.25',
3358 silly audit report       cwe: [Array],
3358 silly audit report       cvss: [Object]
3358 silly audit report     },
3358 silly audit report     {
3358 silly audit report       id: 1124005,
3358 silly audit report       url: 'https://github.com/advisories/GHSA-xgm2-5f3f-mvvc',
3358 silly audit report       title: 'Hono: API Gateway v1 adapter can drop a distinct repeated request header value during de-duplication',
3358 silly audit report       severity: 'moderate',
3358 silly audit report       vulnerable_versions: '>=4.3.3 <4.12.27',
3358 silly audit report       cwe: [Array],
3358 silly audit report       cvss: [Object]
3358 silly audit report     },
3358 silly audit report     {
3358 silly audit report       id: 1124010,
3358 silly audit report       url: 'https://github.com/advisories/GHSA-w62v-xxxg-mg59',
3358 silly audit report       title: 'Hono: Server-Side XSS via JSX Escaping Bypass in cx() Utility',
3358 silly audit report       severity: 'moderate',
3358 silly audit report       vulnerable_versions: '>=4.0.0 <4.12.27',
3358 silly audit report       cwe: [Array],
3358 silly audit report       cvss: [Object]
3358 silly audit report     },
3358 silly audit report     {
3358 silly audit report       id: 1138771,
3358 silly audit report       url: 'https://github.com/advisories/GHSA-f23p-vx2j-j53r',
3358 silly audit report       title: 'Hono: `memo()` retains SSR output across requests, leading to cross-user data disclosure',
3358 silly audit report       severity: 'moderate',
3358 silly audit report       vulnerable_versions: '>=3.8.0 <4.12.34',
3358 silly audit report       cwe: [Array],
3358 silly audit report       cvss: [Object]
3358 silly audit report     },
3358 silly audit report     {
3358 silly audit report       id: 1138772,
3358 silly audit report       url: 'https://github.com/advisories/GHSA-79qm-7rj5-m7r9',
3358 silly audit report       title: 'Hono: Proxy Helper does not remove response headers listed in the `Connection` header',
3358 silly audit report       severity: 'low',
3358 silly audit report       vulnerable_versions: '>=4.7.0 <4.12.34',
3358 silly audit report       cwe: [Array],
3358 silly audit report       cvss: [Object]
3358 silly audit report     }
3358 silly audit report   ],
3358 silly audit report   valibot: [
3358 silly audit report     {
3358 silly audit report       id: 1124298,
3358 silly audit report       url: 'https://github.com/advisories/GHSA-5qjj-4xww-7phc',
3358 silly audit report       title: 'Valibot: record() issue paths can make flatten() throw for inherited Object property names',
3358 silly audit report       severity: 'moderate',
3358 silly audit report       vulnerable_versions: '<=1.4.1',
3358 silly audit report       cwe: [Array],
3358 silly audit report       cvss: [Object]
3358 silly audit report     }
3358 silly audit report   ],
3358 silly audit report   lodash: [
3358 silly audit report     {
3358 silly audit report       id: 1120370,
3358 silly audit report       url: 'https://github.com/advisories/GHSA-xxjr-mmjv-4gpg',
3358 silly audit report       title: 'Lodash has Prototype Pollution Vulnerability in `_.unset` and `_.omit` functions',
3358 silly audit report       severity: 'moderate',
3358 silly audit report       vulnerable_versions: '>=4.0.0 <=4.17.22',
3358 silly audit report       cwe: [Array],
3358 silly audit report       cvss: [Object]
3358 silly audit report     },
3358 silly audit report     {
3358 silly audit report       id: 1115806,
3358 silly audit report       url: 'https://github.com/advisories/GHSA-r5fr-rjxr-66jc',
3358 silly audit report       title: 'lodash vulnerable to Code Injection via `_.template` imports key names',
3358 silly audit report       severity: 'high',
3358 silly audit report       vulnerable_versions: '>=4.0.0 <=4.17.23',
3358 silly audit report       cwe: [Array],
3358 silly audit report       cvss: [Object]
3358 silly audit report     },
3358 silly audit report     {
3358 silly audit report       id: 1115810,
3358 silly audit report       url: 'https://github.com/advisories/GHSA-f23m-r3pf-42rh',
3358 silly audit report       title: 'lodash vulnerable to Prototype Pollution via array path bypass in `_.unset` and `_.omit`',
3358 silly audit report       severity: 'moderate',
3358 silly audit report       vulnerable_versions: '<=4.17.23',
3358 silly audit report       cwe: [Array],
3358 silly audit report       cvss: [Object]
3358 silly audit report     }
3358 silly audit report   ]
3358 silly audit report }
3359 silly packumentCache corgi:https://registry.npmjs.org/@hono%2fnode-server cache-miss
3360 silly packumentCache corgi:https://registry.npmjs.org/hono cache-miss
3361 silly packumentCache corgi:https://registry.npmjs.org/valibot cache-miss
3362 silly packumentCache corgi:https://registry.npmjs.org/lodash cache-miss
3363 http cache prisma@https://registry.npmjs.org/prisma/-/prisma-8.0.0-rc.12.tgz 0ms (cache hit)
3364 http cache emoji-regex@https://registry.npmjs.org/emoji-regex/-/emoji-regex-10.6.0.tgz 0ms (cache hit)
3365 http cache wrap-ansi@https://registry.npmjs.org/wrap-ansi/-/wrap-ansi-9.0.2.tgz 0ms (cache hit)
3366 http cache string-width@https://registry.npmjs.org/string-width/-/string-width-7.2.0.tgz 0ms (cache hit)
3367 http cache @rolldown/binding-win32-x64-msvc@https://registry.npmjs.org/@rolldown/binding-win32-x64-msvc/-/binding-win32-x64-msvc-1.2.6.tgz 0ms (cache hit)
3368 http cache @oxc-project/types@https://registry.npmjs.org/@oxc-project/types/-/types-0.147.0.tgz 0ms (cache hit)
3369 http cache lightningcss-win32-x64-msvc@https://registry.npmjs.org/lightningcss-win32-x64-msvc/-/lightningcss-win32-x64-msvc-1.33.0.tgz 0ms (cache hit)
3370 http cache ansi-styles@https://registry.npmjs.org/ansi-styles/-/ansi-styles-6.2.3.tgz 0ms (cache hit)
3371 http cache rolldown@https://registry.npmjs.org/rolldown/-/rolldown-1.2.6.tgz 16ms (cache hit)
3372 http cache picomatch@https://registry.npmjs.org/picomatch/-/picomatch-4.0.7.tgz 0ms (cache hit)
3373 http cache lightningcss@https://registry.npmjs.org/lightningcss/-/lightningcss-1.33.0.tgz 0ms (cache hit)
3374 http cache estree-walker@https://registry.npmjs.org/estree-walker/-/estree-walker-3.0.3.tgz 0ms (cache hit)
3375 http cache powershell-utils@https://registry.npmjs.org/powershell-utils/-/powershell-utils-0.1.0.tgz 0ms (cache hit)
3376 http cache isarray@https://registry.npmjs.org/isarray/-/isarray-1.0.0.tgz 0ms (cache hit)
3377 http cache signal-exit@https://registry.npmjs.org/signal-exit/-/signal-exit-3.0.7.tgz 0ms (cache hit)
3378 http cache escape-string-regexp@https://registry.npmjs.org/escape-string-regexp/-/escape-string-regexp-2.0.0.tgz 0ms (cache hit)
3379 http cache ansi-styles@https://registry.npmjs.org/ansi-styles/-/ansi-styles-6.2.3.tgz 0ms (cache hit)
3380 http cache ansi-styles@https://registry.npmjs.org/ansi-styles/-/ansi-styles-6.2.3.tgz 0ms (cache hit)
3381 http cache lru-cache@https://registry.npmjs.org/lru-cache/-/lru-cache-11.5.2.tgz 0ms (cache hit)
3382 http cache path-key@https://registry.npmjs.org/path-key/-/path-key-4.0.0.tgz 0ms (cache hit)
3383 http cache signal-exit@https://registry.npmjs.org/signal-exit/-/signal-exit-3.0.7.tgz 0ms (cache hit)
3384 http cache @octokit/openapi-types@https://registry.npmjs.org/@octokit/openapi-types/-/openapi-types-27.0.0.tgz 0ms (cache hit)
3385 http cache @octokit/types@https://registry.npmjs.org/@octokit/types/-/types-16.0.0.tgz 0ms (cache hit)
3386 http cache @octokit/types@https://registry.npmjs.org/@octokit/types/-/types-16.0.0.tgz 0ms (cache hit)
3387 http cache string-width@https://registry.npmjs.org/string-width/-/string-width-7.2.0.tgz 0ms (cache hit)
3388 http cache detect-libc@https://registry.npmjs.org/detect-libc/-/detect-libc-2.0.2.tgz 0ms (cache hit)
3389 http cache emoji-regex@https://registry.npmjs.org/emoji-regex/-/emoji-regex-10.6.0.tgz 0ms (cache hit)
3390 http cache chalk@https://registry.npmjs.org/chalk/-/chalk-5.6.2.tgz 0ms (cache hit)
3391 http cache wrap-ansi@https://registry.npmjs.org/wrap-ansi/-/wrap-ansi-9.0.2.tgz 0ms (cache hit)
3392 http cache @octokit/openapi-types@https://registry.npmjs.org/@octokit/openapi-types/-/openapi-types-27.0.0.tgz 0ms (cache hit)
3393 http cache signal-exit@https://registry.npmjs.org/signal-exit/-/signal-exit-3.0.7.tgz 0ms (cache hit)
3394 http cache ansi-styles@https://registry.npmjs.org/ansi-styles/-/ansi-styles-6.2.3.tgz 0ms (cache hit)
3395 http cache std-env@https://registry.npmjs.org/std-env/-/std-env-4.2.0.tgz 0ms (cache hit)
3396 http cache picomatch@https://registry.npmjs.org/picomatch/-/picomatch-4.0.7.tgz 0ms (cache hit)
3397 http cache yallist@https://registry.npmjs.org/yallist/-/yallist-5.0.0.tgz 0ms (cache hit)
3398 http cache balanced-match@https://registry.npmjs.org/balanced-match/-/balanced-match-4.0.4.tgz 0ms (cache hit)
3399 http cache brace-expansion@https://registry.npmjs.org/brace-expansion/-/brace-expansion-5.0.9.tgz 0ms (cache hit)
3400 http cache picomatch@https://registry.npmjs.org/picomatch/-/picomatch-4.0.7.tgz 0ms (cache hit)
3401 http cache minimatch@https://registry.npmjs.org/minimatch/-/minimatch-10.2.6.tgz 0ms (cache hit)
3402 http cache semver@https://registry.npmjs.org/semver/-/semver-7.8.5.tgz 0ms (cache hit)
3403 http cache ansi-styles@https://registry.npmjs.org/ansi-styles/-/ansi-styles-6.2.3.tgz 0ms (cache hit)
3404 http cache glob-parent@https://registry.npmjs.org/glob-parent/-/glob-parent-5.1.2.tgz 0ms (cache hit)
3405 http cache @clack/core@https://registry.npmjs.org/@clack/core/-/core-1.4.3.tgz 0ms (cache hit)
3406 http cache @clack/prompts@https://registry.npmjs.org/@clack/prompts/-/prompts-1.7.0.tgz 0ms (cache hit)
3407 http cache fast-glob@https://registry.npmjs.org/fast-glob/-/fast-glob-3.3.3.tgz 0ms (cache hit)
3408 silly tarball no local data for graphmatch@https://registry.npmjs.org/graphmatch/-/graphmatch-1.1.1.tgz. Extracting by manifest.
3409 silly tarball no local data for grammex@https://registry.npmjs.org/grammex/-/grammex-3.1.13.tgz. Extracting by manifest.
3410 http cache picomatch@https://registry.npmjs.org/picomatch/-/picomatch-4.0.7.tgz 0ms (cache hit)
3411 silly tarball no local data for pend@https://registry.npmjs.org/pend/-/pend-1.2.0.tgz. Extracting by manifest.
3412 silly tarball no local data for yargs-parser@https://registry.npmjs.org/yargs-parser/-/yargs-parser-22.0.0.tgz. Extracting by manifest.
3413 silly tarball no local data for y18n@https://registry.npmjs.org/y18n/-/y18n-5.0.8.tgz. Extracting by manifest.
3414 silly tarball no local data for get-caller-file@https://registry.npmjs.org/get-caller-file/-/get-caller-file-2.0.5.tgz. Extracting by manifest.
3415 silly tarball no local data for cliui@https://registry.npmjs.org/cliui/-/cliui-9.0.1.tgz. Extracting by manifest.
3416 silly tarball no local data for is-wsl@https://registry.npmjs.org/is-wsl/-/is-wsl-3.1.1.tgz. Extracting by manifest.
3417 silly tarball no local data for @cloudflare/workerd-windows-64@https://registry.npmjs.org/@cloudflare/workerd-windows-64/-/workerd-windows-64-1.20260704.1.tgz. Extracting by manifest.
3418 silly tarball no local data for stackback@https://registry.npmjs.org/stackback/-/stackback-0.0.2.tgz. Extracting by manifest.
3419 silly tarball no local data for siginfo@https://registry.npmjs.org/siginfo/-/siginfo-2.0.0.tgz. Extracting by manifest.
3420 silly tarball no local data for webidl-conversions@https://registry.npmjs.org/webidl-conversions/-/webidl-conversions-3.0.1.tgz. Extracting by manifest.
3421 silly tarball no local data for tr46@https://registry.npmjs.org/tr46/-/tr46-0.0.3.tgz. Extracting by manifest.
3422 http cache picomatch@https://registry.npmjs.org/picomatch/-/picomatch-4.0.7.tgz 1ms (cache hit)
3423 silly tarball no local data for vscode-languageserver-types@https://registry.npmjs.org/vscode-languageserver-types/-/vscode-languageserver-types-3.18.0.tgz. Extracting by manifest.
3424 silly tarball no local data for vscode-jsonrpc@https://registry.npmjs.org/vscode-jsonrpc/-/vscode-jsonrpc-9.0.1.tgz. Extracting by manifest.
3425 silly tarball no local data for vscode-languageserver-protocol@https://registry.npmjs.org/vscode-languageserver-protocol/-/vscode-languageserver-protocol-3.18.2.tgz. Extracting by manifest.
3426 silly tarball no local data for assertion-error@https://registry.npmjs.org/assertion-error/-/assertion-error-2.0.1.tgz. Extracting by manifest.
3427 silly tarball no local data for @types/deep-eql@https://registry.npmjs.org/@types/deep-eql/-/deep-eql-4.0.2.tgz. Extracting by manifest.
3428 silly tarball no local data for chai@https://registry.npmjs.org/chai/-/chai-6.2.2.tgz. Extracting by manifest.
3429 silly tarball no local data for @types/chai@https://registry.npmjs.org/@types/chai/-/chai-5.2.3.tgz. Extracting by manifest.
3430 silly tarball no local data for why-is-node-running@https://registry.npmjs.org/why-is-node-running/-/why-is-node-running-2.3.0.tgz. Extracting by manifest.
3431 http cache cli-boxes@https://registry.npmjs.org/cli-boxes/-/cli-boxes-3.0.0.tgz 0ms (cache hit)
3432 silly tarball no local data for vite@https://registry.npmjs.org/vite/-/vite-8.2.2.tgz. Extracting by manifest.
3433 silly tarball no local data for tinyrainbow@https://registry.npmjs.org/tinyrainbow/-/tinyrainbow-3.1.1.tgz. Extracting by manifest.
3434 silly tarball no local data for tinyexec@https://registry.npmjs.org/tinyexec/-/tinyexec-1.3.0.tgz. Extracting by manifest.
3435 silly tarball no local data for tinybench@https://registry.npmjs.org/tinybench/-/tinybench-2.9.0.tgz. Extracting by manifest.
3436 silly tarball no local data for obug@https://registry.npmjs.org/obug/-/obug-2.1.4.tgz. Extracting by manifest.
3437 silly tarball no local data for expect-type@https://registry.npmjs.org/expect-type/-/expect-type-1.4.0.tgz. Extracting by manifest.
3438 silly tarball no local data for es-module-lexer@https://registry.npmjs.org/es-module-lexer/-/es-module-lexer-2.3.2.tgz. Extracting by manifest.
3439 silly tarball no local data for @vitest/utils@https://registry.npmjs.org/@vitest/utils/-/utils-4.1.11.tgz. Extracting by manifest.
3440 silly tarball no local data for @vitest/snapshot@https://registry.npmjs.org/@vitest/snapshot/-/snapshot-4.1.11.tgz. Extracting by manifest.
3441 silly tarball no local data for @vitest/spy@https://registry.npmjs.org/@vitest/spy/-/spy-4.1.11.tgz. Extracting by manifest.
3442 silly tarball no local data for @vitest/runner@https://registry.npmjs.org/@vitest/runner/-/runner-4.1.11.tgz. Extracting by manifest.
3443 silly tarball no local data for @vitest/pretty-format@https://registry.npmjs.org/@vitest/pretty-format/-/pretty-format-4.1.11.tgz. Extracting by manifest.
3444 silly tarball no local data for @vitest/mocker@https://registry.npmjs.org/@vitest/mocker/-/mocker-4.1.11.tgz. Extracting by manifest.
3445 silly tarball no local data for @vitest/expect@https://registry.npmjs.org/@vitest/expect/-/expect-4.1.11.tgz. Extracting by manifest.
3446 silly tarball no local data for tagged-tag@https://registry.npmjs.org/tagged-tag/-/tagged-tag-1.0.0.tgz. Extracting by manifest.
3447 silly tarball no local data for @noble/hashes@https://registry.npmjs.org/@noble/hashes/-/hashes-2.3.0.tgz. Extracting by manifest.
3448 silly tarball no local data for text-decoder@https://registry.npmjs.org/text-decoder/-/text-decoder-1.2.7.tgz. Extracting by manifest.
3449 silly tarball no local data for events-universal@https://registry.npmjs.org/events-universal/-/events-universal-1.0.1.tgz. Extracting by manifest.
3450 silly tarball no local data for teex@https://registry.npmjs.org/teex/-/teex-1.0.1.tgz. Extracting by manifest.
3451 silly tarball no local data for bare-url@https://registry.npmjs.org/bare-url/-/bare-url-2.5.2.tgz. Extracting by manifest.
3452 silly tarball no local data for bare-stream@https://registry.npmjs.org/bare-stream/-/bare-stream-2.13.4.tgz. Extracting by manifest.
3453 silly tarball no local data for bare-events@https://registry.npmjs.org/bare-events/-/bare-events-2.9.2.tgz. Extracting by manifest.
3454 silly tarball no local data for streamx@https://registry.npmjs.org/streamx/-/streamx-2.28.1.tgz. Extracting by manifest.
3455 silly tarball no local data for fast-fifo@https://registry.npmjs.org/fast-fifo/-/fast-fifo-1.3.2.tgz. Extracting by manifest.
3456 silly tarball no local data for bare-fs@https://registry.npmjs.org/bare-fs/-/bare-fs-4.8.1.tgz. Extracting by manifest.
3457 http cache resolve-from@https://registry.npmjs.org/resolve-from/-/resolve-from-5.0.0.tgz 0ms (cache hit)
3458 silly tarball no local data for b4a@https://registry.npmjs.org/b4a/-/b4a-1.8.1.tgz. Extracting by manifest.
3459 silly tarball no local data for minizlib@https://registry.npmjs.org/minizlib/-/minizlib-3.1.0.tgz. Extracting by manifest.
3460 silly tarball no local data for chownr@https://registry.npmjs.org/chownr/-/chownr-3.0.0.tgz. Extracting by manifest.
3461 silly tarball no local data for @isaacs/fs-minipass@https://registry.npmjs.org/@isaacs/fs-minipass/-/fs-minipass-4.0.1.tgz. Extracting by manifest.
3462 silly tarball no local data for anynum@https://registry.npmjs.org/anynum/-/anynum-1.0.1.tgz. Extracting by manifest.
3463 silly tarball no local data for ansi-regex@https://registry.npmjs.org/ansi-regex/-/ansi-regex-6.3.0.tgz. Extracting by manifest.
3464 silly tarball no local data for @rolldown/pluginutils@https://registry.npmjs.org/@rolldown/pluginutils/-/pluginutils-1.0.1.tgz. Extracting by manifest.
3465 silly tarball no local data for @rolldown/binding-win32-x64-msvc@https://registry.npmjs.org/@rolldown/binding-win32-x64-msvc/-/binding-win32-x64-msvc-1.1.5.tgz. Extracting by manifest.
3466 silly tarball no local data for @oxc-project/types@https://registry.npmjs.org/@oxc-project/types/-/types-0.139.0.tgz. Extracting by manifest.
3467 silly tarball no local data for mimic-fn@https://registry.npmjs.org/mimic-fn/-/mimic-fn-2.1.0.tgz. Extracting by manifest.
3468 silly tarball no local data for onetime@https://registry.npmjs.org/onetime/-/onetime-5.1.2.tgz. Extracting by manifest.
3469 silly tarball no local data for util-deprecate@https://registry.npmjs.org/util-deprecate/-/util-deprecate-1.0.2.tgz. Extracting by manifest.
3470 silly tarball no local data for string_decoder@https://registry.npmjs.org/string_decoder/-/string_decoder-1.1.1.tgz. Extracting by manifest.
3471 silly tarball no local data for process-nextick-args@https://registry.npmjs.org/process-nextick-args/-/process-nextick-args-2.0.1.tgz. Extracting by manifest.
3472 silly tarball no local data for safe-buffer@https://registry.npmjs.org/safe-buffer/-/safe-buffer-5.1.2.tgz. Extracting by manifest.
3473 silly tarball no local data for inherits@https://registry.npmjs.org/inherits/-/inherits-2.0.4.tgz. Extracting by manifest.
3474 silly tarball no local data for core-util-is@https://registry.npmjs.org/core-util-is/-/core-util-is-1.0.3.tgz. Extracting by manifest.
3475 silly tarball no local data for retry@https://registry.npmjs.org/retry/-/retry-0.12.0.tgz. Extracting by manifest.
3476 silly tarball no local data for destr@https://registry.npmjs.org/destr/-/destr-2.0.5.tgz. Extracting by manifest.
3477 silly tarball no local data for openapi-typescript-helpers@https://registry.npmjs.org/openapi-typescript-helpers/-/openapi-typescript-helpers-0.0.15.tgz. Extracting by manifest.
3478 silly tarball no local data for is-docker@https://registry.npmjs.org/is-docker/-/is-docker-3.0.0.tgz. Extracting by manifest.
3479 silly tarball no local data for run-applescript@https://registry.npmjs.org/run-applescript/-/run-applescript-7.1.0.tgz. Extracting by manifest.
3480 silly tarball no local data for default-browser-id@https://registry.npmjs.org/default-browser-id/-/default-browser-id-5.0.1.tgz. Extracting by manifest.
3481 silly tarball no local data for bundle-name@https://registry.npmjs.org/bundle-name/-/bundle-name-4.1.0.tgz. Extracting by manifest.
3482 silly tarball no local data for wsl-utils@https://registry.npmjs.org/wsl-utils/-/wsl-utils-1.0.0.tgz. Extracting by manifest.
3483 silly tarball no local data for powershell-utils@https://registry.npmjs.org/powershell-utils/-/powershell-utils-0.2.0.tgz. Extracting by manifest.
3484 silly tarball no local data for bare-path@https://registry.npmjs.org/bare-path/-/bare-path-3.1.1.tgz. Extracting by manifest.
3485 silly tarball no local data for is-inside-container@https://registry.npmjs.org/is-inside-container/-/is-inside-container-1.0.0.tgz. Extracting by manifest.
3486 silly tarball no local data for is-in-ssh@https://registry.npmjs.org/is-in-ssh/-/is-in-ssh-1.0.0.tgz. Extracting by manifest.
3487 silly tarball no local data for define-lazy-prop@https://registry.npmjs.org/define-lazy-prop/-/define-lazy-prop-3.0.0.tgz. Extracting by manifest.
3488 silly tarball no local data for default-browser@https://registry.npmjs.org/default-browser/-/default-browser-5.5.1.tgz. Extracting by manifest.
3489 silly tarball no local data for unicorn-magic@https://registry.npmjs.org/unicorn-magic/-/unicorn-magic-0.3.0.tgz. Extracting by manifest.
3490 silly tarball no local data for abbrev@https://registry.npmjs.org/abbrev/-/abbrev-3.0.1.tgz. Extracting by manifest.
3491 silly tarball no local data for whatwg-url@https://registry.npmjs.org/whatwg-url/-/whatwg-url-5.0.0.tgz. Extracting by manifest.
3492 silly tarball no local data for node-gyp-build-optional-packages@https://registry.npmjs.org/node-gyp-build-optional-packages/-/node-gyp-build-optional-packages-5.2.2.tgz. Extracting by manifest.
3493 silly tarball no local data for @msgpackr-extract/msgpackr-extract-win32-x64@https://registry.npmjs.org/@msgpackr-extract/msgpackr-extract-win32-x64/-/msgpackr-extract-win32-x64-3.0.4.tgz. Extracting by manifest.
3494 http cache picomatch@https://registry.npmjs.org/picomatch/-/picomatch-4.0.7.tgz 0ms (cache hit)
3495 silly tarball no local data for msgpackr-extract@https://registry.npmjs.org/msgpackr-extract/-/msgpackr-extract-3.0.4.tgz. Extracting by manifest.
3496 silly tarball no local data for immediate@https://registry.npmjs.org/immediate/-/immediate-3.0.6.tgz. Extracting by manifest.
3497 silly tarball no local data for @neon-rs/load@https://registry.npmjs.org/@neon-rs/load/-/load-0.0.4.tgz. Extracting by manifest.
3498 silly tarball no local data for libsodium@https://registry.npmjs.org/libsodium/-/libsodium-0.8.4.tgz. Extracting by manifest.
3499 silly tarball no local data for setimmediate@https://registry.npmjs.org/setimmediate/-/setimmediate-1.0.5.tgz. Extracting by manifest.
3500 silly tarball no local data for readable-stream@https://registry.npmjs.org/readable-stream/-/readable-stream-2.3.8.tgz. Extracting by manifest.
3501 silly tarball no local data for pako@https://registry.npmjs.org/pako/-/pako-1.0.11.tgz. Extracting by manifest.
3502 silly tarball no local data for lie@https://registry.npmjs.org/lie/-/lie-3.3.0.tgz. Extracting by manifest.
3503 silly tarball no local data for get-east-asian-width@https://registry.npmjs.org/get-east-asian-width/-/get-east-asian-width-1.6.0.tgz. Extracting by manifest.
3504 silly tarball no local data for parse-ms@https://registry.npmjs.org/parse-ms/-/parse-ms-4.0.0.tgz. Extracting by manifest.
3505 silly tarball no local data for restore-cursor@https://registry.npmjs.org/restore-cursor/-/restore-cursor-4.0.0.tgz. Extracting by manifest.
3506 silly tarball no local data for environment@https://registry.npmjs.org/environment/-/environment-1.1.0.tgz. Extracting by manifest.
3507 silly tarball no local data for is-fullwidth-code-point@https://registry.npmjs.org/is-fullwidth-code-point/-/is-fullwidth-code-point-5.1.0.tgz. Extracting by manifest.
3508 silly tarball no local data for yoga-layout@https://registry.npmjs.org/yoga-layout/-/yoga-layout-3.2.1.tgz. Extracting by manifest.
3509 silly tarball no local data for widest-line@https://registry.npmjs.org/widest-line/-/widest-line-6.0.0.tgz. Extracting by manifest.
3510 silly tarball no local data for type-fest@https://registry.npmjs.org/type-fest/-/type-fest-5.8.0.tgz. Extracting by manifest.
3511 silly tarball no local data for terminal-size@https://registry.npmjs.org/terminal-size/-/terminal-size-4.0.1.tgz. Extracting by manifest.
3512 silly tarball no local data for slice-ansi@https://registry.npmjs.org/slice-ansi/-/slice-ansi-8.0.0.tgz. Extracting by manifest.
3513 silly tarball no local data for react-reconciler@https://registry.npmjs.org/react-reconciler/-/react-reconciler-0.33.0.tgz. Extracting by manifest.
3514 silly tarball no local data for patch-console@https://registry.npmjs.org/patch-console/-/patch-console-2.0.0.tgz. Extracting by manifest.
3515 silly tarball no local data for is-in-ci@https://registry.npmjs.org/is-in-ci/-/is-in-ci-2.0.0.tgz. Extracting by manifest.
3516 silly tarball no local data for indent-string@https://registry.npmjs.org/indent-string/-/indent-string-5.0.0.tgz. Extracting by manifest.
3517 silly tarball no local data for es-toolkit@https://registry.npmjs.org/es-toolkit/-/es-toolkit-1.51.0.tgz. Extracting by manifest.
3518 silly tarball no local data for code-excerpt@https://registry.npmjs.org/code-excerpt/-/code-excerpt-4.0.0.tgz. Extracting by manifest.
3519 silly tarball no local data for cli-truncate@https://registry.npmjs.org/cli-truncate/-/cli-truncate-5.2.0.tgz. Extracting by manifest.
3520 silly tarball no local data for cli-cursor@https://registry.npmjs.org/cli-cursor/-/cli-cursor-4.0.0.tgz. Extracting by manifest.
3521 silly tarball no local data for convert-to-spaces@https://registry.npmjs.org/convert-to-spaces/-/convert-to-spaces-2.0.1.tgz. Extracting by manifest.
3522 silly tarball no local data for stack-utils@https://registry.npmjs.org/stack-utils/-/stack-utils-2.0.6.tgz. Extracting by manifest.
3523 silly tarball no local data for @libsql/win32-x64-msvc@https://registry.npmjs.org/@libsql/win32-x64-msvc/-/win32-x64-msvc-0.5.29.tgz. Extracting by manifest.
3524 silly tarball no local data for ansi-escapes@https://registry.npmjs.org/ansi-escapes/-/ansi-escapes-7.3.0.tgz. Extracting by manifest.
3525 silly tarball no local data for @alcalzone/ansi-tokenize@https://registry.npmjs.org/@alcalzone/ansi-tokenize/-/ansi-tokenize-0.2.5.tgz. Extracting by manifest.
3526 silly tarball no local data for agent-base@https://registry.npmjs.org/agent-base/-/agent-base-7.1.4.tgz. Extracting by manifest.
3527 silly tarball no local data for minipass@https://registry.npmjs.org/minipass/-/minipass-7.1.3.tgz. Extracting by manifest.
3528 silly tarball no local data for path-scurry@https://registry.npmjs.org/path-scurry/-/path-scurry-2.0.2.tgz. Extracting by manifest.
3529 silly tarball no local data for @sec-ant/readable-stream@https://registry.npmjs.org/@sec-ant/readable-stream/-/readable-stream-0.4.1.tgz. Extracting by manifest.
3530 silly tarball no local data for is-unicode-supported@https://registry.npmjs.org/is-unicode-supported/-/is-unicode-supported-2.1.0.tgz. Extracting by manifest.
3531 silly tarball no local data for xml-naming@https://registry.npmjs.org/xml-naming/-/xml-naming-0.3.0.tgz. Extracting by manifest.
3532 silly tarball no local data for strnum@https://registry.npmjs.org/strnum/-/strnum-2.4.2.tgz. Extracting by manifest.
3533 silly tarball no local data for path-expression-matcher@https://registry.npmjs.org/path-expression-matcher/-/path-expression-matcher-1.6.2.tgz. Extracting by manifest.
3534 silly tarball no local data for is-unsafe@https://registry.npmjs.org/is-unsafe/-/is-unsafe-2.0.2.tgz. Extracting by manifest.
3535 silly tarball no local data for @nodable/entities@https://registry.npmjs.org/@nodable/entities/-/entities-3.0.0.tgz. Extracting by manifest.
3536 silly tarball no local data for auto-bind@https://registry.npmjs.org/auto-bind/-/auto-bind-5.0.1.tgz. Extracting by manifest.
3537 silly tarball no local data for fast-string-truncated-width@https://registry.npmjs.org/fast-string-truncated-width/-/fast-string-truncated-width-3.0.3.tgz. Extracting by manifest.
3538 silly tarball no local data for pure-rand@https://registry.npmjs.org/pure-rand/-/pure-rand-8.4.2.tgz. Extracting by manifest.
3539 silly tarball no local data for yoctocolors@https://registry.npmjs.org/yoctocolors/-/yoctocolors-2.2.0.tgz. Extracting by manifest.
3540 silly tarball no local data for strip-final-newline@https://registry.npmjs.org/strip-final-newline/-/strip-final-newline-4.0.0.tgz. Extracting by manifest.
3541 silly tarball no local data for signal-exit@https://registry.npmjs.org/signal-exit/-/signal-exit-4.1.0.tgz. Extracting by manifest.
3542 silly tarball no local data for pretty-ms@https://registry.npmjs.org/pretty-ms/-/pretty-ms-9.3.0.tgz. Extracting by manifest.
3543 silly tarball no local data for npm-run-path@https://registry.npmjs.org/npm-run-path/-/npm-run-path-6.0.0.tgz. Extracting by manifest.
3544 silly tarball no local data for is-plain-obj@https://registry.npmjs.org/is-plain-obj/-/is-plain-obj-4.1.0.tgz. Extracting by manifest.
3545 silly tarball no local data for human-signals@https://registry.npmjs.org/human-signals/-/human-signals-8.0.1.tgz. Extracting by manifest.
3546 silly tarball no local data for get-stream@https://registry.npmjs.org/get-stream/-/get-stream-9.0.1.tgz. Extracting by manifest.
3547 silly tarball no local data for figures@https://registry.npmjs.org/figures/-/figures-6.1.0.tgz. Extracting by manifest.
3548 silly tarball no local data for @sindresorhus/merge-streams@https://registry.npmjs.org/@sindresorhus/merge-streams/-/merge-streams-4.0.0.tgz. Extracting by manifest.
3549 silly tarball no local data for @esbuild/win32-x64@https://registry.npmjs.org/@esbuild/win32-x64/-/win32-x64-0.28.2.tgz. Extracting by manifest.
3550 silly tarball no local data for msgpackr@https://registry.npmjs.org/msgpackr/-/msgpackr-2.0.6.tgz. Extracting by manifest.
3551 silly tarball no local data for fast-check@https://registry.npmjs.org/fast-check/-/fast-check-4.9.0.tgz. Extracting by manifest.
3552 silly tarball no local data for typanion@https://registry.npmjs.org/typanion/-/typanion-3.14.0.tgz. Extracting by manifest.
3553 silly tarball no local data for readdirp@https://registry.npmjs.org/readdirp/-/readdirp-5.1.1.tgz. Extracting by manifest.
3554 silly tarball no local data for regexp-to-ast@https://registry.npmjs.org/regexp-to-ast/-/regexp-to-ast-0.5.0.tgz. Extracting by manifest.
3555 silly tarball no local data for lodash@https://registry.npmjs.org/lodash/-/lodash-4.17.21.tgz. Extracting by manifest.
3556 silly tarball no local data for @chevrotain/types@https://registry.npmjs.org/@chevrotain/types/-/types-10.5.0.tgz. Extracting by manifest.
3557 silly tarball no local data for @chevrotain/utils@https://registry.npmjs.org/@chevrotain/utils/-/utils-10.5.0.tgz. Extracting by manifest.
3558 silly tarball no local data for @chevrotain/gast@https://registry.npmjs.org/@chevrotain/gast/-/gast-10.5.0.tgz. Extracting by manifest.
3559 silly tarball no local data for @chevrotain/cst-dts-gen@https://registry.npmjs.org/@chevrotain/cst-dts-gen/-/cst-dts-gen-10.5.0.tgz. Extracting by manifest.
3560 silly tarball no local data for rc9@https://registry.npmjs.org/rc9/-/rc9-3.0.1.tgz. Extracting by manifest.
3561 silly tarball no local data for pkg-types@https://registry.npmjs.org/pkg-types/-/pkg-types-2.3.1.tgz. Extracting by manifest.
3562 silly tarball no local data for perfect-debounce@https://registry.npmjs.org/perfect-debounce/-/perfect-debounce-2.1.0.tgz. Extracting by manifest.
3563 silly tarball no local data for ohash@https://registry.npmjs.org/ohash/-/ohash-2.0.12.tgz. Extracting by manifest.
3564 silly tarball no local data for giget@https://registry.npmjs.org/giget/-/giget-3.3.1.tgz. Extracting by manifest.
3565 silly tarball no local data for exsolve@https://registry.npmjs.org/exsolve/-/exsolve-1.1.1.tgz. Extracting by manifest.
3566 silly tarball no local data for defu@https://registry.npmjs.org/defu/-/defu-6.1.7.tgz. Extracting by manifest.
3567 silly tarball no local data for confbox@https://registry.npmjs.org/confbox/-/confbox-0.2.4.tgz. Extracting by manifest.
3568 silly tarball no local data for chokidar@https://registry.npmjs.org/chokidar/-/chokidar-5.0.0.tgz. Extracting by manifest.
3569 silly tarball no local data for file-uri-to-path@https://registry.npmjs.org/file-uri-to-path/-/file-uri-to-path-1.0.0.tgz. Extracting by manifest.
3570 silly tarball no local data for arkregex@https://registry.npmjs.org/arkregex/-/arkregex-0.0.8.tgz. Extracting by manifest.
3571 silly tarball no local data for @ark/util@https://registry.npmjs.org/@ark/util/-/util-0.56.2.tgz. Extracting by manifest.
3572 silly tarball no local data for @ark/schema@https://registry.npmjs.org/@ark/schema/-/schema-0.56.2.tgz. Extracting by manifest.
3573 silly tarball no local data for yargs@https://registry.npmjs.org/yargs/-/yargs-18.1.0.tgz. Extracting by manifest.
3574 silly tarball no local data for @smithy/is-array-buffer@https://registry.npmjs.org/@smithy/is-array-buffer/-/is-array-buffer-2.2.0.tgz. Extracting by manifest.
3575 silly tarball no local data for @smithy/util-buffer-from@https://registry.npmjs.org/@smithy/util-buffer-from/-/util-buffer-from-2.2.0.tgz. Extracting by manifest.
3576 silly tarball no local data for modern-tar@https://registry.npmjs.org/modern-tar/-/modern-tar-0.8.4.tgz. Extracting by manifest.
3577 silly tarball no local data for @prisma/debug@https://registry.npmjs.org/@prisma/debug/-/debug-7.2.0.tgz. Extracting by manifest.
3578 silly tarball no local data for lilconfig@https://registry.npmjs.org/lilconfig/-/lilconfig-2.1.0.tgz. Extracting by manifest.
3579 silly tarball no local data for chevrotain@https://registry.npmjs.org/chevrotain/-/chevrotain-10.5.0.tgz. Extracting by manifest.
3580 silly tarball no local data for zeptomatch@https://registry.npmjs.org/zeptomatch/-/zeptomatch-2.1.0.tgz. Extracting by manifest.
3581 silly tarball no local data for valibot@https://registry.npmjs.org/valibot/-/valibot-1.2.0.tgz. Extracting by manifest.
3582 silly tarball no local data for std-env@https://registry.npmjs.org/std-env/-/std-env-3.10.0.tgz. Extracting by manifest.
3583 silly tarball no local data for remeda@https://registry.npmjs.org/remeda/-/remeda-2.33.4.tgz. Extracting by manifest.
3584 silly tarball no local data for proper-lockfile@https://registry.npmjs.org/proper-lockfile/-/proper-lockfile-4.1.2.tgz. Extracting by manifest.
3585 silly tarball no local data for http-status-codes@https://registry.npmjs.org/http-status-codes/-/http-status-codes-2.3.0.tgz. Extracting by manifest.
3586 silly tarball no local data for foreground-child@https://registry.npmjs.org/foreground-child/-/foreground-child-3.3.1.tgz. Extracting by manifest.
3587 silly tarball no local data for is-stream@https://registry.npmjs.org/is-stream/-/is-stream-4.0.1.tgz. Extracting by manifest.
3588 silly tarball no local data for get-port-please@https://registry.npmjs.org/get-port-please/-/get-port-please-3.2.0.tgz. Extracting by manifest.
3589 silly tarball no local data for @prisma/get-platform@https://registry.npmjs.org/@prisma/get-platform/-/get-platform-7.2.0.tgz. Extracting by manifest.
3590 silly tarball no local data for @mrleebo/prisma-ast@https://registry.npmjs.org/@mrleebo/prisma-ast/-/prisma-ast-0.13.1.tgz. Extracting by manifest.
3591 silly tarball no local data for fast-xml-builder@https://registry.npmjs.org/fast-xml-builder/-/fast-xml-builder-1.3.1.tgz. Extracting by manifest.
3592 silly tarball no local data for hono@https://registry.npmjs.org/hono/-/hono-4.11.4.tgz. Extracting by manifest.
3593 silly tarball no local data for @hono/node-server@https://registry.npmjs.org/@hono/node-server/-/node-server-1.19.9.tgz. Extracting by manifest.
3594 silly tarball no local data for @electric-sql/pglite-tools@https://registry.npmjs.org/@electric-sql/pglite-tools/-/pglite-tools-0.2.20.tgz. Extracting by manifest.
3595 silly tarball no local data for @electric-sql/pglite-socket@https://registry.npmjs.org/@electric-sql/pglite-socket/-/pglite-socket-0.0.20.tgz. Extracting by manifest.
3596 silly tarball no local data for @electric-sql/pglite@https://registry.npmjs.org/@electric-sql/pglite/-/pglite-0.3.15.tgz. Extracting by manifest.
3597 silly tarball no local data for @octokit/webhooks-methods@https://registry.npmjs.org/@octokit/webhooks-methods/-/webhooks-methods-6.0.0.tgz. Extracting by manifest.
3598 silly tarball no local data for @octokit/openapi-webhooks-types@https://registry.npmjs.org/@octokit/openapi-webhooks-types/-/openapi-webhooks-types-12.1.0.tgz. Extracting by manifest.
3599 silly tarball no local data for json-with-bigint@https://registry.npmjs.org/json-with-bigint/-/json-with-bigint-3.5.12.tgz. Extracting by manifest.
3600 silly tarball no local data for content-type@https://registry.npmjs.org/content-type/-/content-type-3.0.0.tgz. Extracting by manifest.
3601 silly tarball no local data for @octokit/endpoint@https://registry.npmjs.org/@octokit/endpoint/-/endpoint-11.0.4.tgz. Extracting by manifest.
3602 silly tarball no local data for @octokit/openapi-types@https://registry.npmjs.org/@octokit/openapi-types/-/openapi-types-28.0.0.tgz. Extracting by manifest.
3603 silly tarball no local data for @prisma/query-plan-executor@https://registry.npmjs.org/@prisma/query-plan-executor/-/query-plan-executor-7.2.0.tgz. Extracting by manifest.
3604 silly tarball no local data for universal-user-agent@https://registry.npmjs.org/universal-user-agent/-/universal-user-agent-7.0.3.tgz. Extracting by manifest.
3605 silly tarball no local data for before-after-hook@https://registry.npmjs.org/before-after-hook/-/before-after-hook-4.0.0.tgz. Extracting by manifest.
3606 silly tarball no local data for @octokit/types@https://registry.npmjs.org/@octokit/types/-/types-17.0.0.tgz. Extracting by manifest.
3607 silly tarball no local data for @octokit/request-error@https://registry.npmjs.org/@octokit/request-error/-/request-error-7.1.1.tgz. Extracting by manifest.
3608 silly tarball no local data for @octokit/request@https://registry.npmjs.org/@octokit/request/-/request-10.0.15.tgz. Extracting by manifest.
3609 silly tarball no local data for @octokit/auth-token@https://registry.npmjs.org/@octokit/auth-token/-/auth-token-6.0.0.tgz. Extracting by manifest.
3610 silly tarball no local data for @octokit/plugin-rest-endpoint-methods@https://registry.npmjs.org/@octokit/plugin-rest-endpoint-methods/-/plugin-rest-endpoint-methods-17.0.0.tgz. Extracting by manifest.
3611 silly tarball no local data for @octokit/plugin-request-log@https://registry.npmjs.org/@octokit/plugin-request-log/-/plugin-request-log-6.0.0.tgz. Extracting by manifest.
3612 silly tarball no local data for @octokit/core@https://registry.npmjs.org/@octokit/core/-/core-7.0.7.tgz. Extracting by manifest.
3613 silly tarball no local data for @octokit/plugin-paginate-rest@https://registry.npmjs.org/@octokit/plugin-paginate-rest/-/plugin-paginate-rest-14.0.0.tgz. Extracting by manifest.
3614 silly tarball no local data for @types/ws@https://registry.npmjs.org/@types/ws/-/ws-8.18.1.tgz. Extracting by manifest.
3615 silly tarball no local data for @libsql/isomorphic-ws@https://registry.npmjs.org/@libsql/isomorphic-ws/-/isomorphic-ws-0.1.5.tgz. Extracting by manifest.
3616 silly tarball no local data for promise-limit@https://registry.npmjs.org/promise-limit/-/promise-limit-2.7.0.tgz. Extracting by manifest.
3617 silly tarball no local data for libsql@https://registry.npmjs.org/libsql/-/libsql-0.5.29.tgz. Extracting by manifest.
3618 silly tarball no local data for js-base64@https://registry.npmjs.org/js-base64/-/js-base64-3.9.3.tgz. Extracting by manifest.
3619 silly tarball no local data for @libsql/hrana-client@https://registry.npmjs.org/@libsql/hrana-client/-/hrana-client-0.10.0.tgz. Extracting by manifest.
3620 silly tarball no local data for @smithy/util-base64@https://registry.npmjs.org/@smithy/util-base64/-/util-base64-4.6.2.tgz. Extracting by manifest.
3621 silly tarball no local data for @smithy/util-utf8@https://registry.npmjs.org/@smithy/util-utf8/-/util-utf8-2.3.0.tgz. Extracting by manifest.
3622 silly tarball no local data for @libsql/core@https://registry.npmjs.org/@libsql/core/-/core-0.17.4.tgz. Extracting by manifest.
3623 silly tarball no local data for @aws-crypto/util@https://registry.npmjs.org/@aws-crypto/util/-/util-5.2.0.tgz. Extracting by manifest.
3624 silly tarball no local data for @aws-crypto/crc32@https://registry.npmjs.org/@aws-crypto/crc32/-/crc32-5.2.0.tgz. Extracting by manifest.
3625 silly tarball no local data for @aws-sdk/signature-v4-multi-region@https://registry.npmjs.org/@aws-sdk/signature-v4-multi-region/-/signature-v4-multi-region-3.996.46.tgz. Extracting by manifest.
3626 silly tarball no local data for @aws-sdk/token-providers@https://registry.npmjs.org/@aws-sdk/token-providers/-/token-providers-3.1116.0.tgz. Extracting by manifest.
3627 silly tarball no local data for @smithy/fetch-http-handler@https://registry.npmjs.org/@smithy/fetch-http-handler/-/fetch-http-handler-5.7.2.tgz. Extracting by manifest.
3628 silly tarball no local data for @smithy/node-http-handler@https://registry.npmjs.org/@smithy/node-http-handler/-/node-http-handler-4.11.3.tgz. Extracting by manifest.
3629 silly tarball no local data for bowser@https://registry.npmjs.org/bowser/-/bowser-2.14.1.tgz. Extracting by manifest.
3630 silly tarball no local data for @smithy/signature-v4@https://registry.npmjs.org/@smithy/signature-v4/-/signature-v4-5.7.3.tgz. Extracting by manifest.
3631 silly tarball no local data for @aws/lambda-invoke-store@https://registry.npmjs.org/@aws/lambda-invoke-store/-/lambda-invoke-store-0.3.0.tgz. Extracting by manifest.
3632 silly tarball no local data for @aws-sdk/xml-builder@https://registry.npmjs.org/@aws-sdk/xml-builder/-/xml-builder-3.972.40.tgz. Extracting by manifest.
3633 silly tarball no local data for @smithy/credential-provider-imds@https://registry.npmjs.org/@smithy/credential-provider-imds/-/credential-provider-imds-4.5.2.tgz. Extracting by manifest.
3634 silly tarball no local data for @aws-sdk/types@https://registry.npmjs.org/@aws-sdk/types/-/types-3.974.5.tgz. Extracting by manifest.
3635 silly tarball no local data for @smithy/core@https://registry.npmjs.org/@smithy/core/-/core-3.33.3.tgz. Extracting by manifest.
3636 silly tarball no local data for @aws-sdk/nested-clients@https://registry.npmjs.org/@aws-sdk/nested-clients/-/nested-clients-3.997.44.tgz. Extracting by manifest.
3637 silly tarball no local data for @aws-sdk/credential-provider-web-identity@https://registry.npmjs.org/@aws-sdk/credential-provider-web-identity/-/credential-provider-web-identity-3.972.76.tgz. Extracting by manifest.
3638 silly tarball no local data for @aws-sdk/credential-provider-sso@https://registry.npmjs.org/@aws-sdk/credential-provider-sso/-/credential-provider-sso-3.973.14.tgz. Extracting by manifest.
3639 silly tarball no local data for @aws-sdk/credential-provider-process@https://registry.npmjs.org/@aws-sdk/credential-provider-process/-/credential-provider-process-3.972.70.tgz. Extracting by manifest.
3640 silly tarball no local data for @aws-sdk/credential-provider-node@https://registry.npmjs.org/@aws-sdk/credential-provider-node/-/credential-provider-node-3.972.81.tgz. Extracting by manifest.
3641 silly tarball no local data for @aws-sdk/credential-provider-ini@https://registry.npmjs.org/@aws-sdk/credential-provider-ini/-/credential-provider-ini-3.973.15.tgz. Extracting by manifest.
3642 silly tarball no local data for @aws-sdk/credential-provider-env@https://registry.npmjs.org/@aws-sdk/credential-provider-env/-/credential-provider-env-3.972.70.tgz. Extracting by manifest.
3643 silly tarball no local data for @aws-sdk/core@https://registry.npmjs.org/@aws-sdk/core/-/core-3.977.9.tgz. Extracting by manifest.
3644 silly tarball no local data for @aws-sdk/credential-provider-http@https://registry.npmjs.org/@aws-sdk/credential-provider-http/-/credential-provider-http-3.972.72.tgz. Extracting by manifest.
3645 silly tarball no local data for yauzl@https://registry.npmjs.org/yauzl/-/yauzl-3.4.0.tgz. Extracting by manifest.
3646 silly tarball no local data for @puppeteer/browsers@https://registry.npmjs.org/@puppeteer/browsers/-/browsers-3.2.1.tgz. Extracting by manifest.
3647 silly tarball no local data for @aws-sdk/credential-provider-login@https://registry.npmjs.org/@aws-sdk/credential-provider-login/-/credential-provider-login-3.972.77.tgz. Extracting by manifest.
3648 silly tarball no local data for workerd@https://registry.npmjs.org/workerd/-/workerd-1.20260704.1.tgz. Extracting by manifest.
3649 silly tarball no local data for unenv@https://registry.npmjs.org/unenv/-/unenv-2.0.0-rc.24.tgz. Extracting by manifest.
3650 silly tarball no local data for @cloudflare/unenv-preset@https://registry.npmjs.org/@cloudflare/unenv-preset/-/unenv-preset-2.16.1.tgz. Extracting by manifest.
3651 silly tarball no local data for rolldown@https://registry.npmjs.org/rolldown/-/rolldown-1.1.5.tgz. Extracting by manifest.
3652 silly tarball no local data for undici@https://registry.npmjs.org/undici/-/undici-7.29.0.tgz. Extracting by manifest.
3653 silly tarball no local data for libsodium-wrappers@https://registry.npmjs.org/libsodium-wrappers/-/libsodium-wrappers-0.8.4.tgz. Extracting by manifest.
3654 silly tarball no local data for capnp-es@https://registry.npmjs.org/capnp-es/-/capnp-es-0.0.14.tgz. Extracting by manifest.
3655 silly tarball no local data for jszip@https://registry.npmjs.org/jszip/-/jszip-3.10.1.tgz. Extracting by manifest.
3656 silly tarball no local data for ink@https://registry.npmjs.org/ink/-/ink-6.8.0.tgz. Extracting by manifest.
3657 silly tarball no local data for fast-xml-parser@https://registry.npmjs.org/fast-xml-parser/-/fast-xml-parser-5.11.1.tgz. Extracting by manifest.
3658 silly tarball no local data for capnweb@https://registry.npmjs.org/capnweb/-/capnweb-0.6.1.tgz. Extracting by manifest.
3659 silly tarball no local data for aws4fetch@https://registry.npmjs.org/aws4fetch/-/aws4fetch-1.0.20.tgz. Extracting by manifest.
3660 silly tarball no local data for @types/aws-lambda@https://registry.npmjs.org/@types/aws-lambda/-/aws-lambda-8.10.162.tgz. Extracting by manifest.
3661 silly tarball no local data for @smithy/types@https://registry.npmjs.org/@smithy/types/-/types-4.17.2.tgz. Extracting by manifest.
3662 silly tarball no local data for @smithy/shared-ini-file-loader@https://registry.npmjs.org/@smithy/shared-ini-file-loader/-/shared-ini-file-loader-4.7.2.tgz. Extracting by manifest.
3663 silly tarball no local data for @smithy/node-config-provider@https://registry.npmjs.org/@smithy/node-config-provider/-/node-config-provider-4.6.2.tgz. Extracting by manifest.
3664 silly tarball no local data for @prisma/dev@https://registry.npmjs.org/@prisma/dev/-/dev-0.20.0.tgz. Extracting by manifest.
3665 silly tarball no local data for @octokit/webhooks@https://registry.npmjs.org/@octokit/webhooks/-/webhooks-14.2.0.tgz. Extracting by manifest.
3666 silly tarball no local data for @octokit/rest@https://registry.npmjs.org/@octokit/rest/-/rest-22.0.1.tgz. Extracting by manifest.
3667 silly tarball no local data for @libsql/client@https://registry.npmjs.org/@libsql/client/-/client-0.17.4.tgz. Extracting by manifest.
3668 silly tarball no local data for @effect/vitest@https://registry.npmjs.org/@effect/vitest/-/vitest-4.0.0-rc.112.tgz. Extracting by manifest.
3669 silly tarball no local data for vitest@https://registry.npmjs.org/vitest/-/vitest-4.1.11.tgz. Extracting by manifest.
3670 silly tarball no local data for @distilled.cloud/planetscale@https://registry.npmjs.org/@distilled.cloud/planetscale/-/planetscale-1.0.0-rc.6.tgz. Extracting by manifest.
3671 silly tarball no local data for @distilled.cloud/neon@https://registry.npmjs.org/@distilled.cloud/neon/-/neon-1.0.0-rc.6.tgz. Extracting by manifest.
3672 silly tarball no local data for @distilled.cloud/hetzner@https://registry.npmjs.org/@distilled.cloud/hetzner/-/hetzner-1.0.0-rc.6.tgz. Extracting by manifest.
3673 silly tarball no local data for @distilled.cloud/fly-io@https://registry.npmjs.org/@distilled.cloud/fly-io/-/fly-io-1.0.0-rc.6.tgz. Extracting by manifest.
3674 silly tarball no local data for @distilled.cloud/core@https://registry.npmjs.org/@distilled.cloud/core/-/core-1.0.0-rc.6.tgz. Extracting by manifest.
3675 silly tarball no local data for @distilled.cloud/axiom@https://registry.npmjs.org/@distilled.cloud/axiom/-/axiom-1.0.0-rc.6.tgz. Extracting by manifest.
3676 silly tarball no local data for @distilled.cloud/aws@https://registry.npmjs.org/@distilled.cloud/aws/-/aws-1.0.0-rc.6.tgz. Extracting by manifest.
3677 silly tarball no local data for @aws-sdk/credential-providers@https://registry.npmjs.org/@aws-sdk/credential-providers/-/credential-providers-3.1119.0.tgz. Extracting by manifest.
3678 silly tarball no local data for @alchemy.run/node-utils@https://registry.npmjs.org/@alchemy.run/node-utils/-/node-utils-2.0.0-beta.74.tgz. Extracting by manifest.
3679 silly tarball no local data for @aws-sdk/credential-provider-cognito-identity@https://registry.npmjs.org/@aws-sdk/credential-provider-cognito-identity/-/credential-provider-cognito-identity-3.972.69.tgz. Extracting by manifest.
3680 silly tarball no local data for @alchemy.run/floci@https://registry.npmjs.org/@alchemy.run/floci/-/floci-2.0.0-beta.74.tgz. Extracting by manifest.
3681 silly tarball no local data for @distilled.cloud/cloudflare@https://registry.npmjs.org/@distilled.cloud/cloudflare/-/cloudflare-1.0.0-rc.6.tgz. Extracting by manifest.
3682 silly tarball no local data for tar@https://registry.npmjs.org/tar/-/tar-7.5.22.tgz. Extracting by manifest.
3683 silly tarball no local data for @alchemy.run/cloudflare-runtime@https://registry.npmjs.org/@alchemy.run/cloudflare-runtime/-/cloudflare-runtime-2.0.0-beta.74.tgz. Extracting by manifest.
3684 silly tarball no local data for nopt@https://registry.npmjs.org/nopt/-/nopt-8.1.0.tgz. Extracting by manifest.
3685 silly tarball no local data for node-fetch@https://registry.npmjs.org/node-fetch/-/node-fetch-2.7.0.tgz. Extracting by manifest.
3686 silly tarball no local data for https-proxy-agent@https://registry.npmjs.org/https-proxy-agent/-/https-proxy-agent-7.0.6.tgz. Extracting by manifest.
3687 silly tarball no local data for consola@https://registry.npmjs.org/consola/-/consola-3.4.2.tgz. Extracting by manifest.
3688 silly tarball no local data for node-gyp-build@https://registry.npmjs.org/node-gyp-build/-/node-gyp-build-4.8.4.tgz. Extracting by manifest.
3689 silly tarball no local data for async-sema@https://registry.npmjs.org/async-sema/-/async-sema-3.1.1.tgz. Extracting by manifest.
3690 silly tarball no local data for estree-walker@https://registry.npmjs.org/estree-walker/-/estree-walker-2.0.2.tgz. Extracting by manifest.
3691 silly tarball no local data for acorn-import-attributes@https://registry.npmjs.org/acorn-import-attributes/-/acorn-import-attributes-1.9.5.tgz. Extracting by manifest.
3692 silly tarball no local data for @rollup/pluginutils@https://registry.npmjs.org/@rollup/pluginutils/-/pluginutils-5.4.0.tgz. Extracting by manifest.
3693 silly tarball no local data for bindings@https://registry.npmjs.org/bindings/-/bindings-1.5.0.tgz. Extracting by manifest.
3694 silly tarball no local data for @mapbox/node-pre-gyp@https://registry.npmjs.org/@mapbox/node-pre-gyp/-/node-pre-gyp-2.0.3.tgz. Extracting by manifest.
3695 silly tarball no local data for uniku@https://registry.npmjs.org/uniku/-/uniku-0.5.0.tgz. Extracting by manifest.
3696 silly tarball no local data for wrap-ansi@https://registry.npmjs.org/wrap-ansi/-/wrap-ansi-10.0.1.tgz. Extracting by manifest.
3697 silly tarball no local data for vscode-languageserver@https://registry.npmjs.org/vscode-languageserver/-/vscode-languageserver-10.1.0.tgz. Extracting by manifest.
3698 silly tarball no local data for vscode-languageserver-textdocument@https://registry.npmjs.org/vscode-languageserver-textdocument/-/vscode-languageserver-textdocument-1.0.12.tgz. Extracting by manifest.
3699 silly tarball no local data for strip-ansi@https://registry.npmjs.org/strip-ansi/-/strip-ansi-7.2.0.tgz. Extracting by manifest.
3700 silly tarball no local data for prettier@https://registry.npmjs.org/prettier/-/prettier-3.9.6.tgz. Extracting by manifest.
3701 silly tarball no local data for pathe@https://registry.npmjs.org/pathe/-/pathe-2.0.3.tgz. Extracting by manifest.
3702 silly tarball no local data for glob@https://registry.npmjs.org/glob/-/glob-13.0.6.tgz. Extracting by manifest.
3703 silly tarball no local data for jsonc-parser@https://registry.npmjs.org/jsonc-parser/-/jsonc-parser-3.3.1.tgz. Extracting by manifest.
3704 silly tarball no local data for closest-match@https://registry.npmjs.org/closest-match/-/closest-match-1.3.3.tgz. Extracting by manifest.
3705 silly tarball no local data for clipanion@https://registry.npmjs.org/clipanion/-/clipanion-4.0.0-rc.4.tgz. Extracting by manifest.
3706 silly tarball no local data for ci-info@https://registry.npmjs.org/ci-info/-/ci-info-4.4.0.tgz. Extracting by manifest.
3707 silly tarball no local data for @prisma/orm-framework@https://registry.npmjs.org/@prisma/orm-framework/-/orm-framework-8.0.0-rc.8.tgz. Extracting by manifest.
3708 silly tarball no local data for openapi-fetch@https://registry.npmjs.org/openapi-fetch/-/openapi-fetch-0.14.0.tgz. Extracting by manifest.
3709 silly tarball no local data for ws@https://registry.npmjs.org/ws/-/ws-8.21.3.tgz. Extracting by manifest.
3710 silly tarball no local data for tiny-invariant@https://registry.npmjs.org/tiny-invariant/-/tiny-invariant-1.3.3.tgz. Extracting by manifest.
3711 silly tarball no local data for tar-stream@https://registry.npmjs.org/tar-stream/-/tar-stream-3.2.1.tgz. Extracting by manifest.
3712 silly tarball no local data for magicast@https://registry.npmjs.org/magicast/-/magicast-0.5.4.tgz. Extracting by manifest.
3713 silly tarball no local data for @cloudflare/workers-types@https://registry.npmjs.org/@cloudflare/workers-types/-/workers-types-5.20260827.1.tgz. Extracting by manifest.
3714 silly tarball no local data for arktype@https://registry.npmjs.org/arktype/-/arktype-2.2.3.tgz. Extracting by manifest.
3715 silly tarball no local data for @standard-schema/spec@https://registry.npmjs.org/@standard-schema/spec/-/spec-1.1.0.tgz. Extracting by manifest.
3716 silly tarball no local data for @effect/sql-sqlite-do@https://registry.npmjs.org/@effect/sql-sqlite-do/-/sql-sqlite-do-4.0.0-rc.112.tgz. Extracting by manifest.
3717 silly tarball no local data for @vercel/nft@https://registry.npmjs.org/@vercel/nft/-/nft-1.11.0.tgz. Extracting by manifest.
3718 silly tarball no local data for @effect/sql-d1@https://registry.npmjs.org/@effect/sql-d1/-/sql-d1-4.0.0-rc.112.tgz. Extracting by manifest.
3719 silly tarball no local data for effect@https://registry.npmjs.org/effect/-/effect-4.0.0-rc.112.tgz. Extracting by manifest.
3720 silly tarball no local data for esbuild@https://registry.npmjs.org/esbuild/-/esbuild-0.28.2.tgz. Extracting by manifest.
3721 silly tarball no local data for alchemy@https://registry.npmjs.org/alchemy/-/alchemy-2.0.0-beta.74.tgz. Extracting by manifest.
3722 silly tarball no local data for @prisma/composer@https://registry.npmjs.org/@prisma/composer/-/composer-0.16.0.tgz. Extracting by manifest.
3723 silly tarball no local data for sisteransi@https://registry.npmjs.org/sisteransi/-/sisteransi-1.0.5.tgz. Extracting by manifest.
3724 silly tarball no local data for fast-wrap-ansi@https://registry.npmjs.org/fast-wrap-ansi/-/fast-wrap-ansi-0.2.2.tgz. Extracting by manifest.
3725 silly tarball no local data for fast-string-width@https://registry.npmjs.org/fast-string-width/-/fast-string-width-3.0.2.tgz. Extracting by manifest.
3726 silly tarball no local data for @clack/core@https://registry.npmjs.org/@clack/core/-/core-1.4.0.tgz. Extracting by manifest.
3727 silly tarball no local data for string-width@https://registry.npmjs.org/string-width/-/string-width-8.2.2.tgz. Extracting by manifest.
3728 silly tarball no local data for package-manager-detector@https://registry.npmjs.org/package-manager-detector/-/package-manager-detector-1.8.0.tgz. Extracting by manifest.
3729 silly tarball no local data for colorette@https://registry.npmjs.org/colorette/-/colorette-2.0.20.tgz. Extracting by manifest.
3730 silly tarball no local data for c12@https://registry.npmjs.org/c12/-/c12-3.3.4.tgz. Extracting by manifest.
3731 silly tarball no local data for @stricli/core@https://registry.npmjs.org/@stricli/core/-/core-1.3.0.tgz. Extracting by manifest.
3732 silly tarball no local data for @clack/prompts@https://registry.npmjs.org/@clack/prompts/-/prompts-1.5.0.tgz. Extracting by manifest.
3733 silly tarball no local data for yaml@https://registry.npmjs.org/yaml/-/yaml-2.9.0.tgz. Extracting by manifest.
3734 silly tarball no local data for jju@https://registry.npmjs.org/jju/-/jju-1.4.0.tgz. Extracting by manifest.
3735 silly tarball no local data for open@https://registry.npmjs.org/open/-/open-11.0.1.tgz. Extracting by manifest.
3736 silly tarball no local data for execa@https://registry.npmjs.org/execa/-/execa-9.6.1.tgz. Extracting by manifest.
3737 silly tarball no local data for dotenv@https://registry.npmjs.org/dotenv/-/dotenv-17.4.2.tgz. Extracting by manifest.
3738 silly tarball no local data for @prisma/orm-toolchain@https://registry.npmjs.org/@prisma/orm-toolchain/-/orm-toolchain-8.0.0-rc.8.tgz. Extracting by manifest.
3739 silly tarball no local data for @vercel/detect-agent@https://registry.npmjs.org/@vercel/detect-agent/-/detect-agent-1.2.5.tgz. Extracting by manifest.
3740 silly tarball no local data for better-result@https://registry.npmjs.org/better-result/-/better-result-2.10.0.tgz. Extracting by manifest.
3741 silly tarball no local data for @prisma/compute-sdk@https://registry.npmjs.org/@prisma/compute-sdk/-/compute-sdk-0.42.0.tgz. Extracting by manifest.
3742 silly tarball no local data for @prisma/composer-cli@https://registry.npmjs.org/@prisma/composer-cli/-/composer-cli-0.16.0.tgz. Extracting by manifest.
3743 silly tarball no local data for @prisma/management-api-sdk@https://registry.npmjs.org/@prisma/management-api-sdk/-/management-api-sdk-1.69.0.tgz. Extracting by manifest.
3744 silly tarball no local data for @prisma/cli-engine@https://registry.npmjs.org/@prisma/cli-engine/-/cli-engine-0.3.0.tgz. Extracting by manifest.
3745 silly tarball no local data for @manypkg/tools@https://registry.npmjs.org/@manypkg/tools/-/tools-2.1.2.tgz. Extracting by manifest.
3746 silly tarball no local data for @octokit/graphql@https://registry.npmjs.org/@octokit/graphql/-/graphql-9.0.4.tgz. Extracting by manifest.
3747 silly tarball no local data for prisma@https://registry.npmjs.org/prisma/-/prisma-8.0.0-rc.12.tgz. Extracting by manifest.
3748 silly tarball no local data for emoji-regex@https://registry.npmjs.org/emoji-regex/-/emoji-regex-10.6.0.tgz. Extracting by manifest.
3749 silly tarball no local data for wrap-ansi@https://registry.npmjs.org/wrap-ansi/-/wrap-ansi-9.0.2.tgz. Extracting by manifest.
3750 silly tarball no local data for string-width@https://registry.npmjs.org/string-width/-/string-width-7.2.0.tgz. Extracting by manifest.
3751 silly tarball no local data for @rolldown/binding-win32-x64-msvc@https://registry.npmjs.org/@rolldown/binding-win32-x64-msvc/-/binding-win32-x64-msvc-1.2.6.tgz. Extracting by manifest.
3752 silly tarball no local data for @oxc-project/types@https://registry.npmjs.org/@oxc-project/types/-/types-0.147.0.tgz. Extracting by manifest.
3753 silly tarball no local data for lightningcss-win32-x64-msvc@https://registry.npmjs.org/lightningcss-win32-x64-msvc/-/lightningcss-win32-x64-msvc-1.33.0.tgz. Extracting by manifest.
3754 silly tarball no local data for ansi-styles@https://registry.npmjs.org/ansi-styles/-/ansi-styles-6.2.3.tgz. Extracting by manifest.
3755 silly tarball no local data for rolldown@https://registry.npmjs.org/rolldown/-/rolldown-1.2.6.tgz. Extracting by manifest.
3756 silly tarball no local data for picomatch@https://registry.npmjs.org/picomatch/-/picomatch-4.0.7.tgz. Extracting by manifest.
3757 silly tarball no local data for lightningcss@https://registry.npmjs.org/lightningcss/-/lightningcss-1.33.0.tgz. Extracting by manifest.
3758 silly tarball no local data for estree-walker@https://registry.npmjs.org/estree-walker/-/estree-walker-3.0.3.tgz. Extracting by manifest.
3759 silly tarball no local data for powershell-utils@https://registry.npmjs.org/powershell-utils/-/powershell-utils-0.1.0.tgz. Extracting by manifest.
3760 silly tarball no local data for isarray@https://registry.npmjs.org/isarray/-/isarray-1.0.0.tgz. Extracting by manifest.
3761 silly tarball no local data for signal-exit@https://registry.npmjs.org/signal-exit/-/signal-exit-3.0.7.tgz. Extracting by manifest.
3762 silly tarball no local data for escape-string-regexp@https://registry.npmjs.org/escape-string-regexp/-/escape-string-regexp-2.0.0.tgz. Extracting by manifest.
3763 silly tarball no local data for ansi-styles@https://registry.npmjs.org/ansi-styles/-/ansi-styles-6.2.3.tgz. Extracting by manifest.
3764 silly tarball no local data for ansi-styles@https://registry.npmjs.org/ansi-styles/-/ansi-styles-6.2.3.tgz. Extracting by manifest.
3765 silly tarball no local data for lru-cache@https://registry.npmjs.org/lru-cache/-/lru-cache-11.5.2.tgz. Extracting by manifest.
3766 silly tarball no local data for path-key@https://registry.npmjs.org/path-key/-/path-key-4.0.0.tgz. Extracting by manifest.
3767 silly tarball no local data for signal-exit@https://registry.npmjs.org/signal-exit/-/signal-exit-3.0.7.tgz. Extracting by manifest.
3768 silly tarball no local data for @octokit/openapi-types@https://registry.npmjs.org/@octokit/openapi-types/-/openapi-types-27.0.0.tgz. Extracting by manifest.
3769 silly tarball no local data for @octokit/types@https://registry.npmjs.org/@octokit/types/-/types-16.0.0.tgz. Extracting by manifest.
3770 silly tarball no local data for @octokit/types@https://registry.npmjs.org/@octokit/types/-/types-16.0.0.tgz. Extracting by manifest.
3771 silly tarball no local data for string-width@https://registry.npmjs.org/string-width/-/string-width-7.2.0.tgz. Extracting by manifest.
3772 silly tarball no local data for detect-libc@https://registry.npmjs.org/detect-libc/-/detect-libc-2.0.2.tgz. Extracting by manifest.
3773 silly tarball no local data for emoji-regex@https://registry.npmjs.org/emoji-regex/-/emoji-regex-10.6.0.tgz. Extracting by manifest.
3774 silly tarball no local data for chalk@https://registry.npmjs.org/chalk/-/chalk-5.6.2.tgz. Extracting by manifest.
3775 silly tarball no local data for wrap-ansi@https://registry.npmjs.org/wrap-ansi/-/wrap-ansi-9.0.2.tgz. Extracting by manifest.
3776 silly tarball no local data for @octokit/openapi-types@https://registry.npmjs.org/@octokit/openapi-types/-/openapi-types-27.0.0.tgz. Extracting by manifest.
3777 silly tarball no local data for signal-exit@https://registry.npmjs.org/signal-exit/-/signal-exit-3.0.7.tgz. Extracting by manifest.
3778 silly tarball no local data for ansi-styles@https://registry.npmjs.org/ansi-styles/-/ansi-styles-6.2.3.tgz. Extracting by manifest.
3779 silly tarball no local data for std-env@https://registry.npmjs.org/std-env/-/std-env-4.2.0.tgz. Extracting by manifest.
3780 silly tarball no local data for picomatch@https://registry.npmjs.org/picomatch/-/picomatch-4.0.7.tgz. Extracting by manifest.
3781 silly tarball no local data for yallist@https://registry.npmjs.org/yallist/-/yallist-5.0.0.tgz. Extracting by manifest.
3782 silly tarball no local data for balanced-match@https://registry.npmjs.org/balanced-match/-/balanced-match-4.0.4.tgz. Extracting by manifest.
3783 silly tarball no local data for brace-expansion@https://registry.npmjs.org/brace-expansion/-/brace-expansion-5.0.9.tgz. Extracting by manifest.
3784 silly tarball no local data for picomatch@https://registry.npmjs.org/picomatch/-/picomatch-4.0.7.tgz. Extracting by manifest.
3785 silly tarball no local data for minimatch@https://registry.npmjs.org/minimatch/-/minimatch-10.2.6.tgz. Extracting by manifest.
3786 silly tarball no local data for semver@https://registry.npmjs.org/semver/-/semver-7.8.5.tgz. Extracting by manifest.
3787 silly tarball no local data for ansi-styles@https://registry.npmjs.org/ansi-styles/-/ansi-styles-6.2.3.tgz. Extracting by manifest.
3788 silly tarball no local data for glob-parent@https://registry.npmjs.org/glob-parent/-/glob-parent-5.1.2.tgz. Extracting by manifest.
3789 silly tarball no local data for @clack/core@https://registry.npmjs.org/@clack/core/-/core-1.4.3.tgz. Extracting by manifest.
3790 silly tarball no local data for @clack/prompts@https://registry.npmjs.org/@clack/prompts/-/prompts-1.7.0.tgz. Extracting by manifest.
3791 silly tarball no local data for fast-glob@https://registry.npmjs.org/fast-glob/-/fast-glob-3.3.3.tgz. Extracting by manifest.
3792 silly tarball no local data for picomatch@https://registry.npmjs.org/picomatch/-/picomatch-4.0.7.tgz. Extracting by manifest.
3793 silly tarball no local data for picomatch@https://registry.npmjs.org/picomatch/-/picomatch-4.0.7.tgz. Extracting by manifest.
3794 silly tarball no local data for cli-boxes@https://registry.npmjs.org/cli-boxes/-/cli-boxes-3.0.0.tgz. Extracting by manifest.
3795 silly tarball no local data for resolve-from@https://registry.npmjs.org/resolve-from/-/resolve-from-5.0.0.tgz. Extracting by manifest.
3796 silly tarball no local data for picomatch@https://registry.npmjs.org/picomatch/-/picomatch-4.0.7.tgz. Extracting by manifest.
3797 http fetch GET 200 https://registry.npmjs.org/grammex/-/grammex-3.1.13.tgz 6995ms (cache miss)
3798 http fetch GET 200 https://registry.npmjs.org/pend/-/pend-1.2.0.tgz 7151ms (cache miss)
3799 http fetch GET 200 https://registry.npmjs.org/graphmatch/-/graphmatch-1.1.1.tgz 7618ms (cache miss)
3800 http fetch GET 200 https://registry.npmjs.org/assertion-error/-/assertion-error-2.0.1.tgz 7939ms (cache miss)
3801 http fetch GET 200 https://registry.npmjs.org/@types/deep-eql/-/deep-eql-4.0.2.tgz 7938ms (cache miss)
3802 http fetch GET 200 https://registry.npmjs.org/@types/chai/-/chai-5.2.3.tgz 11044ms (cache miss)
3803 http fetch GET 200 https://registry.npmjs.org/tinyrainbow/-/tinyrainbow-3.1.1.tgz 11036ms (cache miss)
3804 http fetch GET 200 https://registry.npmjs.org/tinyexec/-/tinyexec-1.3.0.tgz 11936ms (cache miss)
3805 http fetch GET 200 https://registry.npmjs.org/why-is-node-running/-/why-is-node-running-2.3.0.tgz 12146ms (cache miss)
3806 http fetch GET 200 https://registry.npmjs.org/tinybench/-/tinybench-2.9.0.tgz 12259ms (cache miss)
3807 http fetch GET 200 https://registry.npmjs.org/@vitest/spy/-/spy-4.1.11.tgz 13027ms (cache miss)
3808 http fetch GET 200 https://registry.npmjs.org/tagged-tag/-/tagged-tag-1.0.0.tgz 13999ms (cache miss)
3809 http fetch GET 200 https://registry.npmjs.org/is-wsl/-/is-wsl-3.1.1.tgz 14417ms (cache miss)
3810 http fetch GET 200 https://registry.npmjs.org/mimic-fn/-/mimic-fn-2.1.0.tgz 15565ms (cache miss)
3811 http fetch GET 200 https://registry.npmjs.org/onetime/-/onetime-5.1.2.tgz 15722ms (cache miss)
3812 http fetch GET 200 https://registry.npmjs.org/chownr/-/chownr-3.0.0.tgz 15774ms (cache miss)
3813 http fetch GET 200 https://registry.npmjs.org/util-deprecate/-/util-deprecate-1.0.2.tgz 16252ms (cache miss)
3814 http fetch GET 200 https://registry.npmjs.org/process-nextick-args/-/process-nextick-args-2.0.1.tgz 16256ms (cache miss)
3815 http fetch GET 200 https://registry.npmjs.org/core-util-is/-/core-util-is-1.0.3.tgz 16244ms (cache miss)
3816 http fetch GET 200 https://registry.npmjs.org/retry/-/retry-0.12.0.tgz 16265ms (cache miss)
3817 http fetch GET 200 https://registry.npmjs.org/bundle-name/-/bundle-name-4.1.0.tgz 16298ms (cache miss)
3818 http fetch GET 200 https://registry.npmjs.org/run-applescript/-/run-applescript-7.1.0.tgz 16303ms (cache miss)
3819 http fetch GET 200 https://registry.npmjs.org/default-browser-id/-/default-browser-id-5.0.1.tgz 16583ms (cache miss)
3820 http fetch GET 200 https://registry.npmjs.org/is-in-ssh/-/is-in-ssh-1.0.0.tgz 16572ms (cache miss)
3821 http fetch GET 200 https://registry.npmjs.org/fast-fifo/-/fast-fifo-1.3.2.tgz 16808ms (cache miss)
3822 http fetch GET 200 https://registry.npmjs.org/ansi-regex/-/ansi-regex-6.3.0.tgz 16793ms (cache miss)
3823 http fetch GET 200 https://registry.npmjs.org/define-lazy-prop/-/define-lazy-prop-3.0.0.tgz 16842ms (cache miss)
3824 http fetch GET 200 https://registry.npmjs.org/siginfo/-/siginfo-2.0.0.tgz 17663ms (cache miss)
3825 http fetch GET 200 https://registry.npmjs.org/get-caller-file/-/get-caller-file-2.0.5.tgz 17776ms (cache miss)
3826 http fetch GET 200 https://registry.npmjs.org/webidl-conversions/-/webidl-conversions-3.0.1.tgz 17626ms (cache miss)
3827 http fetch GET 200 https://registry.npmjs.org/@neon-rs/load/-/load-0.0.4.tgz 17280ms (cache miss)
3828 http fetch GET 200 https://registry.npmjs.org/setimmediate/-/setimmediate-1.0.5.tgz 17273ms (cache miss)
3829 http fetch GET 200 https://registry.npmjs.org/anynum/-/anynum-1.0.1.tgz 17913ms (cache miss)
3830 http fetch GET 200 https://registry.npmjs.org/restore-cursor/-/restore-cursor-4.0.0.tgz 17708ms (cache miss)
3831 http fetch GET 200 https://registry.npmjs.org/widest-line/-/widest-line-6.0.0.tgz 17691ms (cache miss)
3832 http fetch GET 200 https://registry.npmjs.org/environment/-/environment-1.1.0.tgz 18201ms (cache miss)
3833 http fetch GET 200 https://registry.npmjs.org/unicorn-magic/-/unicorn-magic-0.3.0.tgz 18326ms (cache miss)
3834 http fetch GET 200 https://registry.npmjs.org/terminal-size/-/terminal-size-4.0.1.tgz 18517ms (cache miss)
3835 http fetch GET 200 https://registry.npmjs.org/patch-console/-/patch-console-2.0.0.tgz 18753ms (cache miss)
3836 http fetch GET 200 https://registry.npmjs.org/indent-string/-/indent-string-5.0.0.tgz 18747ms (cache miss)
3837 http fetch GET 200 https://registry.npmjs.org/cli-truncate/-/cli-truncate-5.2.0.tgz 18738ms (cache miss)
3838 http fetch GET 200 https://registry.npmjs.org/code-excerpt/-/code-excerpt-4.0.0.tgz 18797ms (cache miss)
3839 http fetch GET 200 https://registry.npmjs.org/convert-to-spaces/-/convert-to-spaces-2.0.1.tgz 18796ms (cache miss)
3840 http fetch GET 200 https://registry.npmjs.org/teex/-/teex-1.0.1.tgz 19193ms (cache miss)
3841 http fetch GET 200 https://registry.npmjs.org/abbrev/-/abbrev-3.0.1.tgz 19054ms (cache miss)
3842 http fetch GET 200 https://registry.npmjs.org/is-fullwidth-code-point/-/is-fullwidth-code-point-5.1.0.tgz 19875ms (cache miss)
3843 http fetch GET 200 https://registry.npmjs.org/parse-ms/-/parse-ms-4.0.0.tgz 19963ms (cache miss)
3844 http fetch GET 200 https://registry.npmjs.org/stack-utils/-/stack-utils-2.0.6.tgz 19839ms (cache miss)
3845 http fetch GET 200 https://registry.npmjs.org/get-east-asian-width/-/get-east-asian-width-1.6.0.tgz 19977ms (cache miss)
3846 http fetch GET 200 https://registry.npmjs.org/powershell-utils/-/powershell-utils-0.2.0.tgz 20114ms (cache miss)
3847 http fetch GET 200 https://registry.npmjs.org/slice-ansi/-/slice-ansi-8.0.0.tgz 19992ms (cache miss)
3848 http fetch GET 200 https://registry.npmjs.org/inherits/-/inherits-2.0.4.tgz 20263ms (cache miss)
3849 http fetch GET 200 https://registry.npmjs.org/safe-buffer/-/safe-buffer-5.1.2.tgz 20816ms (cache miss)
3850 http fetch GET 200 https://registry.npmjs.org/cli-cursor/-/cli-cursor-4.0.0.tgz 20526ms (cache miss)
3851 http fetch GET 200 https://registry.npmjs.org/stackback/-/stackback-0.0.2.tgz 21114ms (cache miss)
3852 http fetch GET 200 https://registry.npmjs.org/ansi-escapes/-/ansi-escapes-7.3.0.tgz 20490ms (cache miss)
3853 http fetch GET 200 https://registry.npmjs.org/@sec-ant/readable-stream/-/readable-stream-0.4.1.tgz 20479ms (cache miss)
3854 http fetch GET 200 https://registry.npmjs.org/strnum/-/strnum-2.4.2.tgz 20473ms (cache miss)
3855 http fetch GET 200 https://registry.npmjs.org/is-unicode-supported/-/is-unicode-supported-2.1.0.tgz 20580ms (cache miss)
3856 http fetch GET 200 https://registry.npmjs.org/events-universal/-/events-universal-1.0.1.tgz 21695ms (cache miss)
3857 http fetch GET 200 https://registry.npmjs.org/@vitest/expect/-/expect-4.1.11.tgz 22178ms (cache miss)
3858 http fetch GET 200 https://registry.npmjs.org/is-docker/-/is-docker-3.0.0.tgz 22077ms (cache miss)
3859 http fetch GET 200 https://registry.npmjs.org/agent-base/-/agent-base-7.1.4.tgz 21849ms (cache miss)
3860 http fetch GET 200 https://registry.npmjs.org/auto-bind/-/auto-bind-5.0.1.tgz 21828ms (cache miss)
3861 http fetch GET 200 https://registry.npmjs.org/strip-final-newline/-/strip-final-newline-4.0.0.tgz 21818ms (cache miss)
3862 http fetch GET 200 https://registry.npmjs.org/npm-run-path/-/npm-run-path-6.0.0.tgz 21788ms (cache miss)
3863 http fetch GET 200 https://registry.npmjs.org/is-plain-obj/-/is-plain-obj-4.1.0.tgz 21787ms (cache miss)
3864 http fetch GET 200 https://registry.npmjs.org/figures/-/figures-6.1.0.tgz 21780ms (cache miss)
3865 http fetch GET 200 https://registry.npmjs.org/fast-string-truncated-width/-/fast-string-truncated-width-3.0.3.tgz 21842ms (cache miss)
3866 http fetch GET 200 https://registry.npmjs.org/chai/-/chai-6.2.2.tgz 22787ms (cache miss)
3867 http fetch GET 200 https://registry.npmjs.org/is-inside-container/-/is-inside-container-1.0.0.tgz 22664ms (cache miss)
3868 http fetch GET 200 https://registry.npmjs.org/get-stream/-/get-stream-9.0.1.tgz 22283ms (cache miss)
3869 http fetch GET 200 https://registry.npmjs.org/@sindresorhus/merge-streams/-/merge-streams-4.0.0.tgz 22321ms (cache miss)
3870 http fetch GET 200 https://registry.npmjs.org/wsl-utils/-/wsl-utils-1.0.0.tgz 23020ms (cache miss)
3871 http fetch GET 200 https://registry.npmjs.org/default-browser/-/default-browser-5.5.1.tgz 23005ms (cache miss)
3872 http fetch GET 200 https://registry.npmjs.org/text-decoder/-/text-decoder-1.2.7.tgz 23146ms (cache miss)
3873 http fetch GET 200 https://registry.npmjs.org/regexp-to-ast/-/regexp-to-ast-0.5.0.tgz 22692ms (cache miss)
3874 http fetch GET 200 https://registry.npmjs.org/readdirp/-/readdirp-5.1.1.tgz 22701ms (cache miss)
3875 http fetch GET 200 https://registry.npmjs.org/@vitest/pretty-format/-/pretty-format-4.1.11.tgz 23463ms (cache miss)
3876 http fetch GET 200 https://registry.npmjs.org/@chevrotain/cst-dts-gen/-/cst-dts-gen-10.5.0.tgz 22864ms (cache miss)
3877 http fetch GET 200 https://registry.npmjs.org/rc9/-/rc9-3.0.1.tgz 23213ms (cache miss)
3878 http fetch GET 200 https://registry.npmjs.org/@chevrotain/types/-/types-10.5.0.tgz 23237ms (cache miss)
3879 http fetch GET 200 https://registry.npmjs.org/ohash/-/ohash-2.0.12.tgz 23246ms (cache miss)
3880 http fetch GET 200 https://registry.npmjs.org/pkg-types/-/pkg-types-2.3.1.tgz 23461ms (cache miss)
3881 http fetch GET 200 https://registry.npmjs.org/@oxc-project/types/-/types-0.139.0.tgz 24070ms (cache miss)
3882 http fetch GET 200 https://registry.npmjs.org/perfect-debounce/-/perfect-debounce-2.1.0.tgz 23510ms (cache miss)
3883 http fetch GET 200 https://registry.npmjs.org/pretty-ms/-/pretty-ms-9.3.0.tgz 23702ms (cache miss)
3884 http fetch GET 200 https://registry.npmjs.org/defu/-/defu-6.1.7.tgz 23709ms (cache miss)
3885 http fetch GET 200 https://registry.npmjs.org/file-uri-to-path/-/file-uri-to-path-1.0.0.tgz 23952ms (cache miss)
3886 http fetch GET 200 https://registry.npmjs.org/is-in-ci/-/is-in-ci-2.0.0.tgz 24268ms (cache miss)
3887 http fetch GET 200 https://registry.npmjs.org/@smithy/is-array-buffer/-/is-array-buffer-2.2.0.tgz 24442ms (cache miss)
3888 http fetch GET 200 https://registry.npmjs.org/openapi-typescript-helpers/-/openapi-typescript-helpers-0.0.15.tgz 25161ms (cache miss)
3889 http fetch GET 200 https://registry.npmjs.org/@smithy/util-buffer-from/-/util-buffer-from-2.2.0.tgz 24529ms (cache miss)
3890 http fetch GET 200 https://registry.npmjs.org/xml-naming/-/xml-naming-0.3.0.tgz 25047ms (cache miss)
3891 http fetch GET 200 https://registry.npmjs.org/zeptomatch/-/zeptomatch-2.1.0.tgz 25103ms (cache miss)
3892 http fetch GET 200 https://registry.npmjs.org/arkregex/-/arkregex-0.0.8.tgz 25989ms (cache miss)
3893 http fetch GET 200 https://registry.npmjs.org/@prisma/debug/-/debug-7.2.0.tgz 25969ms (cache miss)
3894 http fetch GET 200 https://registry.npmjs.org/std-env/-/std-env-3.10.0.tgz 25952ms (cache miss)
3895 http fetch GET 200 https://registry.npmjs.org/is-stream/-/is-stream-4.0.1.tgz 26327ms (cache miss)
3896 http fetch GET 200 https://registry.npmjs.org/msgpackr-extract/-/msgpackr-extract-3.0.4.tgz 26930ms (cache miss)
3897 http fetch GET 200 https://registry.npmjs.org/lilconfig/-/lilconfig-2.1.0.tgz 26487ms (cache miss)
3898 http fetch GET 200 https://registry.npmjs.org/string_decoder/-/string_decoder-1.1.1.tgz 27377ms (cache miss)
3899 http fetch GET 200 https://registry.npmjs.org/streamx/-/streamx-2.28.1.tgz 27769ms (cache miss)
3900 http fetch GET 200 https://registry.npmjs.org/node-gyp-build-optional-packages/-/node-gyp-build-optional-packages-5.2.2.tgz 27586ms (cache miss)
3901 http fetch GET 200 https://registry.npmjs.org/@octokit/webhooks-methods/-/webhooks-methods-6.0.0.tgz 26902ms (cache miss)
3902 http fetch GET 200 https://registry.npmjs.org/universal-user-agent/-/universal-user-agent-7.0.3.tgz 26928ms (cache miss)
3903 http fetch GET 200 https://registry.npmjs.org/immediate/-/immediate-3.0.6.tgz 27725ms (cache miss)
3904 http fetch GET 200 https://registry.npmjs.org/@octokit/request/-/request-10.0.15.tgz 27015ms (cache miss)
3905 http fetch GET 200 https://registry.npmjs.org/yoctocolors/-/yoctocolors-2.2.0.tgz 28176ms (cache miss)
3906 http fetch GET 200 https://registry.npmjs.org/@octokit/auth-token/-/auth-token-6.0.0.tgz 27707ms (cache miss)
3907 http fetch GET 200 https://registry.npmjs.org/@octokit/core/-/core-7.0.7.tgz 27671ms (cache miss)
3908 http fetch GET 200 https://registry.npmjs.org/@octokit/request-error/-/request-error-7.1.1.tgz 27734ms (cache miss)
3909 http fetch GET 200 https://registry.npmjs.org/@types/ws/-/ws-8.18.1.tgz 27670ms (cache miss)
3910 http fetch GET 200 https://registry.npmjs.org/exsolve/-/exsolve-1.1.1.tgz 29124ms (cache miss)
3911 http fetch GET 200 https://registry.npmjs.org/libsql/-/libsql-0.5.29.tgz 28793ms (cache miss)
3912 http fetch GET 200 https://registry.npmjs.org/@smithy/util-utf8/-/util-utf8-2.3.0.tgz 28773ms (cache miss)
3913 http fetch GET 200 https://registry.npmjs.org/promise-limit/-/promise-limit-2.7.0.tgz 29086ms (cache miss)
3914 http fetch GET 200 https://registry.npmjs.org/@octokit/plugin-request-log/-/plugin-request-log-6.0.0.tgz 29126ms (cache miss)
3915 http fetch GET 200 https://registry.npmjs.org/js-base64/-/js-base64-3.9.3.tgz 29097ms (cache miss)
3916 http fetch GET 200 https://registry.npmjs.org/@libsql/isomorphic-ws/-/isomorphic-ws-0.1.5.tgz 29116ms (cache miss)
3917 http fetch GET 200 https://registry.npmjs.org/@smithy/fetch-http-handler/-/fetch-http-handler-5.7.2.tgz 29042ms (cache miss)
3918 http fetch GET 200 https://registry.npmjs.org/@aws-sdk/token-providers/-/token-providers-3.1116.0.tgz 29050ms (cache miss)
3919 http fetch GET 200 https://registry.npmjs.org/@aws/lambda-invoke-store/-/lambda-invoke-store-0.3.0.tgz 29522ms (cache miss)
3920 http fetch GET 200 https://registry.npmjs.org/@aws-crypto/util/-/util-5.2.0.tgz 29724ms (cache miss)
3921 http fetch GET 200 https://registry.npmjs.org/@aws-sdk/credential-provider-process/-/credential-provider-process-3.972.70.tgz 29639ms (cache miss)
3922 http fetch GET 200 https://registry.npmjs.org/@aws-sdk/credential-provider-sso/-/credential-provider-sso-3.973.14.tgz 29834ms (cache miss)
3923 http fetch GET 200 https://registry.npmjs.org/@aws-sdk/credential-provider-http/-/credential-provider-http-3.972.72.tgz 29817ms (cache miss)
3924 http fetch GET 200 https://registry.npmjs.org/@aws-sdk/xml-builder/-/xml-builder-3.972.40.tgz 30125ms (cache miss)
3925 http fetch GET 200 https://registry.npmjs.org/@aws-sdk/credential-provider-env/-/credential-provider-env-3.972.70.tgz 30074ms (cache miss)
3926 http fetch GET 200 https://registry.npmjs.org/bare-events/-/bare-events-2.9.2.tgz 31372ms (cache miss)
3927 http fetch GET 200 https://registry.npmjs.org/bare-stream/-/bare-stream-2.13.4.tgz 31376ms (cache miss)
3928 http fetch GET 200 https://registry.npmjs.org/@cloudflare/unenv-preset/-/unenv-preset-2.16.1.tgz 30344ms (cache miss)
3929 http fetch GET 200 https://registry.npmjs.org/@aws-sdk/credential-provider-node/-/credential-provider-node-3.972.81.tgz 30532ms (cache miss)
3930 http fetch GET 200 https://registry.npmjs.org/aws4fetch/-/aws4fetch-1.0.20.tgz 31507ms (cache miss)
3931 http fetch GET 200 https://registry.npmjs.org/obug/-/obug-2.1.4.tgz 32925ms (cache miss)
3932 http fetch GET 200 https://registry.npmjs.org/@msgpackr-extract/msgpackr-extract-win32-x64/-/msgpackr-extract-win32-x64-3.0.4.tgz 33039ms (cache miss)
3933 http fetch GET 200 https://registry.npmjs.org/whatwg-url/-/whatwg-url-5.0.0.tgz 33168ms (cache miss)
3934 http fetch GET 200 https://registry.npmjs.org/destr/-/destr-2.0.5.tgz 33293ms (cache miss)
3935 http fetch GET 200 https://registry.npmjs.org/@smithy/shared-ini-file-loader/-/shared-ini-file-loader-4.7.2.tgz 32221ms (cache miss)
3936 http fetch GET 200 https://registry.npmjs.org/@smithy/node-config-provider/-/node-config-provider-4.6.2.tgz 32221ms (cache miss)
3937 http fetch GET 200 https://registry.npmjs.org/@octokit/rest/-/rest-22.0.1.tgz 32215ms (cache miss)
3938 http fetch GET 200 https://registry.npmjs.org/cliui/-/cliui-9.0.1.tgz 33858ms (cache miss)
3939 http fetch GET 200 https://registry.npmjs.org/y18n/-/y18n-5.0.8.tgz 33868ms (cache miss)
3940 http fetch GET 200 https://registry.npmjs.org/content-type/-/content-type-3.0.0.tgz 32786ms (cache miss)
3941 http fetch GET 200 https://registry.npmjs.org/chokidar/-/chokidar-5.0.0.tgz 33032ms (cache miss)
3942 http fetch GET 200 https://registry.npmjs.org/@smithy/util-base64/-/util-base64-4.6.2.tgz 32727ms (cache miss)
3943 http fetch GET 200 https://registry.npmjs.org/https-proxy-agent/-/https-proxy-agent-7.0.6.tgz 33357ms (cache miss)
3944 http fetch GET 200 https://registry.npmjs.org/async-sema/-/async-sema-3.1.1.tgz 33364ms (cache miss)
3945 http fetch GET 200 https://registry.npmjs.org/@rollup/pluginutils/-/pluginutils-5.4.0.tgz 33346ms (cache miss)
3946 http fetch GET 200 https://registry.npmjs.org/wrap-ansi/-/wrap-ansi-10.0.1.tgz 33415ms (cache miss)
3947 http fetch GET 200 https://registry.npmjs.org/acorn-import-attributes/-/acorn-import-attributes-1.9.5.tgz 33468ms (cache miss)
3948 http fetch GET 200 https://registry.npmjs.org/nopt/-/nopt-8.1.0.tgz 33508ms (cache miss)
3949 http fetch GET 200 https://registry.npmjs.org/bindings/-/bindings-1.5.0.tgz 33914ms (cache miss)
3950 http fetch GET 200 https://registry.npmjs.org/strip-ansi/-/strip-ansi-7.2.0.tgz 33882ms (cache miss)
3951 http fetch GET 200 https://registry.npmjs.org/closest-match/-/closest-match-1.3.3.tgz 33887ms (cache miss)
3952 http fetch GET 200 https://registry.npmjs.org/pathe/-/pathe-2.0.3.tgz 33907ms (cache miss)
3953 http fetch GET 200 https://registry.npmjs.org/vscode-languageserver-textdocument/-/vscode-languageserver-textdocument-1.0.12.tgz 34044ms (cache miss)
3954 http fetch GET 200 https://registry.npmjs.org/node-gyp-build/-/node-gyp-build-4.8.4.tgz 34332ms (cache miss)
3955 http fetch GET 200 https://registry.npmjs.org/tiny-invariant/-/tiny-invariant-1.3.3.tgz 34140ms (cache miss)
3956 http fetch GET 200 https://registry.npmjs.org/tar-stream/-/tar-stream-3.2.1.tgz 34142ms (cache miss)
3957 http fetch GET 200 https://registry.npmjs.org/@rolldown/pluginutils/-/pluginutils-1.0.1.tgz 36572ms (cache miss)
3958 http fetch GET 200 https://registry.npmjs.org/@standard-schema/spec/-/spec-1.1.0.tgz 34998ms (cache miss)
3959 http fetch GET 200 https://registry.npmjs.org/proper-lockfile/-/proper-lockfile-4.1.2.tgz 36724ms (cache miss)
3960 http fetch GET 200 https://registry.npmjs.org/before-after-hook/-/before-after-hook-4.0.0.tgz 36738ms (cache miss)
3961 http fetch GET 200 https://registry.npmjs.org/yauzl/-/yauzl-3.4.0.tgz 36561ms (cache miss)
3962 http fetch GET 200 https://registry.npmjs.org/get-port-please/-/get-port-please-3.2.0.tgz 39533ms (cache miss)
3963 http fetch GET 200 https://registry.npmjs.org/@nodable/entities/-/entities-3.0.0.tgz 40944ms (cache miss)
3964 http fetch GET 200 https://registry.npmjs.org/b4a/-/b4a-1.8.1.tgz 41412ms (cache miss)
3965 http fetch GET 200 https://registry.npmjs.org/sisteransi/-/sisteransi-1.0.5.tgz 40262ms (cache miss)
3966 http fetch GET 200 https://registry.npmjs.org/colorette/-/colorette-2.0.20.tgz 40437ms (cache miss)
3967 http fetch GET 200 https://registry.npmjs.org/package-manager-detector/-/package-manager-detector-1.8.0.tgz 40446ms (cache miss)
3968 http fetch GET 200 https://registry.npmjs.org/human-signals/-/human-signals-8.0.1.tgz 41682ms (cache miss)
3969 http fetch GET 200 https://registry.npmjs.org/string-width/-/string-width-8.2.2.tgz 40482ms (cache miss)
3970 http fetch GET 200 https://registry.npmjs.org/lie/-/lie-3.3.0.tgz 42259ms (cache miss)
3971 http fetch GET 200 https://registry.npmjs.org/fast-string-width/-/fast-string-width-3.0.2.tgz 41304ms (cache miss)
3972 http fetch GET 200 https://registry.npmjs.org/c12/-/c12-3.3.4.tgz 41725ms (cache miss)
3973 http fetch GET 200 https://registry.npmjs.org/ci-info/-/ci-info-4.4.0.tgz 42095ms (cache miss)
3974 http fetch GET 200 https://registry.npmjs.org/es-module-lexer/-/es-module-lexer-2.3.2.tgz 44115ms (cache miss)
3975 http fetch GET 200 https://registry.npmjs.org/fast-wrap-ansi/-/fast-wrap-ansi-0.2.2.tgz 42476ms (cache miss)
3976 http fetch GET 200 https://registry.npmjs.org/@vercel/detect-agent/-/detect-agent-1.2.5.tgz 42976ms (cache miss)
3977 http fetch GET 200 https://registry.npmjs.org/tr46/-/tr46-0.0.3.tgz 45392ms (cache miss)
3978 http fetch GET 200 https://registry.npmjs.org/@octokit/graphql/-/graphql-9.0.4.tgz 43709ms (cache miss)
3979 http fetch GET 200 https://registry.npmjs.org/@oxc-project/types/-/types-0.147.0.tgz 43636ms (cache miss)
3980 http fetch GET 200 https://registry.npmjs.org/string-width/-/string-width-7.2.0.tgz 43700ms (cache miss)
3981 http fetch GET 200 https://registry.npmjs.org/ansi-styles/-/ansi-styles-6.2.3.tgz 43662ms (cache miss)
3982 http fetch GET 200 https://registry.npmjs.org/estree-walker/-/estree-walker-3.0.3.tgz 43652ms (cache miss)
3983 http fetch GET 200 https://registry.npmjs.org/powershell-utils/-/powershell-utils-0.1.0.tgz 43650ms (cache miss)
3984 http fetch GET 200 https://registry.npmjs.org/isarray/-/isarray-1.0.0.tgz 43645ms (cache miss)
3985 http fetch GET 200 https://registry.npmjs.org/signal-exit/-/signal-exit-3.0.7.tgz 43650ms (cache miss)
3986 http fetch GET 200 https://registry.npmjs.org/modern-tar/-/modern-tar-0.8.4.tgz 45058ms (cache miss)
3987 http fetch GET 200 https://registry.npmjs.org/yargs-parser/-/yargs-parser-22.0.0.tgz 46111ms (cache miss)
3988 http fetch GET 200 https://registry.npmjs.org/@manypkg/tools/-/tools-2.1.2.tgz 43944ms (cache miss)
3989 http fetch GET 200 https://registry.npmjs.org/wrap-ansi/-/wrap-ansi-9.0.2.tgz 43975ms (cache miss)
3990 http fetch GET 200 https://registry.npmjs.org/escape-string-regexp/-/escape-string-regexp-2.0.0.tgz 44003ms (cache miss)
3991 http fetch GET 200 https://registry.npmjs.org/detect-libc/-/detect-libc-2.0.2.tgz 44059ms (cache miss)
3992 http fetch GET 200 https://registry.npmjs.org/emoji-regex/-/emoji-regex-10.6.0.tgz 44266ms (cache miss)
3993 http fetch GET 200 https://registry.npmjs.org/path-key/-/path-key-4.0.0.tgz 44251ms (cache miss)
3994 http fetch GET 200 https://registry.npmjs.org/balanced-match/-/balanced-match-4.0.4.tgz 44250ms (cache miss)
3995 http fetch GET 200 https://registry.npmjs.org/glob-parent/-/glob-parent-5.1.2.tgz 44251ms (cache miss)
3996 http fetch GET 200 https://registry.npmjs.org/std-env/-/std-env-4.2.0.tgz 44717ms (cache miss)
3997 http fetch GET 200 https://registry.npmjs.org/emoji-regex/-/emoji-regex-10.6.0.tgz 44783ms (cache miss)
3998 http fetch GET 200 https://registry.npmjs.org/string-width/-/string-width-7.2.0.tgz 44798ms (cache miss)
3999 http fetch GET 200 https://registry.npmjs.org/wrap-ansi/-/wrap-ansi-9.0.2.tgz 44800ms (cache miss)
4000 http fetch GET 200 https://registry.npmjs.org/resolve-from/-/resolve-from-5.0.0.tgz 44129ms (cache miss)
4001 http fetch GET 200 https://registry.npmjs.org/cli-boxes/-/cli-boxes-3.0.0.tgz 44457ms (cache miss)
4002 http fetch GET 200 https://registry.npmjs.org/ansi-styles/-/ansi-styles-6.2.3.tgz 44900ms (cache miss)
4003 http fetch GET 200 https://registry.npmjs.org/ansi-styles/-/ansi-styles-6.2.3.tgz 44896ms (cache miss)
4004 http fetch GET 200 https://registry.npmjs.org/ansi-styles/-/ansi-styles-6.2.3.tgz 44813ms (cache miss)
4005 http fetch GET 200 https://registry.npmjs.org/signal-exit/-/signal-exit-3.0.7.tgz 44880ms (cache miss)
4006 http fetch GET 200 https://registry.npmjs.org/signal-exit/-/signal-exit-3.0.7.tgz 44876ms (cache miss)
4007 http fetch GET 200 https://registry.npmjs.org/yallist/-/yallist-5.0.0.tgz 45138ms (cache miss)
4008 http fetch GET 200 https://registry.npmjs.org/open/-/open-11.0.1.tgz 45493ms (cache miss)
4009 http fetch GET 200 https://registry.npmjs.org/ansi-styles/-/ansi-styles-6.2.3.tgz 45527ms (cache miss)
4010 http fetch GET 200 https://registry.npmjs.org/@alchemy.run/floci/-/floci-2.0.0-beta.74.tgz 46299ms (cache miss)
4011 http fetch GET 200 https://registry.npmjs.org/expect-type/-/expect-type-1.4.0.tgz 48120ms (cache miss)
4012 http fetch GET 200 https://registry.npmjs.org/node-fetch/-/node-fetch-2.7.0.tgz 46795ms (cache miss)
4013 http fetch GET 200 https://registry.npmjs.org/@vitest/snapshot/-/snapshot-4.1.11.tgz 48267ms (cache miss)
4014 http fetch GET 200 https://registry.npmjs.org/@alchemy.run/node-utils/-/node-utils-2.0.0-beta.74.tgz 46841ms (cache miss)
4015 http fetch GET 200 https://registry.npmjs.org/valibot 50346ms (cache miss)
4016 silly packumentCache corgi:https://registry.npmjs.org/valibot set size:undefined disposed:false
4017 http fetch GET 200 https://registry.npmjs.org/lodash 50617ms (cache miss)
4018 silly packumentCache corgi:https://registry.npmjs.org/lodash set size:undefined disposed:false
4019 http fetch GET 200 https://registry.npmjs.org/@hono%2fnode-server 51669ms (cache miss)
4020 silly packumentCache corgi:https://registry.npmjs.org/@hono%2fnode-server set size:undefined disposed:false
4021 http fetch GET 200 https://registry.npmjs.org/esbuild/-/esbuild-0.28.2.tgz 49583ms (cache miss)
4022 http fetch GET 200 https://registry.npmjs.org/path-expression-matcher/-/path-expression-matcher-1.6.2.tgz 51424ms (cache miss)
4023 http fetch GET 200 https://registry.npmjs.org/@clack/core/-/core-1.4.3.tgz 50546ms (cache miss)
4024 http fetch GET 200 https://registry.npmjs.org/@clack/core/-/core-1.4.0.tgz 51406ms (cache miss)
4025 http fetch GET 200 https://registry.npmjs.org/@clack/prompts/-/prompts-1.7.0.tgz 51414ms (cache miss)
4026 http fetch GET 200 https://registry.npmjs.org/@isaacs/fs-minipass/-/fs-minipass-4.0.1.tgz 54772ms (cache miss)
4027 http fetch GET 200 https://registry.npmjs.org/@vitest/runner/-/runner-4.1.11.tgz 55596ms (cache miss)
4028 http fetch GET 200 https://registry.npmjs.org/better-result/-/better-result-2.10.0.tgz 53978ms (cache miss)
4029 http fetch GET 200 https://registry.npmjs.org/@aws-sdk/credential-provider-web-identity/-/credential-provider-web-identity-3.972.76.tgz 54722ms (cache miss)
4030 http fetch GET 200 https://registry.npmjs.org/json-with-bigint/-/json-with-bigint-3.5.12.tgz 54976ms (cache miss)
4031 http fetch GET 200 https://registry.npmjs.org/@clack/prompts/-/prompts-1.5.0.tgz 54280ms (cache miss)
4032 http fetch GET 200 https://registry.npmjs.org/typanion/-/typanion-3.14.0.tgz 55742ms (cache miss)
4033 http fetch GET 200 https://registry.npmjs.org/@stricli/core/-/core-1.3.0.tgz 55018ms (cache miss)
4034 http fetch GET 200 https://registry.npmjs.org/libsodium-wrappers/-/libsodium-wrappers-0.8.4.tgz 55525ms (cache miss)
4035 http fetch GET 200 https://registry.npmjs.org/fast-xml-builder/-/fast-xml-builder-1.3.1.tgz 56421ms (cache miss)
4036 http fetch GET 200 https://registry.npmjs.org/vscode-languageserver-types/-/vscode-languageserver-types-3.18.0.tgz 57392ms (cache miss)
4037 http fetch GET 200 https://registry.npmjs.org/@libsql/core/-/core-0.17.4.tgz 56462ms (cache miss)
4038 http fetch GET 200 https://registry.npmjs.org/jju/-/jju-1.4.0.tgz 56778ms (cache miss)
4039 http fetch GET 200 https://registry.npmjs.org/bowser/-/bowser-2.14.1.tgz 57693ms (cache miss)
4040 http fetch GET 200 https://registry.npmjs.org/picomatch/-/picomatch-4.0.7.tgz 56930ms (cache miss)
4041 http fetch GET 200 https://registry.npmjs.org/picomatch/-/picomatch-4.0.7.tgz 56768ms (cache miss)
4042 http fetch GET 200 https://registry.npmjs.org/picomatch/-/picomatch-4.0.7.tgz 55976ms (cache miss)
4043 http fetch GET 200 https://registry.npmjs.org/picomatch/-/picomatch-4.0.7.tgz 56715ms (cache miss)
4044 http fetch GET 200 https://registry.npmjs.org/is-unsafe/-/is-unsafe-2.0.2.tgz 58735ms (cache miss)
4045 http fetch GET 200 https://registry.npmjs.org/picomatch/-/picomatch-4.0.7.tgz 57045ms (cache miss)
4046 http fetch GET 200 https://registry.npmjs.org/picomatch/-/picomatch-4.0.7.tgz 57152ms (cache miss)
4047 http fetch GET 200 https://registry.npmjs.org/@aws-sdk/signature-v4-multi-region/-/signature-v4-multi-region-3.996.46.tgz 58459ms (cache miss)
4048 http fetch GET 200 https://registry.npmjs.org/@aws-sdk/credential-provider-login/-/credential-provider-login-3.972.77.tgz 58352ms (cache miss)
4049 http fetch GET 200 https://registry.npmjs.org/giget/-/giget-3.3.1.tgz 59100ms (cache miss)
4050 http fetch GET 200 https://registry.npmjs.org/openapi-fetch/-/openapi-fetch-0.14.0.tgz 58505ms (cache miss)
4051 http fetch GET 200 https://registry.npmjs.org/hono 61175ms (cache miss)
4052 silly packumentCache corgi:https://registry.npmjs.org/hono set size:undefined disposed:false
4053 http fetch GET 200 https://registry.npmjs.org/magicast/-/magicast-0.5.4.tgz 60876ms (cache miss)
4054 http fetch GET 200 https://registry.npmjs.org/dotenv/-/dotenv-17.4.2.tgz 60765ms (cache miss)
4055 http fetch GET 200 https://registry.npmjs.org/minipass/-/minipass-7.1.3.tgz 62433ms (cache miss)
4056 http fetch GET 200 https://registry.npmjs.org/estree-walker/-/estree-walker-2.0.2.tgz 62301ms (cache miss)
4057 http fetch GET 200 https://registry.npmjs.org/prisma/-/prisma-8.0.0-rc.12.tgz 62041ms (cache miss)
4058 http fetch GET 200 https://registry.npmjs.org/@chevrotain/utils/-/utils-10.5.0.tgz 63563ms (cache miss)
4059 http fetch GET 200 https://registry.npmjs.org/readable-stream/-/readable-stream-2.3.8.tgz 63921ms (cache miss)
4060 silly packumentCache corgi:https://registry.npmjs.org/@prisma%2fdev cache-miss
4061 http fetch GET 200 https://registry.npmjs.org/@chevrotain/gast/-/gast-10.5.0.tgz 64630ms (cache miss)
4062 http fetch GET 200 https://registry.npmjs.org/chalk/-/chalk-5.6.2.tgz 63488ms (cache miss)
4063 http fetch GET 200 https://registry.npmjs.org/@alcalzone/ansi-tokenize/-/ansi-tokenize-0.2.5.tgz 65459ms (cache miss)
4064 http fetch GET 200 https://registry.npmjs.org/ws/-/ws-8.21.3.tgz 64448ms (cache miss)
4065 http fetch GET 200 https://registry.npmjs.org/@prisma/management-api-sdk/-/management-api-sdk-1.69.0.tgz 64233ms (cache miss)
4066 http fetch GET 200 https://registry.npmjs.org/@prisma/cli-engine/-/cli-engine-0.3.0.tgz 64306ms (cache miss)
4067 http fetch GET 200 https://registry.npmjs.org/path-scurry/-/path-scurry-2.0.2.tgz 66007ms (cache miss)
4068 http fetch GET 200 https://registry.npmjs.org/libsodium/-/libsodium-0.8.4.tgz 66231ms (cache miss)
4069 http fetch GET 200 https://registry.npmjs.org/brace-expansion/-/brace-expansion-5.0.9.tgz 64830ms (cache miss)
4070 http fetch GET 200 https://registry.npmjs.org/@aws-crypto/crc32/-/crc32-5.2.0.tgz 66173ms (cache miss)
4071 http fetch GET 200 https://registry.npmjs.org/@octokit/plugin-paginate-rest/-/plugin-paginate-rest-14.0.0.tgz 66751ms (cache miss)
4072 http fetch GET 200 https://registry.npmjs.org/minizlib/-/minizlib-3.1.0.tgz 68269ms (cache miss)
4073 http fetch GET 200 https://registry.npmjs.org/lightningcss/-/lightningcss-1.33.0.tgz 67736ms (cache miss)
4074 http fetch GET 200 https://registry.npmjs.org/@libsql/client/-/client-0.17.4.tgz 71002ms (cache miss)
4075 http fetch GET 200 https://registry.npmjs.org/@octokit/types/-/types-17.0.0.tgz 71893ms (cache miss)
4076 http fetch GET 200 https://registry.npmjs.org/valibot/-/valibot-1.2.0.tgz 74680ms (cache miss)
4077 http fetch GET 200 https://registry.npmjs.org/react-reconciler/-/react-reconciler-0.33.0.tgz 75113ms (cache miss)
4078 http fetch GET 200 https://registry.npmjs.org/@prisma/dev/-/dev-0.20.0.tgz 76255ms (cache miss)
4079 http fetch GET 200 https://registry.npmjs.org/fast-check/-/fast-check-4.9.0.tgz 78073ms (cache miss)
4080 http fetch GET 200 https://registry.npmjs.org/bare-path/-/bare-path-3.1.1.tgz 78674ms (cache miss)
4081 http fetch GET 200 https://registry.npmjs.org/jsonc-parser/-/jsonc-parser-3.3.1.tgz 77856ms (cache miss)
4082 http fetch GET 200 https://registry.npmjs.org/confbox/-/confbox-0.2.4.tgz 78938ms (cache miss)
4083 http fetch GET 200 https://registry.npmjs.org/@octokit/openapi-webhooks-types/-/openapi-webhooks-types-12.1.0.tgz 79439ms (cache miss)
4084 http fetch GET 200 https://registry.npmjs.org/@vitest/mocker/-/mocker-4.1.11.tgz 80397ms (cache miss)
4085 http fetch GET 200 https://registry.npmjs.org/@octokit/types/-/types-16.0.0.tgz 79588ms (cache miss)
4086 http fetch GET 200 https://registry.npmjs.org/yoga-layout/-/yoga-layout-3.2.1.tgz 81384ms (cache miss)
4087 http fetch GET 200 https://registry.npmjs.org/@octokit/types/-/types-16.0.0.tgz 79607ms (cache miss)
4088 http fetch GET 200 https://registry.npmjs.org/@electric-sql/pglite-socket/-/pglite-socket-0.0.20.tgz 80864ms (cache miss)
4089 http fetch GET 200 https://registry.npmjs.org/@octokit/plugin-rest-endpoint-methods/-/plugin-rest-endpoint-methods-17.0.0.tgz 81241ms (cache miss)
4090 http fetch GET 200 https://registry.npmjs.org/@vitest/utils/-/utils-4.1.11.tgz 82283ms (cache miss)
4091 http fetch GET 200 https://registry.npmjs.org/@cloudflare/workers-types/-/workers-types-5.20260827.1.tgz 81512ms (cache miss)
4092 http fetch GET 200 https://registry.npmjs.org/capnweb/-/capnweb-0.6.1.tgz 81986ms (cache miss)
4093 http fetch GET 200 https://registry.npmjs.org/http-status-codes/-/http-status-codes-2.3.0.tgz 82820ms (cache miss)
4094 http fetch GET 200 https://registry.npmjs.org/signal-exit/-/signal-exit-4.1.0.tgz 83295ms (cache miss)
4095 http fetch GET 200 https://registry.npmjs.org/pako/-/pako-1.0.11.tgz 83637ms (cache miss)
4096 http fetch GET 200 https://registry.npmjs.org/@aws-sdk/credential-provider-ini/-/credential-provider-ini-3.973.15.tgz 84047ms (cache miss)
4097 http fetch GET 200 https://registry.npmjs.org/@prisma%2fdev 20487ms (cache miss)
4098 silly packumentCache corgi:https://registry.npmjs.org/@prisma%2fdev set size:undefined disposed:false
4099 http fetch GET 200 https://registry.npmjs.org/bare-fs/-/bare-fs-4.8.1.tgz 87132ms (cache miss)
4100 http fetch GET 200 https://registry.npmjs.org/@mrleebo/prisma-ast/-/prisma-ast-0.13.1.tgz 86402ms (cache miss)
4101 http fetch GET 200 https://registry.npmjs.org/@octokit/endpoint/-/endpoint-11.0.4.tgz 87042ms (cache miss)
4102 http fetch GET 200 https://registry.npmjs.org/@aws-sdk/credential-provider-cognito-identity/-/credential-provider-cognito-identity-3.972.69.tgz 89122ms (cache miss)
4103 http fetch GET 200 https://registry.npmjs.org/@electric-sql/pglite-tools/-/pglite-tools-0.2.20.tgz 91707ms (cache miss)
4104 http fetch GET 200 https://registry.npmjs.org/consola/-/consola-3.4.2.tgz 91317ms (cache miss)
4105 silly packumentCache corgi:https://registry.npmjs.org/chevrotain cache-miss
4106 silly packumentCache corgi:https://registry.npmjs.org/@chevrotain%2fcst-dts-gen cache-miss
4107 silly packumentCache corgi:https://registry.npmjs.org/@chevrotain%2fgast cache-miss
4108 http fetch GET 200 https://registry.npmjs.org/foreground-child/-/foreground-child-3.3.1.tgz 93078ms (cache miss)
4109 http fetch GET 200 https://registry.npmjs.org/msgpackr/-/msgpackr-2.0.6.tgz 93559ms (cache miss)
4110 http fetch GET 200 https://registry.npmjs.org/@mapbox/node-pre-gyp/-/node-pre-gyp-2.0.3.tgz 92980ms (cache miss)
4111 http fetch GET 200 https://registry.npmjs.org/@prisma/get-platform/-/get-platform-7.2.0.tgz 94670ms (cache miss)
4112 http fetch GET 200 https://registry.npmjs.org/@chevrotain%2fcst-dts-gen 4755ms (cache miss)
4113 silly packumentCache corgi:https://registry.npmjs.org/@chevrotain%2fcst-dts-gen set size:undefined disposed:false
4114 http fetch GET 200 https://registry.npmjs.org/@chevrotain%2fgast 5185ms (cache miss)
4115 silly packumentCache corgi:https://registry.npmjs.org/@chevrotain%2fgast set size:undefined disposed:false
4116 http fetch GET 200 https://registry.npmjs.org/@smithy/signature-v4/-/signature-v4-5.7.3.tgz 97218ms (cache miss)
4117 http fetch GET 200 https://registry.npmjs.org/@octokit/openapi-types/-/openapi-types-28.0.0.tgz 98255ms (cache miss)
4118 http fetch GET 200 https://registry.npmjs.org/@ark/util/-/util-0.56.2.tgz 98933ms (cache miss)
4119 http fetch GET 200 https://registry.npmjs.org/chevrotain 6596ms (cache miss)
4120 silly packumentCache corgi:https://registry.npmjs.org/chevrotain set size:undefined disposed:false
4121 http fetch GET 200 https://registry.npmjs.org/vscode-jsonrpc/-/vscode-jsonrpc-9.0.1.tgz 100118ms (cache miss)
4122 http fetch GET 200 https://registry.npmjs.org/@noble/hashes/-/hashes-2.3.0.tgz 100626ms (cache miss)
4123 silly packumentCache corgi:https://registry.npmjs.org/alchemy cache-miss
4124 http fetch GET 200 https://registry.npmjs.org/semver/-/semver-7.8.5.tgz 99627ms (cache miss)
4125 http fetch GET 200 https://registry.npmjs.org/@vercel/nft/-/nft-1.11.0.tgz 100308ms (cache miss)
4126 http fetch GET 200 https://registry.npmjs.org/@hono/node-server/-/node-server-1.19.9.tgz 101478ms (cache miss)
4127 http fetch GET 200 https://registry.npmjs.org/@octokit/openapi-types/-/openapi-types-27.0.0.tgz 100602ms (cache miss)
4128 http fetch GET 200 https://registry.npmjs.org/@octokit/openapi-types/-/openapi-types-27.0.0.tgz 100588ms (cache miss)
4129 http fetch GET 200 https://registry.npmjs.org/workerd/-/workerd-1.20260704.1.tgz 101561ms (cache miss)
4130 http fetch GET 200 https://registry.npmjs.org/@prisma/query-plan-executor/-/query-plan-executor-7.2.0.tgz 102400ms (cache miss)
4131 http fetch GET 200 https://registry.npmjs.org/@smithy/node-http-handler/-/node-http-handler-4.11.3.tgz 102600ms (cache miss)
4132 http fetch GET 200 https://registry.npmjs.org/@distilled.cloud/neon/-/neon-1.0.0-rc.6.tgz 102511ms (cache miss)
4133 http fetch GET 200 https://registry.npmjs.org/vite/-/vite-8.2.2.tgz 104114ms (cache miss)
4134 http fetch GET 200 https://registry.npmjs.org/jszip/-/jszip-3.10.1.tgz 102958ms (cache miss)
4135 http fetch GET 200 https://registry.npmjs.org/rolldown/-/rolldown-1.1.5.tgz 103856ms (cache miss)
4136 http fetch GET 200 https://registry.npmjs.org/@prisma/composer-cli/-/composer-cli-0.16.0.tgz 104076ms (cache miss)
4137 http fetch GET 200 https://registry.npmjs.org/yargs/-/yargs-18.1.0.tgz 105758ms (cache miss)
4138 http fetch GET 200 https://registry.npmjs.org/@octokit/webhooks/-/webhooks-14.2.0.tgz 105402ms (cache miss)
4139 http fetch GET 200 https://registry.npmjs.org/bare-url/-/bare-url-2.5.2.tgz 106817ms (cache miss)
4140 http fetch GET 200 https://registry.npmjs.org/@types/aws-lambda/-/aws-lambda-8.10.162.tgz 106433ms (cache miss)
4141 http fetch GET 200 https://registry.npmjs.org/@smithy/credential-provider-imds/-/credential-provider-imds-4.5.2.tgz 106667ms (cache miss)
4142 http fetch GET 200 https://registry.npmjs.org/alchemy 6622ms (cache miss)
4143 silly packumentCache corgi:https://registry.npmjs.org/alchemy set size:undefined disposed:false
4144 http fetch GET 200 https://registry.npmjs.org/@aws-sdk/credential-providers/-/credential-providers-3.1119.0.tgz 107073ms (cache miss)
4145 http fetch GET 200 https://registry.npmjs.org/capnp-es/-/capnp-es-0.0.14.tgz 108029ms (cache miss)
4146 http fetch GET 200 https://registry.npmjs.org/rolldown/-/rolldown-1.2.6.tgz 107485ms (cache miss)
4147 http fetch GET 200 https://registry.npmjs.org/@distilled.cloud/axiom/-/axiom-1.0.0-rc.6.tgz 109191ms (cache miss)
4148 http fetch GET 200 https://registry.npmjs.org/fast-glob/-/fast-glob-3.3.3.tgz 108529ms (cache miss)
4149 http fetch GET 200 https://registry.npmjs.org/vscode-languageserver/-/vscode-languageserver-10.1.0.tgz 109236ms (cache miss)
4150 http fetch GET 200 https://registry.npmjs.org/pure-rand/-/pure-rand-8.4.2.tgz 110278ms (cache miss)
4151 http fetch GET 200 https://registry.npmjs.org/minimatch/-/minimatch-10.2.6.tgz 108729ms (cache miss)
4152 silly packumentCache corgi:https://registry.npmjs.org/@mrleebo%2fprisma-ast cache-miss
4153 http fetch GET 200 https://registry.npmjs.org/vscode-languageserver-protocol/-/vscode-languageserver-protocol-3.18.2.tgz 111494ms (cache miss)
4154 http fetch GET 200 https://registry.npmjs.org/@distilled.cloud/fly-io/-/fly-io-1.0.0-rc.6.tgz 110060ms (cache miss)
4155 http fetch GET 200 https://registry.npmjs.org/fast-xml-parser/-/fast-xml-parser-5.11.1.tgz 110174ms (cache miss)
4156 http fetch GET 200 https://registry.npmjs.org/@distilled.cloud/planetscale/-/planetscale-1.0.0-rc.6.tgz 110749ms (cache miss)
4157 http fetch GET 200 https://registry.npmjs.org/@mrleebo%2fprisma-ast 2740ms (cache miss)
4158 silly packumentCache corgi:https://registry.npmjs.org/@mrleebo%2fprisma-ast set size:undefined disposed:false
4159 silly packumentCache corgi:https://registry.npmjs.org/@prisma%2fcomposer-cli cache-miss
4160 silly packumentCache corgi:https://registry.npmjs.org/@prisma%2fcomposer cache-miss
4161 http fetch GET 200 https://registry.npmjs.org/@prisma%2fcomposer-cli 2253ms (cache miss)
4162 silly packumentCache corgi:https://registry.npmjs.org/@prisma%2fcomposer-cli set size:undefined disposed:false
4163 http fetch GET 200 https://registry.npmjs.org/@prisma%2fcomposer 2826ms (cache miss)
4164 silly packumentCache corgi:https://registry.npmjs.org/@prisma%2fcomposer set size:undefined disposed:false
4165 silly packumentCache corgi:https://registry.npmjs.org/prisma cache-miss
4166 http fetch GET 200 https://registry.npmjs.org/glob/-/glob-13.0.6.tgz 119576ms (cache miss)
4167 http fetch GET 200 https://registry.npmjs.org/@libsql/win32-x64-msvc/-/win32-x64-msvc-0.5.29.tgz 120963ms (cache miss)
4168 http fetch GET 200 https://registry.npmjs.org/clipanion/-/clipanion-4.0.0-rc.4.tgz 120104ms (cache miss)
4169 http fetch GET 200 https://registry.npmjs.org/uniku/-/uniku-0.5.0.tgz 121695ms (cache miss)
4170 http fetch GET 200 https://registry.npmjs.org/@puppeteer/browsers/-/browsers-3.2.1.tgz 125525ms (cache miss)
4171 http fetch GET 200 https://registry.npmjs.org/lightningcss-win32-x64-msvc/-/lightningcss-win32-x64-msvc-1.33.0.tgz 129391ms (cache miss)
4172 http fetch GET 200 https://registry.npmjs.org/@ark/schema/-/schema-0.56.2.tgz 135019ms (cache miss)
4173 http fetch GET 200 https://registry.npmjs.org/@esbuild/win32-x64/-/win32-x64-0.28.2.tgz 137953ms (cache miss)
4174 http fetch GET 200 https://registry.npmjs.org/@aws-sdk/types/-/types-3.974.5.tgz 138886ms (cache miss)
4175 http fetch GET 200 https://registry.npmjs.org/vitest/-/vitest-4.1.11.tgz 140010ms (cache miss)
4176 http fetch GET 200 https://registry.npmjs.org/@effect/sql-d1/-/sql-d1-4.0.0-rc.112.tgz 143419ms (cache miss)
4177 http fetch GET 200 https://registry.npmjs.org/@effect/vitest/-/vitest-4.0.0-rc.112.tgz 146519ms (cache miss)
4178 http fetch GET 200 https://registry.npmjs.org/@effect/sql-sqlite-do/-/sql-sqlite-do-4.0.0-rc.112.tgz 146257ms (cache miss)
4179 http fetch GET 200 https://registry.npmjs.org/@distilled.cloud/core/-/core-1.0.0-rc.6.tgz 147737ms (cache miss)
4180 http fetch GET 200 https://registry.npmjs.org/@prisma/composer/-/composer-0.16.0.tgz 147939ms (cache miss)
4181 http fetch GET 200 https://registry.npmjs.org/arktype/-/arktype-2.2.3.tgz 148220ms (cache miss)
4182 http fetch GET 200 https://registry.npmjs.org/@libsql/hrana-client/-/hrana-client-0.10.0.tgz 149353ms (cache miss)
4183 http fetch GET 200 https://registry.npmjs.org/prettier/-/prettier-3.9.6.tgz 149029ms (cache miss)
4184 http fetch GET 200 https://registry.npmjs.org/lru-cache/-/lru-cache-11.5.2.tgz 149058ms (cache miss)
4185 http fetch GET 200 https://registry.npmjs.org/execa/-/execa-9.6.1.tgz 153033ms (cache miss)
4186 http fetch GET 200 https://registry.npmjs.org/type-fest/-/type-fest-5.8.0.tgz 161457ms (cache miss)
4187 http fetch GET 200 https://registry.npmjs.org/ink/-/ink-6.8.0.tgz 160757ms (cache miss)
4188 http fetch GET 200 https://registry.npmjs.org/@prisma/orm-toolchain/-/orm-toolchain-8.0.0-rc.8.tgz 160289ms (cache miss)
4189 http fetch GET 200 https://registry.npmjs.org/@prisma/compute-sdk/-/compute-sdk-0.42.0.tgz 160335ms (cache miss)
4190 http fetch GET 200 https://registry.npmjs.org/@rolldown/binding-win32-x64-msvc/-/binding-win32-x64-msvc-1.1.5.tgz 162897ms (cache miss)
4191 http fetch GET 200 https://registry.npmjs.org/@rolldown/binding-win32-x64-msvc/-/binding-win32-x64-msvc-1.2.6.tgz 163476ms (cache miss)
4192 http fetch GET 200 https://registry.npmjs.org/@distilled.cloud/hetzner/-/hetzner-1.0.0-rc.6.tgz 172784ms (cache miss)
4193 http fetch GET 200 https://registry.npmjs.org/@smithy/types/-/types-4.17.2.tgz 173337ms (cache miss)
4194 http fetch GET 200 https://registry.npmjs.org/chevrotain/-/chevrotain-10.5.0.tgz 174530ms (cache miss)
4195 http fetch GET 200 https://registry.npmjs.org/undici/-/undici-7.29.0.tgz 174464ms (cache miss)
4196 http fetch GET 200 https://registry.npmjs.org/prisma 60426ms (cache miss)
4197 silly packumentCache corgi:https://registry.npmjs.org/prisma set size:undefined disposed:false
4198 http fetch GET 200 https://registry.npmjs.org/yaml/-/yaml-2.9.0.tgz 184810ms (cache miss)
4199 silly packumentCache corgi:https://registry.npmjs.org/@prisma%2fclient cache-miss
4200 http fetch GET 200 https://registry.npmjs.org/tar/-/tar-7.5.22.tgz 189660ms (cache miss)
4201 http fetch GET 200 https://registry.npmjs.org/@prisma/orm-framework/-/orm-framework-8.0.0-rc.8.tgz 190482ms (cache miss)
4202 http fetch GET 200 https://registry.npmjs.org/@electric-sql/pglite/-/pglite-0.3.15.tgz 219905ms (cache miss)
4203 http fetch GET 200 https://registry.npmjs.org/unenv/-/unenv-2.0.0-rc.24.tgz 221458ms (cache miss)
4204 http fetch GET 200 https://registry.npmjs.org/@aws-sdk/nested-clients/-/nested-clients-3.997.44.tgz 223328ms (cache miss)
4205 http fetch GET 200 https://registry.npmjs.org/@aws-sdk/core/-/core-3.977.9.tgz 227275ms (cache miss)
4206 http fetch GET 200 https://registry.npmjs.org/@prisma%2fclient 41695ms (cache miss)
4207 silly packumentCache corgi:https://registry.npmjs.org/@prisma%2fclient set size:undefined disposed:false
4208 http fetch GET 200 https://registry.npmjs.org/remeda/-/remeda-2.33.4.tgz 236199ms (cache miss)
4209 http fetch GET 200 https://registry.npmjs.org/lodash/-/lodash-4.17.21.tgz 242998ms (cache miss)
4210 http fetch GET 200 https://registry.npmjs.org/@cloudflare/workerd-windows-64/-/workerd-windows-64-1.20260704.1.tgz 246308ms (cache miss)
4211 http fetch GET 200 https://registry.npmjs.org/hono/-/hono-4.11.4.tgz 245778ms (cache miss)
4212 http fetch GET 200 https://registry.npmjs.org/@distilled.cloud/cloudflare/-/cloudflare-1.0.0-rc.6.tgz 265589ms (cache miss)
4213 http fetch GET 200 https://registry.npmjs.org/@alchemy.run/cloudflare-runtime/-/cloudflare-runtime-2.0.0-beta.74.tgz 288671ms (cache miss)
4214 http fetch GET 200 https://registry.npmjs.org/@smithy/core/-/core-3.33.3.tgz 297555ms (cache miss)
4215 http fetch GET 200 https://registry.npmjs.org/effect/-/effect-4.0.0-rc.112.tgz 341542ms (cache miss)
4216 http fetch GET 200 https://registry.npmjs.org/es-toolkit/-/es-toolkit-1.51.0.tgz 401953ms (cache miss)
4217 http fetch GET 200 https://registry.npmjs.org/@distilled.cloud/aws/-/aws-1.0.0-rc.6.tgz 437909ms (cache miss)
4218 http fetch GET 200 https://registry.npmjs.org/alchemy/-/alchemy-2.0.0-beta.74.tgz 704440ms (cache miss)
4219 info run msgpackr-extract@3.0.4 install node_modules/msgpackr-extract node-gyp-build-optional-packages
4220 info run msgpackr-extract@3.0.4 install { code: 0, signal: null }
4221 info run esbuild@0.28.2 postinstall node_modules/esbuild node install.js
4222 info run workerd@1.20260704.1 postinstall node_modules/workerd node install.js
4223 info run workerd@1.20260704.1 postinstall { code: 0, signal: null }
4224 info run esbuild@0.28.2 postinstall { code: 0, signal: null }
4225 silly ADD node_modules/graphmatch
4226 silly ADD node_modules/grammex
4227 silly ADD node_modules/pend
4228 silly ADD node_modules/yargs-parser
4229 silly ADD node_modules/y18n
4230 silly ADD node_modules/get-caller-file
4231 silly ADD node_modules/cliui
4232 silly ADD node_modules/cliui/node_modules/ansi-styles
4233 silly ADD node_modules/cliui/node_modules/emoji-regex
4234 silly ADD node_modules/cliui/node_modules/wrap-ansi
4235 silly ADD node_modules/cliui/node_modules/string-width
4236 silly ADD node_modules/is-wsl
4237 silly ADD node_modules/@cloudflare/workerd-windows-64
4238 silly ADD node_modules/stackback
4239 silly ADD node_modules/siginfo
4240 silly ADD node_modules/webidl-conversions
4241 silly ADD node_modules/tr46
4242 silly ADD node_modules/vscode-languageserver-types
4243 silly ADD node_modules/vscode-jsonrpc
4244 silly ADD node_modules/vscode-languageserver-protocol
4245 silly ADD node_modules/assertion-error
4246 silly ADD node_modules/@types/deep-eql
4247 silly ADD node_modules/chai
4248 silly ADD node_modules/@types/chai
4249 silly ADD node_modules/why-is-node-running
4250 silly ADD node_modules/vite
4251 silly ADD node_modules/vite/node_modules/@rolldown/binding-win32-x64-msvc
4252 silly ADD node_modules/vite/node_modules/@oxc-project/types
4253 silly ADD node_modules/vite/node_modules/lightningcss-win32-x64-msvc
4254 silly ADD node_modules/vite/node_modules/rolldown
4255 silly ADD node_modules/vite/node_modules/picomatch
4256 silly ADD node_modules/vite/node_modules/lightningcss
4257 silly ADD node_modules/tinyrainbow
4258 silly ADD node_modules/tinyexec
4259 silly ADD node_modules/tinybench
4260 silly ADD node_modules/obug
4261 silly ADD node_modules/expect-type
4262 silly ADD node_modules/es-module-lexer
4263 silly ADD node_modules/@vitest/utils
4264 silly ADD node_modules/@vitest/spy
4265 silly ADD node_modules/@vitest/snapshot
4266 silly ADD node_modules/@vitest/runner
4267 silly ADD node_modules/@vitest/pretty-format
4268 silly ADD node_modules/@vitest/mocker
4269 silly ADD node_modules/@vitest/mocker/node_modules/estree-walker
4270 silly ADD node_modules/@vitest/expect
4271 silly ADD node_modules/@noble/hashes
4272 silly ADD node_modules/tagged-tag
4273 silly ADD node_modules/text-decoder
4274 silly ADD node_modules/events-universal
4275 silly ADD node_modules/teex
4276 silly ADD node_modules/bare-url
4277 silly ADD node_modules/bare-stream
4278 silly ADD node_modules/bare-path
4279 silly ADD node_modules/bare-events
4280 silly ADD node_modules/streamx
4281 silly ADD node_modules/fast-fifo
4282 silly ADD node_modules/bare-fs
4283 silly ADD node_modules/b4a
4284 silly ADD node_modules/minizlib
4285 silly ADD node_modules/chownr
4286 silly ADD node_modules/@isaacs/fs-minipass
4287 silly ADD node_modules/anynum
4288 silly ADD node_modules/ansi-regex
4289 silly ADD node_modules/@rolldown/pluginutils
4290 silly ADD node_modules/@rolldown/binding-win32-x64-msvc
4291 silly ADD node_modules/@oxc-project/types
4292 silly ADD node_modules/mimic-fn
4293 silly ADD node_modules/onetime
4294 silly ADD node_modules/util-deprecate
4295 silly ADD node_modules/string_decoder
4296 silly ADD node_modules/safe-buffer
4297 silly ADD node_modules/process-nextick-args
4298 silly ADD node_modules/inherits
4299 silly ADD node_modules/core-util-is
4300 silly ADD node_modules/destr
4301 silly ADD node_modules/retry
4302 silly ADD node_modules/parse-ms
4303 silly ADD node_modules/openapi-typescript-helpers
4304 silly ADD node_modules/is-docker
4305 silly ADD node_modules/run-applescript
4306 silly ADD node_modules/default-browser-id
4307 silly ADD node_modules/bundle-name
4308 silly ADD node_modules/wsl-utils
4309 silly ADD node_modules/wsl-utils/node_modules/powershell-utils
4310 silly ADD node_modules/powershell-utils
4311 silly ADD node_modules/is-inside-container
4312 silly ADD node_modules/is-in-ssh
4313 silly ADD node_modules/define-lazy-prop
4314 silly ADD node_modules/default-browser
4315 silly ADD node_modules/unicorn-magic
4316 silly ADD node_modules/abbrev
4317 silly ADD node_modules/whatwg-url
4318 silly ADD node_modules/node-gyp-build-optional-packages
4319 silly ADD node_modules/@msgpackr-extract/msgpackr-extract-win32-x64
4320 silly ADD node_modules/msgpackr-extract
4321 silly ADD node_modules/immediate
4322 silly ADD node_modules/@neon-rs/load
4323 silly ADD node_modules/@libsql/win32-x64-msvc
4324 silly ADD node_modules/libsodium
4325 silly ADD node_modules/setimmediate
4326 silly ADD node_modules/readable-stream
4327 silly ADD node_modules/readable-stream/node_modules/isarray
4328 silly ADD node_modules/pako
4329 silly ADD node_modules/lie
4330 silly ADD node_modules/get-east-asian-width
4331 silly ADD node_modules/convert-to-spaces
4332 silly ADD node_modules/restore-cursor
4333 silly ADD node_modules/restore-cursor/node_modules/signal-exit
4334 silly ADD node_modules/environment
4335 silly ADD node_modules/is-fullwidth-code-point
4336 silly ADD node_modules/yoga-layout
4337 silly ADD node_modules/widest-line
4338 silly ADD node_modules/type-fest
4339 silly ADD node_modules/terminal-size
4340 silly ADD node_modules/stack-utils
4341 silly ADD node_modules/stack-utils/node_modules/escape-string-regexp
4342 silly ADD node_modules/slice-ansi
4343 silly ADD node_modules/slice-ansi/node_modules/ansi-styles
4344 silly ADD node_modules/react-reconciler
4345 silly ADD node_modules/patch-console
4346 silly ADD node_modules/is-in-ci
4347 silly ADD node_modules/indent-string
4348 silly ADD node_modules/es-toolkit
4349 silly ADD node_modules/code-excerpt
4350 silly ADD node_modules/cli-truncate
4351 silly ADD node_modules/cli-cursor
4352 silly ADD node_modules/cli-boxes
4353 silly ADD node_modules/auto-bind
4354 silly ADD node_modules/ansi-escapes
4355 silly ADD node_modules/@alcalzone/ansi-tokenize
4356 silly ADD node_modules/@alcalzone/ansi-tokenize/node_modules/ansi-styles
4357 silly ADD node_modules/agent-base
4358 silly ADD node_modules/path-scurry
4359 silly ADD node_modules/path-scurry/node_modules/lru-cache
4360 silly ADD node_modules/minipass
4361 silly ADD node_modules/@sec-ant/readable-stream
4362 silly ADD node_modules/is-unicode-supported
4363 silly ADD node_modules/xml-naming
4364 silly ADD node_modules/strnum
4365 silly ADD node_modules/path-expression-matcher
4366 silly ADD node_modules/is-unsafe
4367 silly ADD node_modules/fast-xml-builder
4368 silly ADD node_modules/@nodable/entities
4369 silly ADD node_modules/fast-string-truncated-width
4370 silly ADD node_modules/pure-rand
4371 silly ADD node_modules/yoctocolors
4372 silly ADD node_modules/strip-final-newline
4373 silly ADD node_modules/signal-exit
4374 silly ADD node_modules/pretty-ms
4375 silly ADD node_modules/npm-run-path
4376 silly ADD node_modules/npm-run-path/node_modules/path-key
4377 silly ADD node_modules/is-stream
4378 silly ADD node_modules/is-plain-obj
4379 silly ADD node_modules/human-signals
4380 silly ADD node_modules/get-stream
4381 silly ADD node_modules/figures
4382 silly ADD node_modules/@sindresorhus/merge-streams
4383 silly ADD node_modules/@esbuild/win32-x64
4384 silly ADD node_modules/msgpackr
4385 silly ADD node_modules/fast-check
4386 silly ADD node_modules/typanion
4387 silly ADD node_modules/readdirp
4388 silly ADD node_modules/regexp-to-ast
4389 silly ADD node_modules/lodash
4390 silly ADD node_modules/@chevrotain/utils
4391 silly ADD node_modules/@chevrotain/types
4392 silly ADD node_modules/@chevrotain/gast
4393 silly ADD node_modules/@chevrotain/cst-dts-gen
4394 silly ADD node_modules/rc9
4395 silly ADD node_modules/pkg-types
4396 silly ADD node_modules/perfect-debounce
4397 silly ADD node_modules/ohash
4398 silly ADD node_modules/giget
4399 silly ADD node_modules/exsolve
4400 silly ADD node_modules/defu
4401 silly ADD node_modules/confbox
4402 silly ADD node_modules/chokidar
4403 silly ADD node_modules/file-uri-to-path
4404 silly ADD node_modules/arkregex
4405 silly ADD node_modules/@ark/util
4406 silly ADD node_modules/@ark/schema
4407 silly ADD node_modules/@smithy/is-array-buffer
4408 silly ADD node_modules/@smithy/util-buffer-from
4409 silly ADD node_modules/yargs
4410 silly ADD node_modules/modern-tar
4411 silly ADD node_modules/@prisma/debug
4412 silly ADD node_modules/lilconfig
4413 silly ADD node_modules/chevrotain
4414 silly ADD node_modules/zeptomatch
4415 silly ADD node_modules/valibot
4416 silly ADD node_modules/std-env
4417 silly ADD node_modules/remeda
4418 silly ADD node_modules/proper-lockfile
4419 silly ADD node_modules/proper-lockfile/node_modules/signal-exit
4420 silly ADD node_modules/http-status-codes
4421 silly ADD node_modules/get-port-please
4422 silly ADD node_modules/foreground-child
4423 silly ADD node_modules/@prisma/query-plan-executor
4424 silly ADD node_modules/@prisma/get-platform
4425 silly ADD node_modules/@mrleebo/prisma-ast
4426 silly ADD node_modules/hono
4427 silly ADD node_modules/@hono/node-server
4428 silly ADD node_modules/@electric-sql/pglite-tools
4429 silly ADD node_modules/@electric-sql/pglite-socket
4430 silly ADD node_modules/@electric-sql/pglite
4431 silly ADD node_modules/@octokit/webhooks-methods
4432 silly ADD node_modules/@octokit/openapi-webhooks-types
4433 silly ADD node_modules/@octokit/openapi-types
4434 silly ADD node_modules/json-with-bigint
4435 silly ADD node_modules/content-type
4436 silly ADD node_modules/@octokit/endpoint
4437 silly ADD node_modules/universal-user-agent
4438 silly ADD node_modules/before-after-hook
4439 silly ADD node_modules/@octokit/types
4440 silly ADD node_modules/@octokit/request-error
4441 silly ADD node_modules/@octokit/request
4442 silly ADD node_modules/@octokit/graphql
4443 silly ADD node_modules/@octokit/auth-token
4444 silly ADD node_modules/@octokit/plugin-rest-endpoint-methods
4445 silly ADD node_modules/@octokit/plugin-rest-endpoint-methods/node_modules/@octokit/openapi-types
4446 silly ADD node_modules/@octokit/plugin-rest-endpoint-methods/node_modules/@octokit/types
4447 silly ADD node_modules/@octokit/plugin-request-log
4448 silly ADD node_modules/@octokit/plugin-paginate-rest
4449 silly ADD node_modules/@octokit/plugin-paginate-rest/node_modules/@octokit/openapi-types
4450 silly ADD node_modules/@octokit/plugin-paginate-rest/node_modules/@octokit/types
4451 silly ADD node_modules/@octokit/core
4452 silly ADD node_modules/@types/ws
4453 silly ADD node_modules/@libsql/isomorphic-ws
4454 silly ADD node_modules/promise-limit
4455 silly ADD node_modules/libsql
4456 silly ADD node_modules/libsql/node_modules/detect-libc
4457 silly ADD node_modules/js-base64
4458 silly ADD node_modules/@libsql/hrana-client
4459 silly ADD node_modules/@libsql/core
4460 silly ADD node_modules/@smithy/util-utf8
4461 silly ADD node_modules/@smithy/util-base64
4462 silly ADD node_modules/@aws-crypto/util
4463 silly ADD node_modules/@aws-crypto/crc32
4464 silly ADD node_modules/@aws-sdk/signature-v4-multi-region
4465 silly ADD node_modules/@aws-sdk/token-providers
4466 silly ADD node_modules/@smithy/node-http-handler
4467 silly ADD node_modules/@smithy/fetch-http-handler
4468 silly ADD node_modules/bowser
4469 silly ADD node_modules/@smithy/signature-v4
4470 silly ADD node_modules/@aws/lambda-invoke-store
4471 silly ADD node_modules/@aws-sdk/xml-builder
4472 silly ADD node_modules/@smithy/credential-provider-imds
4473 silly ADD node_modules/@smithy/core
4474 silly ADD node_modules/@aws-sdk/types
4475 silly ADD node_modules/@aws-sdk/nested-clients
4476 silly ADD node_modules/@aws-sdk/credential-provider-web-identity
4477 silly ADD node_modules/@aws-sdk/credential-provider-sso
4478 silly ADD node_modules/@aws-sdk/credential-provider-process
4479 silly ADD node_modules/@aws-sdk/credential-provider-node
4480 silly ADD node_modules/@aws-sdk/credential-provider-login
4481 silly ADD node_modules/@aws-sdk/credential-provider-ini
4482 silly ADD node_modules/@aws-sdk/credential-provider-http
4483 silly ADD node_modules/@aws-sdk/credential-provider-env
4484 silly ADD node_modules/@aws-sdk/credential-provider-cognito-identity
4485 silly ADD node_modules/@aws-sdk/core
4486 silly ADD node_modules/yauzl
4487 silly ADD node_modules/workerd
4488 silly ADD node_modules/capnp-es
4489 silly ADD node_modules/@puppeteer/browsers
4490 silly ADD node_modules/unenv
4491 silly ADD node_modules/@cloudflare/unenv-preset
4492 silly ADD node_modules/undici
4493 silly ADD node_modules/rolldown
4494 silly ADD node_modules/libsodium-wrappers
4495 silly ADD node_modules/jszip
4496 silly ADD node_modules/ink
4497 silly ADD node_modules/ink/node_modules/emoji-regex
4498 silly ADD node_modules/ink/node_modules/wrap-ansi
4499 silly ADD node_modules/ink/node_modules/wrap-ansi/node_modules/string-width
4500 silly ADD node_modules/ink/node_modules/signal-exit
4501 silly ADD node_modules/ink/node_modules/chalk
4502 silly ADD node_modules/ink/node_modules/ansi-styles
4503 silly ADD node_modules/fast-xml-parser
4504 silly ADD node_modules/capnweb
4505 silly ADD node_modules/aws4fetch
4506 silly ADD node_modules/@types/aws-lambda
4507 silly ADD node_modules/@smithy/types
4508 silly ADD node_modules/@smithy/shared-ini-file-loader
4509 silly ADD node_modules/@smithy/node-config-provider
4510 silly ADD node_modules/@prisma/dev
4511 silly ADD node_modules/@octokit/webhooks
4512 silly ADD node_modules/@octokit/rest
4513 silly ADD node_modules/@libsql/client
4514 silly ADD node_modules/vitest
4515 silly ADD node_modules/vitest/node_modules/std-env
4516 silly ADD node_modules/vitest/node_modules/picomatch
4517 silly ADD node_modules/@effect/vitest
4518 silly ADD node_modules/@distilled.cloud/planetscale
4519 silly ADD node_modules/@distilled.cloud/neon
4520 silly ADD node_modules/@distilled.cloud/hetzner
4521 silly ADD node_modules/@distilled.cloud/fly-io
4522 silly ADD node_modules/@distilled.cloud/core
4523 silly ADD node_modules/@distilled.cloud/axiom
4524 silly ADD node_modules/@distilled.cloud/aws
4525 silly ADD node_modules/@aws-sdk/credential-providers
4526 silly ADD node_modules/@alchemy.run/node-utils
4527 silly ADD node_modules/@alchemy.run/floci
4528 silly ADD node_modules/@distilled.cloud/cloudflare
4529 silly ADD node_modules/@alchemy.run/cloudflare-runtime
4530 silly ADD node_modules/tar
4531 silly ADD node_modules/tar/node_modules/yallist
4532 silly ADD node_modules/nopt
4533 silly ADD node_modules/node-fetch
4534 silly ADD node_modules/https-proxy-agent
4535 silly ADD node_modules/consola
4536 silly ADD node_modules/node-gyp-build
4537 silly ADD node_modules/glob
4538 silly ADD node_modules/glob/node_modules/balanced-match
4539 silly ADD node_modules/glob/node_modules/brace-expansion
4540 silly ADD node_modules/glob/node_modules/minimatch
4541 silly ADD node_modules/estree-walker
4542 silly ADD node_modules/bindings
4543 silly ADD node_modules/async-sema
4544 silly ADD node_modules/acorn-import-attributes
4545 silly ADD node_modules/@rollup/pluginutils
4546 silly ADD node_modules/@rollup/pluginutils/node_modules/picomatch
4547 silly ADD node_modules/@mapbox/node-pre-gyp
4548 silly ADD node_modules/@mapbox/node-pre-gyp/node_modules/semver
4549 silly ADD node_modules/uniku
4550 silly ADD node_modules/wrap-ansi
4551 silly ADD node_modules/wrap-ansi/node_modules/ansi-styles
4552 silly ADD node_modules/vscode-languageserver-textdocument
4553 silly ADD node_modules/vscode-languageserver
4554 silly ADD node_modules/strip-ansi
4555 silly ADD node_modules/prettier
4556 silly ADD node_modules/pathe
4557 silly ADD node_modules/jsonc-parser
4558 silly ADD node_modules/closest-match
4559 silly ADD node_modules/clipanion
4560 silly ADD node_modules/ci-info
4561 silly ADD node_modules/@prisma/orm-framework
4562 silly ADD node_modules/openapi-fetch
4563 silly ADD node_modules/ws
4564 silly ADD node_modules/tiny-invariant
4565 silly ADD node_modules/tar-stream
4566 silly ADD node_modules/magicast
4567 silly ADD node_modules/@vercel/nft
4568 silly ADD node_modules/@vercel/nft/node_modules/resolve-from
4569 silly ADD node_modules/@vercel/nft/node_modules/picomatch
4570 silly ADD node_modules/@cloudflare/workers-types
4571 silly ADD node_modules/arktype
4572 silly ADD node_modules/@standard-schema/spec
4573 silly ADD node_modules/@effect/sql-sqlite-do
4574 silly ADD node_modules/@effect/sql-d1
4575 silly ADD node_modules/esbuild
4576 silly ADD node_modules/effect
4577 silly ADD node_modules/alchemy
4578 silly ADD node_modules/alchemy/node_modules/glob-parent
4579 silly ADD node_modules/alchemy/node_modules/@clack/core
4580 silly ADD node_modules/alchemy/node_modules/picomatch
4581 silly ADD node_modules/alchemy/node_modules/fast-glob
4582 silly ADD node_modules/alchemy/node_modules/@clack/prompts
4583 silly ADD node_modules/@prisma/composer
4584 silly ADD node_modules/sisteransi
4585 silly ADD node_modules/fast-wrap-ansi
4586 silly ADD node_modules/fast-string-width
4587 silly ADD node_modules/@clack/core
4588 silly ADD node_modules/string-width
4589 silly ADD node_modules/package-manager-detector
4590 silly ADD node_modules/colorette
4591 silly ADD node_modules/c12
4592 silly ADD node_modules/@stricli/core
4593 silly ADD node_modules/@clack/prompts
4594 silly ADD node_modules/yaml
4595 silly ADD node_modules/jju
4596 silly ADD node_modules/open
4597 silly ADD node_modules/execa
4598 silly ADD node_modules/dotenv
4599 silly ADD node_modules/better-result
4600 silly ADD node_modules/@vercel/detect-agent
4601 silly ADD node_modules/@prisma/orm-toolchain
4602 silly ADD node_modules/@prisma/compute-sdk
4603 silly ADD node_modules/@prisma/compute-sdk/node_modules/picomatch
4604 silly ADD node_modules/@prisma/composer-cli
4605 silly ADD node_modules/@prisma/management-api-sdk
4606 silly ADD node_modules/@prisma/cli-engine
4607 silly ADD node_modules/@manypkg/tools
4608 silly ADD node_modules/prisma
4609 warn allow-scripts 4 packages have install scripts not yet covered by allowScripts:
4609 warn allow-scripts   unrs-resolver@1.12.2 (install: (install scripts present))
4609 warn allow-scripts   esbuild@0.28.2 (postinstall: node install.js)
4609 warn allow-scripts   workerd@1.20260704.1 (postinstall: node install.js)
4609 warn allow-scripts   msgpackr-extract@3.0.4 (install: node-gyp-build-optional-packages)
4609 warn allow-scripts
4609 warn allow-scripts Run `npm approve-scripts --allow-scripts-pending` to review, or `npm approve-scripts <pkg>` to allow.
4610 verbose cwd C:\Users\hp\Documents\consignment-tracking-system
4611 verbose os Windows_NT 10.0.22000
4612 verbose node v24.18.1
4613 verbose npm  v11.16.0
4614 verbose exit 0
4615 info ok
